Title,Description,Amount(in rupees),Price (in rupees),location,Carpet Area,Status,Floor,Transaction,Furnishing,facing,overlooking,Society,Bathroom,Balcony,Car Parking,Ownership,Super Area,Dimensions,Plot Area
Property 0,A nice property,57 Lac,5797762,Hyderabad,984 sqft,Ready,21,Ready to Move,Unfurnished,North,Park,Society 26,5.0,,0.0,Leasehold,5601 sqft,NA,3891 sqft
Property 1,A nice property,1.4 Cr,13839685,Mumbai,3421 sqft,Ready,Ground,Under Construction,Semi-Furnished,North,Main Road,NA,5.0,,2.0,Freehold,1449 sqft,NA,609 sqft
Property 2,A nice property,69 Lac,6968093,Jaipur,3722 sqft,Resale,25,Ready to Move,Unfurnished,South,Main Road,NA,,,,Leasehold,2571 sqft,NA,3490 sqft
Property 3,A nice property,26 Lac,2652532,Ahmedabad,4896 sqft,Resale,25,Under Construction,Semi-Furnished,North,NA,Society 36,3.0,0.0,3.0,Freehold,1558 sqft,NA,710 sqft
Property 4,A nice property,64 Lac,6495911,Ahmedabad,3211 sqft,Resale,25,Under Construction,Furnished,West,Main Road,NA,1.0,1.0,3.0,Freehold,1707 sqft,NA,1484 sqft
Property 5,A nice property,61 Lac,6166514,Pune,4010 sqft,Under Construction,11,Under Construction,Semi-Furnished,South,NA,Society 19,2.0,1.0,2.0,Leasehold,2006 sqft,NA,NA
Property 6,A nice property,72 Lac,7221232,Hyderabad,3944 sqft,Under Construction,Ground,Ready to Move,Semi-Furnished,South,Park,Society 34,3.0,,3.0,Leasehold,3865 sqft,NA,NA
Property 7,A nice property,54 Lac,5414563,Vadodara,1822 sqft,Ready,Ground,Ready to Move,Semi-Furnished,North,Main Road,Society 2,3.0,2.0,3.0,Leasehold,3622 sqft,NA,556 sqft
Property 8,A nice property,82 Lac,8249655,Delhi,3056 sqft,Under Construction,10,Ready to Move,Semi-Furnished,East,Main Road,Society 2,3.0,1.0,,Leasehold,5771 sqft,NA,500 sqft
Property 9,A nice property,59 Lac,5981058,Ghaziabad,3683 sqft,Ready,23,Ready to Move,Unfurnished,East,Park,Society 34,2.0,0.0,1.0,Freehold,4310 sqft,NA,2098 sqft
Property 10,A nice property,31 Lac,3124900,Surat,2106 sqft,Under Construction,4,Ready to Move,Semi-Furnished,East,Park,Society 38,5.0,0.0,3.0,Leasehold,3232 sqft,NA,1759 sqft
Property 11,A nice property,1.2 Cr,11539891,Bangalore,4479 sqft,Resale,12,Under Construction,Unfurnished,South,NA,Society 37,1.0,3.0,1.0,Leasehold,3875 sqft,NA,3754 sqft
Property 12,A nice property,1.2 Cr,11798763,Mumbai,2574 sqft,Ready,Ground,Ready to Move,Semi-Furnished,West,Main Road,NA,3.0,2.0,,Freehold,760 sqft,NA,NA
Property 13,A nice property,65 Lac,6566508,Delhi,2446 sqft,Resale,17,Ready to Move,Unfurnished,West,NA,Society 41,2.0,0.0,2.0,Leasehold,2479 sqft,NA,NA
Property 14,A nice property,31 Lac,3168921,Kolkata,3063 sqft,Resale,25,Ready to Move,Semi-Furnished,West,Park,Society 5,2.0,0.0,1.0,Freehold,1169 sqft,NA,1766 sqft
Property 15,A nice property,69 Lac,6997543,Ahmedabad,1782 sqft,Resale,11,Under Construction,Furnished,North,Main Road,Society 1,3.0,0.0,,Leasehold,1774 sqft,NA,2061 sqft
Property 16,A nice property,75 Lac,7568075,Kochi,4393 sqft,Resale,Ground,Under Construction,Semi-Furnished,East,Main Road,Society 38,3.0,0.0,1.0,Leasehold,2440 sqft,NA,1077 sqft
Property 17,A nice property,63 Lac,6372937,Ludhiana,1072 sqft,Under Construction,7,Ready to Move,Furnished,South,Main Road,Society 47,3.0,1.0,1.0,Leasehold,1575 sqft,NA,4943 sqft
Property 18,A nice property,90 Lac,9049773,Mumbai,3980 sqft,Under Construction,8,Under Construction,Semi-Furnished,West,Park,Society 25,,1.0,2.0,Freehold,1788 sqft,NA,3974 sqft
Property 19,A nice property,37 Lac,3724524,Vadodara,4012 sqft,Resale,Ground,Ready to Move,Semi-Furnished,North,Park,Society 11,2.0,,3.0,Freehold,1291 sqft,NA,1893 sqft
Property 20,A nice property,27 Lac,2725046,Kolkata,4941 sqft,Resale,18,Ready to Move,Semi-Furnished,East,Main Road,Society 26,1.0,1.0,2.0,Freehold,4708 sqft,NA,NA
Property 21,A nice property,24 Lac,2442231,Vadodara,1698 sqft,Resale,17,Ready to Move,Semi-Furnished,South,Park,Society 1,3.0,3.0,1.0,Leasehold,5023 sqft,NA,4328 sqft
Property 22,A nice property,32 Lac,3293783,Surat,3781 sqft,Under Construction,Ground,Ready to Move,Furnished,West,Park,Society 34,4.0,2.0,1.0,Freehold,1628 sqft,NA,3707 sqft
Property 23,A nice property,51 Lac,5193120,Ahmedabad,2589 sqft,Under Construction,23,Ready to Move,Furnished,South,NA,NA,1.0,0.0,3.0,Freehold,4368 sqft,NA,3500 sqft
Property 24,A nice property,32 Lac,3282494,Chandigarh,2688 sqft,Ready,4,Ready to Move,Unfurnished,East,Park,NA,2.0,0.0,2.0,Freehold,838 sqft,NA,3354 sqft
Property 25,A nice property,39 Lac,3950142,Ghaziabad,2265 sqft,Ready,3,Ready to Move,Furnished,North,NA,Society 30,4.0,,,Freehold,3226 sqft,NA,NA
Property 26,A nice property,56 Lac,5696534,Jaipur,3305 sqft,Ready,5,Ready to Move,Unfurnished,North,NA,NA,1.0,0.0,,Freehold,2155 sqft,NA,987 sqft
Property 27,A nice property,88 Lac,8826428,Mumbai,1247 sqft,Ready,Ground,Ready to Move,Unfurnished,North,Main Road,Society 12,4.0,3.0,1.0,Leasehold,2702 sqft,NA,1539 sqft
Property 28,A nice property,50 Lac,5044467,Chennai,4284 sqft,Under Construction,10,Ready to Move,Unfurnished,East,Park,Society 27,5.0,2.0,,Freehold,1851 sqft,NA,1598 sqft
Property 29,A nice property,23 Lac,2310860,Surat,3639 sqft,Ready,5,Under Construction,Semi-Furnished,West,NA,NA,3.0,0.0,3.0,Freehold,4746 sqft,NA,1865 sqft
Property 30,A nice property,52 Lac,5217811,Indore,1357 sqft,Resale,Ground,Ready to Move,Furnished,South,Park,Society 17,,,,Freehold,3278 sqft,NA,NA
Property 31,A nice property,58 Lac,5811448,Jaipur,4987 sqft,Under Construction,Ground,Under Construction,Furnished,West,Park,Society 14,5.0,1.0,,Freehold,5008 sqft,NA,3025 sqft
Property 32,A nice property,84 Lac,8446278,Pune,2160 sqft,Resale,25,Under Construction,Furnished,West,Park,Society 39,2.0,,1.0,Freehold,5160 sqft,NA,NA
Property 33,A nice property,66 Lac,6672402,Kolkata,1022 sqft,Under Construction,Ground,Ready to Move,Furnished,West,Park,Society 42,,1.0,,Freehold,5217 sqft,NA,NA
Property 34,A nice property,34 Lac,3463080,Indore,2799 sqft,Under Construction,10,Ready to Move,Unfurnished,East,NA,NA,1.0,2.0,0.0,Freehold,1452 sqft,NA,3849 sqft
Property 35,A nice property,98 Lac,9879288,Hyderabad,3689 sqft,Resale,4,Under Construction,Furnished,West,NA,Society 34,1.0,3.0,,Freehold,1350 sqft,NA,4906 sqft
Property 36,A nice property,76 Lac,7685513,Delhi,923 sqft,Resale,23,Under Construction,Semi-Furnished,South,Main Road,Society 32,4.0,,2.0,Leasehold,5066 sqft,NA,NA
Property 37,A nice property,32 Lac,3278478,Bhopal,1196 sqft,Under Construction,8,Under Construction,Furnished,East,NA,Society 6,5.0,2.0,1.0,Leasehold,3300 sqft,NA,1872 sqft
Property 38,A nice property,1.4 Cr,13659627,Hyderabad,2141 sqft,Ready,7,Ready to Move,Unfurnished,West,Park,NA,3.0,3.0,1.0,Freehold,5705 sqft,NA,NA
Property 39,A nice property,33 Lac,3339890,Nagpur,2377 sqft,Under Construction,3,Ready to Move,Furnished,East,Park,Society 19,5.0,2.0,1.0,Leasehold,2066 sqft,NA,4928 sqft
Property 40,A nice property,47 Lac,4734756,Nagpur,4527 sqft,Ready,25,Under Construction,Unfurnished,South,Park,Society 43,,,2.0,Freehold,898 sqft,NA,2706 sqft
Property 41,A nice property,43 Lac,4360144,Ludhiana,2311 sqft,Ready,3,Under Construction,Unfurnished,North,Park,NA,3.0,3.0,,Freehold,4095 sqft,NA,3376 sqft
Property 42,A nice property,52 Lac,5299367,Jaipur,3327 sqft,Ready,16,Ready to Move,Semi-Furnished,South,NA,NA,5.0,1.0,2.0,Leasehold,2491 sqft,NA,934 sqft
Property 43,A nice property,1.2 Cr,11648322,Bangalore,3083 sqft,Resale,2,Under Construction,Semi-Furnished,East,NA,Society 14,2.0,3.0,1.0,Leasehold,899 sqft,NA,2381 sqft
Property 44,A nice property,79 Lac,7904446,Chandigarh,725 sqft,Ready,2,Ready to Move,Unfurnished,West,Park,Society 2,1.0,0.0,0.0,Leasehold,2843 sqft,NA,NA
Property 45,A nice property,76 Lac,7640523,Vadodara,2335 sqft,Ready,17,Ready to Move,Semi-Furnished,North,NA,Society 10,5.0,1.0,3.0,Leasehold,1653 sqft,NA,4796 sqft
Property 46,A nice property,86 Lac,8673634,Hyderabad,2156 sqft,Ready,16,Ready to Move,Furnished,West,NA,Society 30,2.0,,2.0,Freehold,3821 sqft,NA,4231 sqft
Property 47,A nice property,61 Lac,6146590,Bhopal,1561 sqft,Under Construction,9,Ready to Move,Unfurnished,East,NA,Society 1,4.0,,,Freehold,3518 sqft,NA,NA
Property 48,A nice property,1.1 Cr,11309229,Delhi,4523 sqft,Under Construction,10,Ready to Move,Furnished,South,NA,NA,2.0,3.0,,Freehold,1767 sqft,NA,4722 sqft
Property 49,A nice property,38 Lac,3866795,Vadodara,2587 sqft,Ready,25,Ready to Move,Semi-Furnished,North,Main Road,Society 37,1.0,0.0,1.0,Freehold,4415 sqft,NA,2650 sqft
Property 50,A nice property,26 Lac,2644848,Lucknow,2275 sqft,Resale,4,Ready to Move,Furnished,South,Park,Society 46,5.0,,2.0,Freehold,2071 sqft,NA,2265 sqft
Property 51,A nice property,56 Lac,5628046,Ludhiana,3849 sqft,Under Construction,Ground,Under Construction,Furnished,South,NA,NA,,0.0,3.0,Freehold,3946 sqft,NA,1298 sqft
Property 52,A nice property,70 Lac,7049190,Nagpur,2560 sqft,Resale,7,Under Construction,Furnished,West,NA,Society 42,2.0,3.0,0.0,Freehold,1432 sqft,NA,NA
Property 53,A nice property,27 Lac,2773785,Ghaziabad,3234 sqft,Ready,12,Under Construction,Unfurnished,East,Main Road,Society 1,4.0,0.0,,Freehold,5232 sqft,NA,719 sqft
Property 54,A nice property,44 Lac,4490533,Kolkata,2918 sqft,Ready,5,Under Construction,Furnished,South,Park,NA,4.0,3.0,1.0,Freehold,5340 sqft,NA,4499 sqft
Property 55,A nice property,1.1 Cr,11217353,Delhi,3718 sqft,Ready,Ground,Ready to Move,Semi-Furnished,South,NA,Society 16,4.0,1.0,3.0,Leasehold,1543 sqft,NA,651 sqft
Property 56,A nice property,1.2 Cr,11937465,Bangalore,4419 sqft,Ready,Ground,Under Construction,Furnished,West,NA,Society 9,1.0,,3.0,Freehold,779 sqft,NA,1725 sqft
Property 57,A nice property,69 Lac,6992627,Ahmedabad,4971 sqft,Ready,Ground,Under Construction,Furnished,North,NA,Society 45,2.0,3.0,2.0,Leasehold,5408 sqft,NA,1206 sqft
Property 58,A nice property,24 Lac,2449274,Lucknow,3543 sqft,Under Construction,6,Under Construction,Unfurnished,North,Park,Society 23,1.0,,1.0,Leasehold,3519 sqft,NA,967 sqft
Property 59,A nice property,84 Lac,8461182,Delhi,3126 sqft,Ready,Ground,Under Construction,Unfurnished,East,NA,Society 45,2.0,2.0,0.0,Freehold,2545 sqft,NA,NA
Property 60,A nice property,52 Lac,5228585,Ahmedabad,2742 sqft,Under Construction,20,Under Construction,Unfurnished,East,Park,Society 17,2.0,3.0,2.0,Leasehold,1493 sqft,NA,NA
Property 61,A nice property,96 Lac,9676184,Hyderabad,3546 sqft,Under Construction,19,Ready to Move,Semi-Furnished,East,Main Road,Society 6,3.0,1.0,3.0,Freehold,1048 sqft,NA,NA
Property 62,A nice property,38 Lac,3890008,Bhopal,4800 sqft,Under Construction,19,Under Construction,Unfurnished,East,Park,Society 29,,1.0,2.0,Freehold,852 sqft,NA,NA
Property 63,A nice property,49 Lac,4977952,Jaipur,4673 sqft,Under Construction,17,Under Construction,Unfurnished,North,Park,Society 50,2.0,1.0,0.0,Freehold,1268 sqft,NA,4011 sqft
Property 64,A nice property,43 Lac,4366738,Chandigarh,4417 sqft,Under Construction,7,Under Construction,Furnished,North,Park,Society 44,1.0,3.0,2.0,Leasehold,4465 sqft,NA,3184 sqft
Property 65,A nice property,33 Lac,3330065,Nagpur,1407 sqft,Under Construction,Ground,Ready to Move,Semi-Furnished,West,Main Road,NA,2.0,,2.0,Freehold,5631 sqft,NA,1784 sqft
Property 66,A nice property,37 Lac,3711474,Chennai,4446 sqft,Resale,25,Ready to Move,Unfurnished,South,Park,Society 26,2.0,2.0,3.0,Leasehold,2181 sqft,NA,2032 sqft
Property 67,A nice property,56 Lac,5699109,Nagpur,3223 sqft,Ready,24,Under Construction,Furnished,South,NA,Society 18,3.0,0.0,,Leasehold,3353 sqft,NA,4661 sqft
Property 68,A nice property,33 Lac,3335526,Nagpur,2264 sqft,Under Construction,7,Under Construction,Unfurnished,South,Main Road,Society 33,1.0,3.0,1.0,Freehold,1227 sqft,NA,1285 sqft
Property 69,A nice property,41 Lac,4144443,Kolkata,3636 sqft,Ready,Ground,Ready to Move,Semi-Furnished,East,Park,Society 8,1.0,0.0,1.0,Leasehold,2547 sqft,NA,2656 sqft
Property 70,A nice property,56 Lac,5665726,Jaipur,3163 sqft,Ready,Ground,Under Construction,Unfurnished,East,NA,Society 46,3.0,0.0,1.0,Freehold,3951 sqft,NA,NA
Property 71,A nice property,1.2 Cr,12115872,Delhi,3990 sqft,Ready,23,Ready to Move,Furnished,West,NA,Society 32,2.0,1.0,1.0,Freehold,5920 sqft,NA,1081 sqft
Property 72,A nice property,57 Lac,5790773,Ludhiana,974 sqft,Under Construction,15,Under Construction,Furnished,South,Park,Society 24,5.0,1.0,2.0,Freehold,2091 sqft,NA,1491 sqft
Property 73,A nice property,52 Lac,5221015,Chennai,2412 sqft,Under Construction,4,Ready to Move,Furnished,West,Main Road,Society 46,3.0,0.0,3.0,Freehold,1978 sqft,NA,1824 sqft
Property 74,A nice property,30 Lac,3054303,Vadodara,1795 sqft,Ready,12,Under Construction,Unfurnished,North,Park,Society 10,1.0,3.0,1.0,Leasehold,2297 sqft,NA,3262 sqft
Property 75,A nice property,34 Lac,3403948,Ahmedabad,732 sqft,Resale,Ground,Ready to Move,Unfurnished,West,Main Road,Society 9,3.0,3.0,0.0,Freehold,5150 sqft,NA,NA
Property 76,A nice property,54 Lac,5433825,Chennai,2736 sqft,Under Construction,17,Under Construction,Semi-Furnished,East,Main Road,Society 3,3.0,1.0,2.0,Freehold,847 sqft,NA,4462 sqft
Property 77,A nice property,78 Lac,7854898,Chandigarh,4020 sqft,Ready,4,Ready to Move,Unfurnished,West,Park,Society 30,,1.0,1.0,Leasehold,1315 sqft,NA,2609 sqft
Property 78,A nice property,60 Lac,6041936,Bhopal,3018 sqft,Ready,11,Under Construction,Furnished,North,Park,Society 40,4.0,2.0,1.0,Freehold,2463 sqft,NA,861 sqft
Property 79,A nice property,52 Lac,5270219,Jaipur,1848 sqft,Under Construction,4,Under Construction,Unfurnished,East,Main Road,Society 27,1.0,0.0,2.0,Freehold,4376 sqft,NA,1927 sqft
Property 80,A nice property,26 Lac,2619712,Vadodara,2207 sqft,Under Construction,16,Under Construction,Semi-Furnished,East,Park,Society 5,5.0,3.0,3.0,Freehold,962 sqft,NA,4733 sqft
Property 81,A nice property,61 Lac,6135674,Ahmedabad,3302 sqft,Ready,23,Ready to Move,Unfurnished,North,NA,NA,1.0,2.0,0.0,Leasehold,2146 sqft,NA,NA
Property 82,A nice property,45 Lac,4551244,Indore,2484 sqft,Ready,24,Ready to Move,Unfurnished,West,Main Road,Society 37,4.0,1.0,,Freehold,944 sqft,NA,4924 sqft
Property 83,A nice property,1.7 Cr,16804797,Bangalore,3711 sqft,Resale,11,Under Construction,Furnished,North,Main Road,Society 43,1.0,2.0,,Leasehold,5334 sqft,NA,NA
Property 84,A nice property,56 Lac,5692793,Ahmedabad,2613 sqft,Ready,13,Ready to Move,Semi-Furnished,West,Park,Society 9,5.0,2.0,3.0,Freehold,5287 sqft,NA,NA
Property 85,A nice property,1.6 Cr,15865677,Bangalore,4690 sqft,Under Construction,20,Under Construction,Unfurnished,West,Park,Society 17,3.0,0.0,,Freehold,1445 sqft,NA,2018 sqft
Property 86,A nice property,20 Lac,2099552,Indore,3365 sqft,Under Construction,22,Under Construction,Semi-Furnished,West,Park,NA,2.0,0.0,,Freehold,5588 sqft,NA,NA
Property 87,A nice property,43 Lac,4327793,Bhopal,2708 sqft,Ready,Ground,Ready to Move,Unfurnished,South,Main Road,Society 12,5.0,3.0,3.0,Leasehold,3253 sqft,NA,NA
Property 88,A nice property,49 Lac,4983505,Jaipur,4602 sqft,Resale,18,Ready to Move,Semi-Furnished,East,NA,NA,2.0,1.0,,Leasehold,740 sqft,NA,684 sqft
Property 89,A nice property,1.8 Cr,17609828,Delhi,4618 sqft,Ready,14,Ready to Move,Semi-Furnished,South,Main Road,Society 40,3.0,1.0,3.0,Leasehold,1312 sqft,NA,669 sqft
Property 90,A nice property,48 Lac,4812989,Kolkata,4375 sqft,Ready,3,Under Construction,Unfurnished,West,Main Road,NA,2.0,1.0,3.0,Freehold,2971 sqft,NA,4577 sqft
Property 91,A nice property,33 Lac,3393561,Ghaziabad,1978 sqft,Under Construction,Ground,Under Construction,Unfurnished,East,NA,Society 26,3.0,1.0,1.0,Freehold,3879 sqft,NA,2222 sqft
Property 92,A nice property,31 Lac,3198039,Indore,3485 sqft,Resale,Ground,Under Construction,Unfurnished,East,Main Road,NA,5.0,3.0,2.0,Freehold,5747 sqft,NA,NA
Property 93,A nice property,44 Lac,4468309,Kolkata,1986 sqft,Ready,Ground,Ready to Move,Furnished,North,Park,Society 37,,1.0,2.0,Leasehold,3874 sqft,NA,3136 sqft
Property 94,A nice property,34 Lac,3431931,Visakhapatnam,1746 sqft,Resale,1,Under Construction,Unfurnished,South,Park,Society 12,2.0,,1.0,Leasehold,1374 sqft,NA,1703 sqft
Property 95,A nice property,78 Lac,7805621,Bhopal,4600 sqft,Resale,Ground,Under Construction,Furnished,East,NA,NA,1.0,0.0,2.0,Leasehold,2635 sqft,NA,1555 sqft
Property 96,A nice property,23 Lac,2362683,Chandigarh,2107 sqft,Ready,4,Under Construction,Furnished,West,NA,Society 40,1.0,,,Freehold,4001 sqft,NA,3560 sqft
Property 97,A nice property,95 Lac,9540161,Pune,1081 sqft,Under Construction,17,Ready to Move,Semi-Furnished,East,Main Road,Society 39,,3.0,2.0,Freehold,993 sqft,NA,NA
Property 98,A nice property,70 Lac,7011117,Jaipur,4892 sqft,Under Construction,3,Under Construction,Semi-Furnished,North,NA,Society 10,4.0,2.0,0.0,Freehold,4512 sqft,NA,700 sqft
Property 99,A nice property,1.1 Cr,10660068,Pune,877 sqft,Resale,13,Under Construction,Furnished,South,Park,Society 48,3.0,3.0,2.0,Freehold,4757 sqft,NA,NA
Property 100,A nice property,41 Lac,4187114,Ahmedabad,1208 sqft,Under Construction,19,Under Construction,Furnished,North,Main Road,Society 47,5.0,2.0,1.0,Freehold,1870 sqft,NA,3976 sqft
Property 101,A nice property,32 Lac,3235810,Vadodara,997 sqft,Under Construction,Ground,Ready to Move,Furnished,South,Park,Society 14,2.0,3.0,1.0,Leasehold,4721 sqft,NA,NA
Property 102,A nice property,50 Lac,5072083,Vadodara,652 sqft,Ready,6,Under Construction,Furnished,West,Main Road,Society 36,,2.0,1.0,Freehold,1983 sqft,NA,NA
Property 103,A nice property,44 Lac,4424094,Jaipur,3978 sqft,Resale,7,Ready to Move,Semi-Furnished,South,Park,Society 26,2.0,,0.0,Leasehold,997 sqft,NA,3280 sqft
Property 104,A nice property,70 Lac,7069138,Ghaziabad,1726 sqft,Resale,20,Under Construction,Unfurnished,West,Main Road,Society 30,4.0,0.0,1.0,Leasehold,5883 sqft,NA,1411 sqft
Property 105,A nice property,57 Lac,5773992,Surat,2495 sqft,Ready,Ground,Under Construction,Furnished,North,Main Road,Society 29,4.0,,3.0,Leasehold,3012 sqft,NA,2229 sqft
Property 106,A nice property,64 Lac,6466103,Ghaziabad,1156 sqft,Resale,8,Under Construction,Furnished,West,NA,Society 24,2.0,0.0,1.0,Freehold,3685 sqft,NA,1748 sqft
Property 107,A nice property,24 Lac,2441230,Bhopal,1837 sqft,Resale,Ground,Ready to Move,Semi-Furnished,North,Park,Society 28,2.0,2.0,1.0,Leasehold,1097 sqft,NA,2033 sqft
Property 108,A nice property,51 Lac,5149429,Nagpur,674 sqft,Resale,9,Ready to Move,Semi-Furnished,North,Main Road,NA,4.0,3.0,3.0,Leasehold,5380 sqft,NA,2838 sqft
Property 109,A nice property,42 Lac,4280140,Ahmedabad,2391 sqft,Ready,25,Ready to Move,Furnished,East,NA,NA,,0.0,1.0,Leasehold,5217 sqft,NA,NA
Property 110,A nice property,73 Lac,7348886,Pune,4742 sqft,Under Construction,9,Ready to Move,Unfurnished,West,Park,Society 12,1.0,,0.0,Leasehold,758 sqft,NA,538 sqft
Property 111,A nice property,60 Lac,6045712,Kochi,4335 sqft,Under Construction,21,Ready to Move,Semi-Furnished,North,NA,NA,5.0,2.0,,Freehold,4254 sqft,NA,3325 sqft
Property 112,A nice property,26 Lac,2697148,Visakhapatnam,3657 sqft,Resale,Ground,Ready to Move,Semi-Furnished,East,NA,Society 17,2.0,,1.0,Leasehold,2376 sqft,NA,825 sqft
Property 113,A nice property,1.5 Cr,15358006,Delhi,1095 sqft,Under Construction,22,Ready to Move,Semi-Furnished,North,Main Road,Society 16,1.0,,,Leasehold,3574 sqft,NA,4173 sqft
Property 114,A nice property,1.7 Cr,16989056,Bangalore,4558 sqft,Ready,13,Under Construction,Semi-Furnished,West,Park,NA,2.0,2.0,0.0,Freehold,2573 sqft,NA,NA
Property 115,A nice property,1.1 Cr,10680009,Hyderabad,4596 sqft,Under Construction,Ground,Under Construction,Unfurnished,South,Main Road,Society 34,3.0,0.0,0.0,Freehold,2674 sqft,NA,2706 sqft
Property 116,A nice property,41 Lac,4171116,Pune,728 sqft,Ready,5,Under Construction,Semi-Furnished,East,Park,Society 49,2.0,1.0,2.0,Leasehold,2394 sqft,NA,NA
Property 117,A nice property,78 Lac,7826761,Chennai,654 sqft,Resale,4,Ready to Move,Semi-Furnished,North,Main Road,Society 10,4.0,2.0,,Freehold,3668 sqft,NA,3445 sqft
Property 118,A nice property,74 Lac,7425828,Surat,4959 sqft,Ready,16,Ready to Move,Furnished,South,Park,Society 26,2.0,3.0,,Leasehold,923 sqft,NA,NA
Property 119,A nice property,35 Lac,3585818,Ludhiana,3969 sqft,Ready,21,Ready to Move,Unfurnished,West,Main Road,NA,2.0,0.0,,Leasehold,1617 sqft,NA,4469 sqft
Property 120,A nice property,98 Lac,9866241,Delhi,697 sqft,Ready,Ground,Ready to Move,Furnished,East,Main Road,NA,2.0,3.0,2.0,Freehold,3995 sqft,NA,NA
Property 121,A nice property,62 Lac,6291416,Bhopal,737 sqft,Resale,24,Under Construction,Furnished,South,Park,NA,3.0,,,Freehold,2235 sqft,NA,NA
Property 122,A nice property,72 Lac,7220787,Bhopal,4936 sqft,Under Construction,3,Under Construction,Semi-Furnished,South,Main Road,Society 42,5.0,0.0,,Leasehold,4150 sqft,NA,4468 sqft
Property 123,A nice property,60 Lac,6075342,Ludhiana,2850 sqft,Under Construction,1,Ready to Move,Unfurnished,North,NA,Society 45,2.0,3.0,,Freehold,1781 sqft,NA,3664 sqft
Property 124,A nice property,38 Lac,3863232,Chandigarh,4988 sqft,Ready,Ground,Ready to Move,Furnished,West,NA,Society 26,4.0,,3.0,Freehold,3366 sqft,NA,945 sqft
Property 125,A nice property,25 Lac,2579609,Kochi,2948 sqft,Ready,22,Under Construction,Semi-Furnished,North,Main Road,NA,5.0,1.0,1.0,Freehold,1258 sqft,NA,NA
Property 126,A nice property,29 Lac,2910391,Jaipur,740 sqft,Under Construction,10,Ready to Move,Unfurnished,East,NA,Society 48,5.0,0.0,2.0,Freehold,992 sqft,NA,3230 sqft
Property 127,A nice property,55 Lac,5591991,Vadodara,4714 sqft,Resale,4,Ready to Move,Furnished,South,Park,Society 20,1.0,2.0,1.0,Freehold,3258 sqft,NA,4895 sqft
Property 128,A nice property,95 Lac,9556502,Mumbai,4127 sqft,Ready,22,Ready to Move,Furnished,West,NA,Society 43,3.0,2.0,,Leasehold,5420 sqft,NA,1274 sqft
Property 129,A nice property,60 Lac,6061272,Hyderabad,2068 sqft,Under Construction,25,Under Construction,Unfurnished,North,Park,Society 3,2.0,2.0,1.0,Freehold,2929 sqft,NA,NA
Property 130,A nice property,49 Lac,4919044,Vadodara,1476 sqft,Ready,15,Under Construction,Unfurnished,North,NA,Society 47,5.0,1.0,3.0,Freehold,3795 sqft,NA,802 sqft
Property 131,A nice property,51 Lac,5188306,Jaipur,1389 sqft,Ready,22,Ready to Move,Furnished,South,Main Road,Society 5,5.0,1.0,0.0,Leasehold,1679 sqft,NA,NA
Property 132,A nice property,48 Lac,4879161,Indore,4895 sqft,Ready,17,Ready to Move,Unfurnished,East,Main Road,Society 8,5.0,2.0,1.0,Leasehold,4675 sqft,NA,NA
Property 133,A nice property,79 Lac,7935125,Hyderabad,1819 sqft,Resale,11,Under Construction,Unfurnished,South,NA,NA,1.0,1.0,0.0,Leasehold,2700 sqft,NA,4269 sqft
Property 134,A nice property,67 Lac,6749233,Lucknow,2574 sqft,Resale,Ground,Ready to Move,Unfurnished,East,NA,Society 37,2.0,0.0,1.0,Freehold,990 sqft,NA,1159 sqft
Property 135,A nice property,70 Lac,7058180,Surat,2172 sqft,Under Construction,1,Under Construction,Semi-Furnished,East,Main Road,Society 10,1.0,0.0,,Leasehold,3675 sqft,NA,2663 sqft
Property 136,A nice property,51 Lac,5108157,Chennai,4912 sqft,Resale,Ground,Under Construction,Unfurnished,West,Park,Society 35,3.0,2.0,3.0,Leasehold,1311 sqft,NA,NA
Property 137,A nice property,35 Lac,3552974,Chandigarh,2667 sqft,Resale,14,Ready to Move,Unfurnished,South,Main Road,Society 3,5.0,2.0,3.0,Leasehold,3468 sqft,NA,1761 sqft
Property 138,A nice property,1.1 Cr,11084473,Mumbai,3503 sqft,Ready,Ground,Ready to Move,Furnished,West,Main Road,Society 35,5.0,2.0,0.0,Freehold,1523 sqft,NA,626 sqft
Property 139,A nice property,28 Lac,2804196,Jaipur,2789 sqft,Under Construction,15,Ready to Move,Semi-Furnished,South,NA,Society 21,3.0,2.0,,Leasehold,2395 sqft,NA,4405 sqft
Property 140,A nice property,73 Lac,7361845,Kochi,3851 sqft,Ready,13,Under Construction,Unfurnished,South,NA,Society 25,4.0,3.0,,Freehold,2513 sqft,NA,NA
Property 141,A nice property,77 Lac,7719779,Chennai,1247 sqft,Ready,2,Under Construction,Furnished,East,Main Road,Society 48,1.0,,,Leasehold,1728 sqft,NA,2259 sqft
Property 142,A nice property,46 Lac,4667147,Kochi,3656 sqft,Ready,18,Under Construction,Semi-Furnished,North,Main Road,Society 45,4.0,0.0,0.0,Leasehold,940 sqft,NA,NA
Property 143,A nice property,86 Lac,8696936,Hyderabad,3926 sqft,Under Construction,25,Under Construction,Furnished,East,Park,NA,5.0,0.0,3.0,Leasehold,5547 sqft,NA,NA
Property 144,A nice property,35 Lac,3539808,Lucknow,4360 sqft,Ready,23,Ready to Move,Furnished,East,Park,Society 22,4.0,3.0,1.0,Freehold,3942 sqft,NA,NA
Property 145,A nice property,41 Lac,4139663,Kochi,2592 sqft,Resale,14,Ready to Move,Furnished,North,NA,Society 46,2.0,1.0,1.0,Leasehold,4330 sqft,NA,NA
Property 146,A nice property,20 Lac,2040524,Ludhiana,2450 sqft,Resale,23,Ready to Move,Semi-Furnished,North,Park,Society 4,1.0,1.0,2.0,Freehold,2363 sqft,NA,NA
Property 147,A nice property,27 Lac,2783397,Kolkata,3057 sqft,Under Construction,25,Under Construction,Semi-Furnished,South,Main Road,Society 15,4.0,3.0,2.0,Freehold,1151 sqft,NA,NA
Property 148,A nice property,93 Lac,9326583,Pune,1260 sqft,Resale,22,Ready to Move,Furnished,North,Park,Society 15,1.0,3.0,3.0,Freehold,5504 sqft,NA,NA
Property 149,A nice property,21 Lac,2192218,Nagpur,859 sqft,Ready,18,Ready to Move,Semi-Furnished,North,Park,NA,1.0,1.0,,Leasehold,1927 sqft,NA,4180 sqft
Property 150,A nice property,76 Lac,7675663,Chennai,1365 sqft,Ready,19,Ready to Move,Semi-Furnished,South,Park,Society 28,5.0,3.0,2.0,Freehold,3103 sqft,NA,3426 sqft
Property 151,A nice property,41 Lac,4190378,Vadodara,3920 sqft,Under Construction,18,Ready to Move,Furnished,North,NA,Society 7,1.0,1.0,3.0,Leasehold,700 sqft,NA,3218 sqft
Property 152,A nice property,37 Lac,3792447,Kochi,3706 sqft,Resale,Ground,Ready to Move,Semi-Furnished,East,Main Road,Society 17,5.0,1.0,0.0,Leasehold,4613 sqft,NA,3152 sqft
Property 153,A nice property,2.4 Cr,23613234,Mumbai,3689 sqft,Ready,13,Ready to Move,Unfurnished,South,Park,Society 40,2.0,0.0,,Leasehold,3234 sqft,NA,NA
Property 154,A nice property,71 Lac,7125989,Ludhiana,4499 sqft,Resale,19,Ready to Move,Unfurnished,North,Park,Society 37,4.0,2.0,0.0,Leasehold,1464 sqft,NA,NA
Property 155,A nice property,25 Lac,2510073,Indore,1059 sqft,Resale,Ground,Ready to Move,Semi-Furnished,West,Main Road,Society 50,3.0,3.0,3.0,Freehold,5924 sqft,NA,3991 sqft
Property 156,A nice property,79 Lac,7903463,Visakhapatnam,677 sqft,Ready,12,Under Construction,Unfurnished,East,Main Road,Society 3,5.0,,,Leasehold,2350 sqft,NA,NA
Property 157,A nice property,2.2 Cr,21955039,Mumbai,2003 sqft,Ready,10,Under Construction,Unfurnished,North,Park,Society 24,4.0,1.0,1.0,Freehold,3468 sqft,NA,4603 sqft
Property 158,A nice property,1.3 Cr,13194908,Hyderabad,1277 sqft,Under Construction,1,Ready to Move,Furnished,West,Main Road,Society 9,4.0,0.0,2.0,Freehold,5345 sqft,NA,1874 sqft
Property 159,A nice property,22 Lac,2224397,Nagpur,4694 sqft,Ready,5,Under Construction,Semi-Furnished,North,Main Road,Society 6,5.0,2.0,,Freehold,5875 sqft,NA,3038 sqft
Property 160,A nice property,64 Lac,6456227,Lucknow,4154 sqft,Under Construction,Ground,Ready to Move,Unfurnished,West,NA,Society 24,5.0,,0.0,Freehold,4137 sqft,NA,NA
Property 161,A nice property,62 Lac,6292662,Ahmedabad,3313 sqft,Resale,24,Under Construction,Unfurnished,East,NA,Society 1,1.0,,1.0,Freehold,4098 sqft,NA,1413 sqft
Property 162,A nice property,1.0 Cr,10042661,Bangalore,1381 sqft,Resale,25,Ready to Move,Furnished,North,Park,Society 27,1.0,2.0,0.0,Leasehold,3464 sqft,NA,920 sqft
Property 163,A nice property,48 Lac,4838726,Ahmedabad,4926 sqft,Under Construction,Ground,Ready to Move,Unfurnished,East,NA,Society 34,1.0,0.0,,Freehold,2656 sqft,NA,3313 sqft
Property 164,A nice property,64 Lac,6423330,Ghaziabad,948 sqft,Under Construction,4,Under Construction,Semi-Furnished,North,NA,Society 22,4.0,2.0,0.0,Freehold,2637 sqft,NA,3819 sqft
Property 165,A nice property,1.7 Cr,17050625,Delhi,2482 sqft,Resale,12,Under Construction,Semi-Furnished,East,Park,Society 10,1.0,1.0,0.0,Leasehold,5315 sqft,NA,3289 sqft
Property 166,A nice property,1.8 Cr,17555245,Delhi,2331 sqft,Ready,2,Under Construction,Unfurnished,South,NA,Society 42,5.0,3.0,,Leasehold,1108 sqft,NA,NA
Property 167,A nice property,50 Lac,5097312,Visakhapatnam,4495 sqft,Ready,8,Ready to Move,Unfurnished,West,Main Road,Society 42,1.0,0.0,1.0,Freehold,2521 sqft,NA,4143 sqft
Property 168,A nice property,2.0 Cr,19972208,Delhi,2820 sqft,Resale,10,Ready to Move,Unfurnished,South,Main Road,Society 19,,,,Freehold,3844 sqft,NA,3360 sqft
Property 169,A nice property,49 Lac,4955242,Vadodara,981 sqft,Under Construction,23,Under Construction,Unfurnished,East,NA,Society 1,2.0,3.0,1.0,Freehold,2545 sqft,NA,2675 sqft
Property 170,A nice property,1.2 Cr,11933156,Pune,1209 sqft,Under Construction,10,Under Construction,Semi-Furnished,North,NA,Society 20,3.0,2.0,,Leasehold,4939 sqft,NA,4667 sqft
Property 171,A nice property,72 Lac,7264885,Pune,2896 sqft,Resale,6,Under Construction,Unfurnished,North,Park,Society 8,4.0,2.0,2.0,Freehold,3664 sqft,NA,4228 sqft
Property 172,A nice property,55 Lac,5583266,Visakhapatnam,869 sqft,Ready,11,Ready to Move,Unfurnished,North,NA,Society 21,4.0,0.0,,Freehold,4636 sqft,NA,1468 sqft
Property 173,A nice property,41 Lac,4188257,Vadodara,2069 sqft,Under Construction,22,Ready to Move,Furnished,South,Park,Society 5,3.0,1.0,1.0,Freehold,2976 sqft,NA,3050 sqft
Property 174,A nice property,46 Lac,4690113,Chennai,3176 sqft,Ready,Ground,Ready to Move,Unfurnished,South,Main Road,Society 31,3.0,2.0,0.0,Leasehold,2343 sqft,NA,3194 sqft
Property 175,A nice property,42 Lac,4205454,Jaipur,728 sqft,Under Construction,14,Under Construction,Unfurnished,East,Park,Society 21,,3.0,0.0,Freehold,2512 sqft,NA,3659 sqft
Property 176,A nice property,73 Lac,7315422,Kochi,2297 sqft,Resale,23,Ready to Move,Semi-Furnished,South,Park,Society 7,5.0,2.0,0.0,Freehold,5656 sqft,NA,2104 sqft
Property 177,A nice property,67 Lac,6713024,Ludhiana,1781 sqft,Under Construction,1,Ready to Move,Furnished,South,Main Road,NA,4.0,0.0,2.0,Leasehold,1528 sqft,NA,4001 sqft
Property 178,A nice property,57 Lac,5760890,Surat,3862 sqft,Resale,Ground,Under Construction,Semi-Furnished,West,NA,Society 32,1.0,3.0,1.0,Leasehold,5517 sqft,NA,3243 sqft
Property 179,A nice property,51 Lac,5129428,Kolkata,1230 sqft,Under Construction,13,Ready to Move,Semi-Furnished,East,Main Road,NA,3.0,2.0,1.0,Freehold,3322 sqft,NA,1037 sqft
Property 180,A nice property,71 Lac,7141624,Vadodara,3051 sqft,Resale,4,Ready to Move,Furnished,North,NA,NA,2.0,1.0,,Leasehold,4831 sqft,NA,3726 sqft
Property 181,A nice property,57 Lac,5766074,Kolkata,1930 sqft,Resale,Ground,Under Construction,Unfurnished,East,Main Road,Society 23,2.0,1.0,0.0,Freehold,859 sqft,NA,2120 sqft
Property 182,A nice property,68 Lac,6818920,Lucknow,2569 sqft,Under Construction,22,Ready to Move,Semi-Furnished,West,NA,NA,3.0,0.0,,Freehold,795 sqft,NA,4111 sqft
Property 183,A nice property,67 Lac,6740859,Bhopal,3787 sqft,Ready,16,Ready to Move,Furnished,West,Park,Society 49,4.0,,3.0,Leasehold,926 sqft,NA,NA
Property 184,A nice property,79 Lac,7966954,Nagpur,3317 sqft,Resale,25,Under Construction,Unfurnished,North,NA,Society 43,3.0,0.0,0.0,Freehold,5227 sqft,NA,3352 sqft
Property 185,A nice property,60 Lac,6052666,Chandigarh,3744 sqft,Ready,6,Under Construction,Furnished,West,Main Road,NA,,3.0,,Freehold,3144 sqft,NA,2788 sqft
Property 186,A nice property,41 Lac,4180545,Kochi,1746 sqft,Resale,12,Under Construction,Furnished,South,Park,NA,3.0,2.0,3.0,Leasehold,1535 sqft,NA,4796 sqft
Property 187,A nice property,31 Lac,3115565,Chandigarh,1242 sqft,Under Construction,Ground,Under Construction,Unfurnished,South,NA,Society 40,1.0,2.0,3.0,Freehold,3910 sqft,NA,NA
Property 188,A nice property,98 Lac,9862648,Hyderabad,4702 sqft,Under Construction,21,Ready to Move,Unfurnished,South,Park,Society 38,4.0,2.0,0.0,Freehold,1860 sqft,NA,2516 sqft
Property 189,A nice property,44 Lac,4453235,Ahmedabad,3433 sqft,Resale,Ground,Ready to Move,Furnished,West,Main Road,Society 5,5.0,1.0,,Freehold,3789 sqft,NA,NA
Property 190,A nice property,33 Lac,3359152,Ahmedabad,1039 sqft,Under Construction,18,Under Construction,Semi-Furnished,North,Main Road,Society 34,2.0,0.0,,Freehold,4698 sqft,NA,2865 sqft
Property 191,A nice property,1.6 Cr,15603988,Delhi,1400 sqft,Under Construction,9,Ready to Move,Unfurnished,South,Park,Society 14,3.0,1.0,,Leasehold,3653 sqft,NA,4270 sqft
Property 192,A nice property,68 Lac,6873003,Indore,4180 sqft,Resale,19,Ready to Move,Furnished,West,Park,Society 13,,1.0,2.0,Leasehold,1058 sqft,NA,NA
Property 193,A nice property,99 Lac,9940328,Mumbai,2501 sqft,Resale,8,Under Construction,Unfurnished,West,Main Road,Society 12,3.0,3.0,3.0,Freehold,1457 sqft,NA,NA
Property 194,A nice property,45 Lac,4543756,Ghaziabad,1222 sqft,Ready,3,Under Construction,Unfurnished,West,Park,Society 20,5.0,0.0,0.0,Freehold,3240 sqft,NA,NA
Property 195,A nice property,37 Lac,3786741,Vadodara,3390 sqft,Ready,19,Ready to Move,Semi-Furnished,East,Main Road,Society 29,4.0,,,Leasehold,4226 sqft,NA,547 sqft
Property 196,A nice property,52 Lac,5226193,Ahmedabad,3849 sqft,Resale,11,Ready to Move,Semi-Furnished,East,Main Road,Society 39,5.0,3.0,,Freehold,4955 sqft,NA,NA
Property 197,A nice property,64 Lac,6447615,Ghaziabad,3273 sqft,Ready,19,Under Construction,Unfurnished,South,NA,NA,3.0,0.0,0.0,Freehold,2675 sqft,NA,NA
Property 198,A nice property,34 Lac,3405731,Ahmedabad,842 sqft,Under Construction,Ground,Under Construction,Semi-Furnished,North,Park,Society 28,1.0,,2.0,Leasehold,1693 sqft,NA,4274 sqft
Property 199,A nice property,2.4 Cr,24020024,Mumbai,2839 sqft,Under Construction,7,Ready to Move,Semi-Furnished,North,Park,NA,1.0,2.0,0.0,Freehold,2895 sqft,NA,2086 sqft
Property 200,A nice property,1.0 Cr,10479715,Delhi,4290 sqft,Under Construction,3,Ready to Move,Unfurnished,West,Park,Society 35,3.0,2.0,0.0,Leasehold,3905 sqft,NA,2662 sqft
Property 201,A nice property,1.3 Cr,12771054,Bangalore,4619 sqft,Resale,10,Under Construction,Furnished,South,Park,Society 9,,0.0,1.0,Leasehold,3671 sqft,NA,520 sqft
Property 202,A nice property,63 Lac,6321235,Ahmedabad,2468 sqft,Under Construction,10,Under Construction,Unfurnished,North,Park,Society 21,2.0,1.0,,Leasehold,744 sqft,NA,NA
Property 203,A nice property,92 Lac,9291898,Delhi,3514 sqft,Under Construction,18,Under Construction,Semi-Furnished,East,NA,Society 1,4.0,,0.0,Freehold,845 sqft,NA,1771 sqft
Property 204,A nice property,1.6 Cr,15817891,Bangalore,3675 sqft,Ready,14,Ready to Move,Semi-Furnished,North,Park,Society 31,2.0,2.0,,Leasehold,2544 sqft,NA,2615 sqft
Property 205,A nice property,61 Lac,6150231,Indore,4137 sqft,Resale,20,Under Construction,Unfurnished,East,NA,Society 5,3.0,0.0,3.0,Leasehold,5431 sqft,NA,3904 sqft
Property 206,A nice property,2.0 Cr,19868027,Delhi,2121 sqft,Resale,22,Ready to Move,Semi-Furnished,East,Park,Society 39,1.0,2.0,2.0,Leasehold,2794 sqft,NA,2722 sqft
Property 207,A nice property,76 Lac,7636248,Kochi,3713 sqft,Under Construction,6,Ready to Move,Furnished,West,Main Road,NA,2.0,1.0,,Leasehold,5886 sqft,NA,2183 sqft
Property 208,A nice property,64 Lac,6429183,Ahmedabad,1302 sqft,Resale,Ground,Ready to Move,Unfurnished,North,NA,Society 3,3.0,2.0,2.0,Freehold,3732 sqft,NA,NA
Property 209,A nice property,47 Lac,4749809,Jaipur,3019 sqft,Ready,17,Under Construction,Unfurnished,East,NA,Society 45,4.0,1.0,,Freehold,3655 sqft,NA,4431 sqft
Property 210,A nice property,25 Lac,2517835,Visakhapatnam,2618 sqft,Ready,Ground,Ready to Move,Unfurnished,West,Main Road,Society 50,1.0,3.0,3.0,Leasehold,4885 sqft,NA,4733 sqft
Property 211,A nice property,78 Lac,7811478,Kolkata,1202 sqft,Resale,7,Ready to Move,Furnished,North,NA,Society 6,2.0,3.0,1.0,Leasehold,3079 sqft,NA,2238 sqft
Property 212,A nice property,58 Lac,5801079,Vadodara,1272 sqft,Under Construction,24,Under Construction,Unfurnished,South,Main Road,Society 16,3.0,3.0,2.0,Freehold,3882 sqft,NA,NA
Property 213,A nice property,1.1 Cr,10732803,Pune,2795 sqft,Resale,Ground,Ready to Move,Semi-Furnished,North,Park,Society 11,1.0,0.0,3.0,Leasehold,3055 sqft,NA,3702 sqft
Property 214,A nice property,60 Lac,6036670,Ghaziabad,1863 sqft,Ready,21,Ready to Move,Furnished,North,Park,Society 38,,0.0,,Leasehold,5966 sqft,NA,1242 sqft
Property 215,A nice property,35 Lac,3520957,Ghaziabad,3712 sqft,Under Construction,20,Under Construction,Furnished,South,Park,Society 18,,3.0,,Freehold,2021 sqft,NA,NA
Property 216,A nice property,46 Lac,4662850,Visakhapatnam,1863 sqft,Resale,Ground,Ready to Move,Semi-Furnished,West,Main Road,Society 13,4.0,3.0,1.0,Freehold,1180 sqft,NA,4436 sqft
Property 217,A nice property,39 Lac,3950930,Ahmedabad,3791 sqft,Ready,Ground,Under Construction,Unfurnished,West,Main Road,Society 3,4.0,3.0,3.0,Leasehold,1500 sqft,NA,NA
Property 218,A nice property,24 Lac,2475859,Visakhapatnam,3194 sqft,Resale,Ground,Ready to Move,Semi-Furnished,East,NA,Society 5,1.0,3.0,2.0,Freehold,4812 sqft,NA,3091 sqft
Property 219,A nice property,62 Lac,6291471,Surat,3554 sqft,Resale,2,Under Construction,Unfurnished,North,Park,Society 23,5.0,,2.0,Leasehold,1564 sqft,NA,956 sqft
Property 220,A nice property,28 Lac,2897516,Kolkata,1472 sqft,Under Construction,12,Ready to Move,Unfurnished,North,Park,Society 23,1.0,,1.0,Leasehold,5988 sqft,NA,2048 sqft
Property 221,A nice property,95 Lac,9596049,Hyderabad,1349 sqft,Ready,8,Under Construction,Furnished,East,Main Road,Society 48,5.0,1.0,0.0,Freehold,5597 sqft,NA,3893 sqft
Property 222,A nice property,1.3 Cr,12890913,Hyderabad,642 sqft,Resale,22,Ready to Move,Furnished,South,Park,NA,2.0,0.0,,Freehold,874 sqft,NA,1831 sqft
Property 223,A nice property,20 Lac,2047852,Surat,3125 sqft,Resale,14,Ready to Move,Semi-Furnished,East,Park,Society 7,4.0,3.0,3.0,Freehold,1850 sqft,NA,NA
Property 224,A nice property,65 Lac,6557812,Nagpur,4243 sqft,Under Construction,3,Ready to Move,Furnished,West,Park,Society 29,5.0,2.0,,Leasehold,2449 sqft,NA,NA
Property 225,A nice property,53 Lac,5389447,Surat,3548 sqft,Resale,14,Under Construction,Unfurnished,East,Main Road,Society 46,4.0,,3.0,Freehold,2085 sqft,NA,797 sqft
Property 226,A nice property,56 Lac,5683269,Surat,2809 sqft,Ready,10,Ready to Move,Unfurnished,North,Park,Society 26,,0.0,1.0,Freehold,717 sqft,NA,726 sqft
Property 227,A nice property,63 Lac,6382531,Chandigarh,1437 sqft,Resale,9,Under Construction,Furnished,North,Main Road,Society 16,3.0,0.0,0.0,Leasehold,1477 sqft,NA,NA
Property 228,A nice property,1.7 Cr,17318975,Bangalore,1685 sqft,Under Construction,8,Under Construction,Semi-Furnished,North,Main Road,Society 8,1.0,,,Leasehold,3774 sqft,NA,1030 sqft
Property 229,A nice property,1.4 Cr,13988481,Hyderabad,1315 sqft,Under Construction,4,Under Construction,Unfurnished,East,Main Road,Society 4,4.0,0.0,1.0,Freehold,3551 sqft,NA,3939 sqft
Property 230,A nice property,1.0 Cr,10387900,Bangalore,2135 sqft,Under Construction,1,Under Construction,Unfurnished,South,Main Road,Society 31,3.0,3.0,,Freehold,1561 sqft,NA,3109 sqft
Property 231,A nice property,51 Lac,5130062,Bhopal,4130 sqft,Resale,10,Ready to Move,Furnished,East,Main Road,NA,2.0,3.0,0.0,Leasehold,5615 sqft,NA,4514 sqft
Property 232,A nice property,29 Lac,2908551,Indore,4276 sqft,Under Construction,18,Ready to Move,Unfurnished,West,Main Road,Society 38,3.0,0.0,0.0,Leasehold,4978 sqft,NA,1646 sqft
Property 233,A nice property,58 Lac,5803890,Hyderabad,4797 sqft,Ready,Ground,Ready to Move,Semi-Furnished,South,Park,Society 1,5.0,1.0,2.0,Freehold,5185 sqft,NA,NA
Property 234,A nice property,70 Lac,7053710,Ahmedabad,3942 sqft,Ready,2,Ready to Move,Furnished,East,NA,Society 21,2.0,,,Freehold,5647 sqft,NA,NA
Property 235,A nice property,38 Lac,3866022,Kolkata,1446 sqft,Resale,9,Ready to Move,Furnished,East,NA,Society 8,5.0,2.0,3.0,Leasehold,757 sqft,NA,2973 sqft
Property 236,A nice property,76 Lac,7698600,Kolkata,815 sqft,Resale,9,Under Construction,Unfurnished,West,Park,Society 2,,1.0,0.0,Leasehold,4025 sqft,NA,NA
Property 237,A nice property,33 Lac,3331666,Vadodara,1334 sqft,Ready,9,Ready to Move,Furnished,North,Main Road,Society 16,2.0,2.0,0.0,Leasehold,829 sqft,NA,4905 sqft
Property 238,A nice property,43 Lac,4377360,Chandigarh,3499 sqft,Ready,6,Under Construction,Furnished,East,Main Road,Society 46,4.0,3.0,1.0,Leasehold,5564 sqft,NA,NA
Property 239,A nice property,1.0 Cr,10424429,Pune,1362 sqft,Ready,2,Ready to Move,Unfurnished,North,NA,Society 12,1.0,2.0,3.0,Leasehold,1618 sqft,NA,NA
Property 240,A nice property,60 Lac,6046129,Surat,3257 sqft,Ready,Ground,Under Construction,Furnished,West,Main Road,NA,1.0,1.0,0.0,Leasehold,4686 sqft,NA,3129 sqft
Property 241,A nice property,25 Lac,2595823,Chennai,3755 sqft,Ready,1,Under Construction,Semi-Furnished,East,Park,Society 44,2.0,3.0,2.0,Leasehold,3559 sqft,NA,1270 sqft
Property 242,A nice property,74 Lac,7416575,Jaipur,701 sqft,Ready,3,Ready to Move,Semi-Furnished,East,Park,Society 25,4.0,3.0,3.0,Freehold,964 sqft,NA,3905 sqft
Property 243,A nice property,79 Lac,7988544,Chandigarh,2990 sqft,Ready,10,Under Construction,Unfurnished,West,Park,Society 11,3.0,0.0,0.0,Leasehold,4439 sqft,NA,2360 sqft
Property 244,A nice property,73 Lac,7389767,Ahmedabad,3989 sqft,Under Construction,Ground,Under Construction,Unfurnished,North,Main Road,Society 48,4.0,0.0,3.0,Leasehold,3514 sqft,NA,4746 sqft
Property 245,A nice property,1.4 Cr,14440281,Delhi,3776 sqft,Ready,Ground,Ready to Move,Unfurnished,North,NA,Society 16,4.0,2.0,2.0,Leasehold,1682 sqft,NA,2217 sqft
Property 246,A nice property,71 Lac,7175011,Chandigarh,1293 sqft,Ready,12,Ready to Move,Furnished,East,Park,Society 35,4.0,2.0,3.0,Freehold,5438 sqft,NA,4761 sqft
Property 247,A nice property,69 Lac,6977904,Vadodara,2588 sqft,Ready,3,Under Construction,Unfurnished,East,NA,Society 44,4.0,1.0,3.0,Freehold,2023 sqft,NA,2480 sqft
Property 248,A nice property,65 Lac,6588769,Hyderabad,4868 sqft,Resale,24,Ready to Move,Unfurnished,South,Main Road,Society 41,3.0,,0.0,Leasehold,3893 sqft,NA,3015 sqft
Property 249,A nice property,1.4 Cr,13787323,Bangalore,1989 sqft,Resale,Ground,Under Construction,Semi-Furnished,North,Park,Society 48,5.0,0.0,,Leasehold,4480 sqft,NA,2432 sqft
Property 250,A nice property,48 Lac,4820280,Vadodara,3718 sqft,Under Construction,19,Under Construction,Unfurnished,South,Park,NA,5.0,1.0,2.0,Freehold,4576 sqft,NA,NA
Property 251,A nice property,1.4 Cr,13740441,Mumbai,1988 sqft,Resale,4,Ready to Move,Furnished,North,NA,Society 35,5.0,3.0,3.0,Leasehold,5893 sqft,NA,NA
Property 252,A nice property,86 Lac,8629948,Delhi,1737 sqft,Under Construction,19,Under Construction,Unfurnished,East,NA,NA,4.0,0.0,0.0,Freehold,3602 sqft,NA,1912 sqft
Property 253,A nice property,56 Lac,5683475,Ahmedabad,2802 sqft,Resale,Ground,Under Construction,Semi-Furnished,North,Main Road,Society 11,4.0,3.0,2.0,Leasehold,871 sqft,NA,3529 sqft
Property 254,A nice property,28 Lac,2885008,Chennai,3066 sqft,Resale,Ground,Ready to Move,Furnished,North,Main Road,Society 22,3.0,0.0,0.0,Leasehold,2998 sqft,NA,957 sqft
Property 255,A nice property,21 Lac,2170055,Surat,2798 sqft,Resale,3,Ready to Move,Unfurnished,East,Main Road,NA,3.0,,0.0,Leasehold,3986 sqft,NA,NA
Property 256,A nice property,20 Lac,2070835,Visakhapatnam,4639 sqft,Resale,4,Ready to Move,Unfurnished,East,Park,Society 19,3.0,1.0,0.0,Leasehold,1471 sqft,NA,3346 sqft
Property 257,A nice property,32 Lac,3232247,Visakhapatnam,1795 sqft,Under Construction,11,Ready to Move,Furnished,East,Park,Society 46,3.0,1.0,,Leasehold,3906 sqft,NA,4595 sqft
Property 258,A nice property,72 Lac,7223502,Kolkata,1118 sqft,Ready,19,Ready to Move,Unfurnished,North,Park,Society 14,3.0,2.0,2.0,Freehold,2006 sqft,NA,1332 sqft
Property 259,A nice property,50 Lac,5088287,Bhopal,1969 sqft,Under Construction,24,Ready to Move,Furnished,South,NA,Society 22,4.0,3.0,2.0,Freehold,1890 sqft,NA,NA
Property 260,A nice property,1.6 Cr,16274963,Bangalore,4160 sqft,Ready,14,Under Construction,Furnished,South,Main Road,Society 9,3.0,1.0,3.0,Freehold,5921 sqft,NA,NA
Property 261,A nice property,73 Lac,7373991,Chennai,2860 sqft,Resale,4,Ready to Move,Unfurnished,North,Park,Society 13,1.0,0.0,3.0,Freehold,4920 sqft,NA,NA
Property 262,A nice property,52 Lac,5235078,Bhopal,4049 sqft,Resale,9,Ready to Move,Unfurnished,South,NA,Society 30,2.0,1.0,3.0,Leasehold,5838 sqft,NA,2201 sqft
Property 263,A nice property,1.4 Cr,14393236,Mumbai,3055 sqft,Ready,9,Ready to Move,Furnished,North,Park,Society 2,4.0,3.0,2.0,Leasehold,3024 sqft,NA,2818 sqft
Property 264,A nice property,46 Lac,4668987,Bhopal,4566 sqft,Ready,Ground,Ready to Move,Semi-Furnished,East,NA,Society 33,4.0,,,Leasehold,2307 sqft,NA,4713 sqft
Property 265,A nice property,26 Lac,2618567,Jaipur,1230 sqft,Ready,18,Ready to Move,Furnished,East,NA,Society 49,3.0,0.0,0.0,Freehold,5648 sqft,NA,NA
Property 266,A nice property,66 Lac,6693362,Chandigarh,3558 sqft,Resale,4,Ready to Move,Furnished,North,NA,Society 28,1.0,1.0,,Freehold,4233 sqft,NA,4561 sqft
Property 267,A nice property,60 Lac,6075591,Lucknow,2661 sqft,Under Construction,14,Ready to Move,Semi-Furnished,East,Park,Society 33,4.0,0.0,,Freehold,3532 sqft,NA,NA
Property 268,A nice property,49 Lac,4943263,Surat,2620 sqft,Ready,8,Under Construction,Semi-Furnished,East,Main Road,Society 39,3.0,3.0,,Freehold,4181 sqft,NA,1316 sqft
Property 269,A nice property,57 Lac,5794975,Vadodara,4661 sqft,Under Construction,Ground,Ready to Move,Furnished,North,Main Road,Society 3,,3.0,,Freehold,5106 sqft,NA,772 sqft
Property 270,A nice property,24 Lac,2466306,Visakhapatnam,2201 sqft,Resale,Ground,Under Construction,Furnished,West,Main Road,Society 3,3.0,1.0,2.0,Leasehold,5913 sqft,NA,1108 sqft
Property 271,A nice property,96 Lac,9644427,Pune,4350 sqft,Ready,Ground,Ready to Move,Semi-Furnished,North,NA,Society 46,1.0,3.0,,Freehold,5271 sqft,NA,3615 sqft
Property 272,A nice property,37 Lac,3710519,Kolkata,1476 sqft,Under Construction,23,Under Construction,Semi-Furnished,East,NA,NA,,0.0,3.0,Leasehold,5934 sqft,NA,4469 sqft
Property 273,A nice property,35 Lac,3519447,Lucknow,1709 sqft,Resale,10,Under Construction,Furnished,West,Main Road,Society 6,2.0,1.0,0.0,Freehold,4788 sqft,NA,2930 sqft
Property 274,A nice property,23 Lac,2348630,Kolkata,3095 sqft,Resale,20,Ready to Move,Unfurnished,North,NA,Society 47,2.0,2.0,,Leasehold,2048 sqft,NA,2200 sqft
Property 275,A nice property,1.5 Cr,15440775,Bangalore,655 sqft,Under Construction,24,Under Construction,Furnished,East,Park,Society 41,,3.0,,Freehold,783 sqft,NA,3900 sqft
Property 276,A nice property,40 Lac,4060957,Ghaziabad,3841 sqft,Under Construction,2,Ready to Move,Semi-Furnished,East,Main Road,Society 19,1.0,2.0,0.0,Leasehold,1864 sqft,NA,3574 sqft
Property 277,A nice property,51 Lac,5156385,Vadodara,3321 sqft,Resale,22,Under Construction,Furnished,North,Park,Society 6,1.0,3.0,2.0,Leasehold,728 sqft,NA,NA
Property 278,A nice property,72 Lac,7280210,Bangalore,3712 sqft,Ready,18,Under Construction,Semi-Furnished,South,Main Road,NA,3.0,1.0,2.0,Freehold,2806 sqft,NA,3503 sqft
Property 279,A nice property,38 Lac,3856057,Indore,3299 sqft,Resale,21,Ready to Move,Semi-Furnished,North,Park,Society 10,4.0,2.0,1.0,Freehold,5252 sqft,NA,1104 sqft
Property 280,A nice property,1.7 Cr,17475689,Bangalore,4206 sqft,Under Construction,Ground,Ready to Move,Furnished,North,Park,Society 25,3.0,,1.0,Leasehold,4682 sqft,NA,NA
Property 281,A nice property,1.7 Cr,16589913,Bangalore,3342 sqft,Resale,22,Ready to Move,Semi-Furnished,North,NA,NA,2.0,2.0,1.0,Leasehold,1358 sqft,NA,4983 sqft
Property 282,A nice property,21 Lac,2168882,Ghaziabad,4127 sqft,Ready,8,Under Construction,Semi-Furnished,North,Main Road,Society 18,3.0,2.0,0.0,Leasehold,944 sqft,NA,4557 sqft
Property 283,A nice property,25 Lac,2546110,Visakhapatnam,1715 sqft,Resale,Ground,Ready to Move,Unfurnished,West,Park,Society 36,3.0,3.0,2.0,Leasehold,2562 sqft,NA,1901 sqft
Property 284,A nice property,44 Lac,4420203,Kochi,3061 sqft,Ready,13,Under Construction,Semi-Furnished,North,Park,NA,3.0,1.0,1.0,Leasehold,3841 sqft,NA,1275 sqft
Property 285,A nice property,46 Lac,4615264,Kochi,3226 sqft,Under Construction,Ground,Under Construction,Furnished,West,NA,NA,4.0,3.0,3.0,Leasehold,3480 sqft,NA,1222 sqft
Property 286,A nice property,54 Lac,5417101,Chennai,2245 sqft,Ready,Ground,Ready to Move,Semi-Furnished,East,Park,Society 12,3.0,2.0,2.0,Freehold,2563 sqft,NA,2365 sqft
Property 287,A nice property,1.1 Cr,10590135,Bangalore,4524 sqft,Ready,25,Under Construction,Unfurnished,West,NA,Society 8,2.0,,3.0,Freehold,3029 sqft,NA,NA
Property 288,A nice property,29 Lac,2908905,Kochi,3173 sqft,Resale,7,Under Construction,Unfurnished,North,Park,Society 26,2.0,1.0,,Freehold,4696 sqft,NA,NA
Property 289,A nice property,1.5 Cr,15431706,Delhi,2055 sqft,Ready,Ground,Under Construction,Semi-Furnished,East,Main Road,NA,4.0,3.0,1.0,Freehold,3785 sqft,NA,1570 sqft
Property 290,A nice property,60 Lac,6046536,Chennai,3862 sqft,Ready,15,Under Construction,Furnished,South,NA,Society 44,1.0,2.0,1.0,Leasehold,3119 sqft,NA,3623 sqft
Property 291,A nice property,76 Lac,7646009,Delhi,3214 sqft,Resale,25,Ready to Move,Furnished,South,Main Road,Society 11,1.0,2.0,2.0,Freehold,1424 sqft,NA,NA
Property 292,A nice property,79 Lac,7956280,Ludhiana,2987 sqft,Ready,2,Under Construction,Unfurnished,North,NA,NA,1.0,,0.0,Freehold,2768 sqft,NA,2656 sqft
Property 293,A nice property,1.4 Cr,14468882,Delhi,4622 sqft,Resale,3,Under Construction,Semi-Furnished,East,Park,Society 39,5.0,0.0,,Leasehold,3087 sqft,NA,NA
Property 294,A nice property,75 Lac,7507161,Ahmedabad,2585 sqft,Under Construction,Ground,Ready to Move,Semi-Furnished,South,Main Road,Society 44,1.0,2.0,0.0,Leasehold,1868 sqft,NA,NA
Property 295,A nice property,44 Lac,4424087,Bhopal,3269 sqft,Ready,Ground,Ready to Move,Unfurnished,South,Park,NA,,1.0,1.0,Leasehold,4542 sqft,NA,3479 sqft
Property 296,A nice property,51 Lac,5190864,Hyderabad,3680 sqft,Ready,14,Under Construction,Semi-Furnished,North,Main Road,Society 18,3.0,,3.0,Leasehold,1642 sqft,NA,920 sqft
Property 297,A nice property,75 Lac,7517805,Ghaziabad,2896 sqft,Resale,Ground,Under Construction,Furnished,North,Park,Society 18,3.0,1.0,1.0,Leasehold,5468 sqft,NA,1660 sqft
Property 298,A nice property,24 Lac,2481026,Ahmedabad,3818 sqft,Resale,14,Under Construction,Unfurnished,West,Main Road,Society 47,1.0,1.0,2.0,Leasehold,4286 sqft,NA,NA
Property 299,A nice property,37 Lac,3772742,Ghaziabad,3590 sqft,Ready,Ground,Under Construction,Semi-Furnished,South,NA,Society 4,,,2.0,Leasehold,3120 sqft,NA,NA
Property 300,A nice property,55 Lac,5585029,Ludhiana,1532 sqft,Resale,Ground,Ready to Move,Semi-Furnished,South,Park,Society 44,5.0,,2.0,Freehold,3461 sqft,NA,4355 sqft
Property 301,A nice property,1.4 Cr,14272291,Bangalore,2236 sqft,Resale,Ground,Ready to Move,Unfurnished,South,NA,Society 50,5.0,2.0,,Leasehold,2484 sqft,NA,1880 sqft
Property 302,A nice property,47 Lac,4752365,Ludhiana,2073 sqft,Ready,17,Ready to Move,Unfurnished,South,Main Road,NA,3.0,2.0,1.0,Leasehold,1227 sqft,NA,3117 sqft
Property 303,A nice property,1.4 Cr,13901758,Delhi,820 sqft,Resale,14,Ready to Move,Semi-Furnished,West,Park,Society 13,1.0,1.0,3.0,Leasehold,3129 sqft,NA,NA
Property 304,A nice property,21 Lac,2119192,Surat,4381 sqft,Resale,18,Under Construction,Semi-Furnished,North,Main Road,NA,3.0,0.0,2.0,Freehold,3676 sqft,NA,NA
Property 305,A nice property,52 Lac,5251466,Ghaziabad,2317 sqft,Resale,15,Ready to Move,Furnished,East,Park,Society 19,4.0,3.0,,Leasehold,5455 sqft,NA,NA
Property 306,A nice property,67 Lac,6767165,Ghaziabad,4191 sqft,Under Construction,25,Ready to Move,Furnished,South,NA,Society 5,3.0,2.0,0.0,Leasehold,3716 sqft,NA,NA
Property 307,A nice property,38 Lac,3863398,Kochi,2986 sqft,Resale,21,Under Construction,Unfurnished,West,Main Road,Society 37,1.0,0.0,3.0,Freehold,3609 sqft,NA,3822 sqft
Property 308,A nice property,32 Lac,3289275,Indore,1166 sqft,Ready,15,Ready to Move,Semi-Furnished,South,Park,Society 16,3.0,1.0,3.0,Leasehold,825 sqft,NA,NA
Property 309,A nice property,79 Lac,7948865,Jaipur,3951 sqft,Resale,5,Ready to Move,Unfurnished,North,Park,Society 27,4.0,3.0,,Freehold,5286 sqft,NA,NA
Property 310,A nice property,63 Lac,6398233,Kolkata,4690 sqft,Resale,7,Ready to Move,Furnished,West,Main Road,Society 32,5.0,1.0,3.0,Leasehold,1117 sqft,NA,NA
Property 311,A nice property,69 Lac,6961175,Indore,1740 sqft,Under Construction,11,Under Construction,Semi-Furnished,South,Park,Society 27,4.0,2.0,1.0,Leasehold,1107 sqft,NA,534 sqft
Property 312,A nice property,42 Lac,4232782,Ahmedabad,3080 sqft,Resale,4,Under Construction,Unfurnished,West,Park,NA,1.0,3.0,2.0,Leasehold,1889 sqft,NA,4848 sqft
Property 313,A nice property,23 Lac,2333888,Jaipur,2582 sqft,Under Construction,17,Ready to Move,Semi-Furnished,South,Main Road,Society 16,4.0,1.0,3.0,Freehold,5845 sqft,NA,NA
Property 314,A nice property,25 Lac,2594296,Bhopal,2669 sqft,Resale,25,Ready to Move,Semi-Furnished,East,Main Road,Society 49,4.0,1.0,0.0,Leasehold,5756 sqft,NA,3480 sqft
Property 315,A nice property,50 Lac,5033327,Pune,1862 sqft,Resale,Ground,Under Construction,Semi-Furnished,East,Park,Society 1,4.0,0.0,3.0,Leasehold,851 sqft,NA,NA
Property 316,A nice property,58 Lac,5825720,Lucknow,4066 sqft,Under Construction,20,Ready to Move,Semi-Furnished,South,NA,Society 1,2.0,,1.0,Leasehold,4194 sqft,NA,2695 sqft
Property 317,A nice property,26 Lac,2651064,Chandigarh,3688 sqft,Ready,11,Under Construction,Furnished,West,Main Road,NA,1.0,1.0,0.0,Freehold,5473 sqft,NA,4528 sqft
Property 318,A nice property,35 Lac,3590465,Indore,1205 sqft,Ready,24,Under Construction,Semi-Furnished,West,Park,Society 48,2.0,3.0,,Freehold,3567 sqft,NA,3564 sqft
Property 319,A nice property,2.0 Cr,19841960,Delhi,4278 sqft,Ready,6,Under Construction,Semi-Furnished,East,Park,Society 2,3.0,1.0,1.0,Freehold,3198 sqft,NA,2347 sqft
Property 320,A nice property,91 Lac,9136244,Mumbai,4525 sqft,Resale,11,Under Construction,Semi-Furnished,East,NA,NA,5.0,3.0,,Freehold,4554 sqft,NA,3498 sqft
Property 321,A nice property,40 Lac,4083943,Chandigarh,3883 sqft,Under Construction,7,Ready to Move,Semi-Furnished,South,Park,Society 36,5.0,1.0,1.0,Leasehold,2303 sqft,NA,NA
Property 322,A nice property,79 Lac,7929929,Ludhiana,4977 sqft,Resale,12,Ready to Move,Semi-Furnished,North,NA,Society 1,1.0,1.0,2.0,Leasehold,3281 sqft,NA,4670 sqft
Property 323,A nice property,60 Lac,6064603,Ghaziabad,4750 sqft,Under Construction,13,Under Construction,Semi-Furnished,West,NA,Society 25,2.0,,,Freehold,4179 sqft,NA,1018 sqft
Property 324,A nice property,44 Lac,4469046,Hyderabad,4026 sqft,Resale,Ground,Under Construction,Semi-Furnished,East,Main Road,Society 4,2.0,3.0,1.0,Freehold,2783 sqft,NA,1760 sqft
Property 325,A nice property,1.5 Cr,15386922,Delhi,901 sqft,Ready,Ground,Under Construction,Furnished,West,NA,Society 4,,1.0,3.0,Freehold,1807 sqft,NA,2219 sqft
Property 326,A nice property,58 Lac,5857962,Vadodara,3545 sqft,Resale,1,Ready to Move,Semi-Furnished,North,Main Road,Society 3,2.0,1.0,,Freehold,4378 sqft,NA,4094 sqft
Property 327,A nice property,28 Lac,2850113,Kolkata,4998 sqft,Resale,Ground,Under Construction,Unfurnished,North,NA,Society 16,3.0,1.0,2.0,Freehold,1838 sqft,NA,3691 sqft
Property 328,A nice property,64 Lac,6437799,Kochi,1296 sqft,Under Construction,21,Under Construction,Furnished,West,Park,Society 1,3.0,1.0,2.0,Leasehold,5561 sqft,NA,846 sqft
Property 329,A nice property,42 Lac,4218608,Jaipur,1495 sqft,Under Construction,3,Under Construction,Furnished,South,Park,Society 9,4.0,,2.0,Leasehold,2782 sqft,NA,3328 sqft
Property 330,A nice property,1.0 Cr,10414028,Pune,2633 sqft,Under Construction,Ground,Ready to Move,Unfurnished,East,Park,Society 42,5.0,1.0,0.0,Freehold,2364 sqft,NA,NA
Property 331,A nice property,58 Lac,5849286,Nagpur,3508 sqft,Resale,23,Ready to Move,Unfurnished,South,NA,NA,2.0,0.0,2.0,Leasehold,4081 sqft,NA,2208 sqft
Property 332,A nice property,1.5 Cr,14916334,Delhi,1962 sqft,Under Construction,Ground,Ready to Move,Unfurnished,South,NA,Society 18,1.0,,2.0,Freehold,5854 sqft,NA,NA
Property 333,A nice property,24 Lac,2478771,Ahmedabad,962 sqft,Under Construction,20,Under Construction,Furnished,North,Park,Society 40,3.0,2.0,0.0,Freehold,1460 sqft,NA,NA
Property 334,A nice property,66 Lac,6629581,Nagpur,3873 sqft,Under Construction,9,Ready to Move,Unfurnished,South,NA,Society 8,,,,Leasehold,1011 sqft,NA,NA
Property 335,A nice property,59 Lac,5902890,Lucknow,3316 sqft,Resale,12,Under Construction,Furnished,South,Park,NA,5.0,0.0,2.0,Leasehold,5698 sqft,NA,1530 sqft
Property 336,A nice property,59 Lac,5993745,Chennai,4126 sqft,Under Construction,19,Ready to Move,Unfurnished,North,Main Road,Society 3,1.0,3.0,2.0,Freehold,903 sqft,NA,3681 sqft
Property 337,A nice property,78 Lac,7855559,Chandigarh,1467 sqft,Resale,23,Under Construction,Furnished,South,Park,Society 11,3.0,,2.0,Leasehold,5332 sqft,NA,2866 sqft
Property 338,A nice property,39 Lac,3964008,Vadodara,686 sqft,Under Construction,25,Ready to Move,Furnished,South,Park,NA,2.0,1.0,2.0,Freehold,4965 sqft,NA,2563 sqft
Property 339,A nice property,59 Lac,5991292,Lucknow,1407 sqft,Resale,Ground,Under Construction,Furnished,North,Main Road,Society 41,5.0,1.0,,Freehold,2006 sqft,NA,3533 sqft
Property 340,A nice property,38 Lac,3813162,Ludhiana,2719 sqft,Ready,22,Ready to Move,Semi-Furnished,North,Park,NA,3.0,1.0,2.0,Leasehold,2838 sqft,NA,4227 sqft
Property 341,A nice property,73 Lac,7343306,Kochi,2418 sqft,Resale,8,Under Construction,Semi-Furnished,West,NA,Society 2,5.0,2.0,,Freehold,3349 sqft,NA,NA
Property 342,A nice property,1.2 Cr,11542614,Mumbai,4783 sqft,Resale,7,Under Construction,Furnished,South,Park,Society 22,3.0,0.0,2.0,Leasehold,1164 sqft,NA,3878 sqft
Property 343,A nice property,54 Lac,5490918,Vadodara,4849 sqft,Ready,Ground,Ready to Move,Semi-Furnished,South,NA,NA,3.0,,0.0,Freehold,5983 sqft,NA,3708 sqft
Property 344,A nice property,67 Lac,6790883,Lucknow,2410 sqft,Under Construction,Ground,Ready to Move,Semi-Furnished,East,Park,Society 30,1.0,0.0,0.0,Leasehold,4972 sqft,NA,3147 sqft
Property 345,A nice property,64 Lac,6402309,Hyderabad,4251 sqft,Resale,24,Under Construction,Furnished,North,Park,Society 37,5.0,1.0,,Leasehold,1653 sqft,NA,818 sqft
Property 346,A nice property,1.1 Cr,11006652,Pune,3664 sqft,Resale,5,Under Construction,Semi-Furnished,North,NA,Society 39,1.0,2.0,,Freehold,2863 sqft,NA,3146 sqft
Property 347,A nice property,48 Lac,4894374,Jaipur,3804 sqft,Under Construction,7,Under Construction,Unfurnished,South,Main Road,Society 8,,0.0,3.0,Leasehold,4227 sqft,NA,3751 sqft
Property 348,A nice property,1.4 Cr,14227685,Hyderabad,4393 sqft,Under Construction,10,Ready to Move,Semi-Furnished,North,Main Road,Society 12,2.0,3.0,3.0,Leasehold,3134 sqft,NA,NA
Property 349,A nice property,68 Lac,6841943,Hyderabad,4699 sqft,Under Construction,7,Ready to Move,Unfurnished,North,Park,Society 3,2.0,3.0,1.0,Leasehold,4320 sqft,NA,1590 sqft
Property 350,A nice property,61 Lac,6113256,Vadodara,1834 sqft,Under Construction,14,Under Construction,Semi-Furnished,West,NA,NA,4.0,3.0,3.0,Leasehold,1037 sqft,NA,1886 sqft
Property 351,A nice property,86 Lac,8693017,Pune,3425 sqft,Under Construction,1,Under Construction,Unfurnished,North,Main Road,Society 28,3.0,2.0,3.0,Leasehold,1935 sqft,NA,845 sqft
Property 352,A nice property,54 Lac,5471037,Jaipur,801 sqft,Ready,9,Under Construction,Furnished,East,Main Road,NA,5.0,1.0,,Freehold,2322 sqft,NA,648 sqft
Property 353,A nice property,23 Lac,2396860,Lucknow,4554 sqft,Resale,15,Under Construction,Furnished,South,NA,Society 30,4.0,,1.0,Freehold,4127 sqft,NA,2458 sqft
Property 354,A nice property,27 Lac,2707458,Ludhiana,1456 sqft,Ready,Ground,Under Construction,Semi-Furnished,West,Park,Society 32,4.0,1.0,3.0,Freehold,749 sqft,NA,1360 sqft
Property 355,A nice property,23 Lac,2361838,Kolkata,3020 sqft,Under Construction,22,Ready to Move,Semi-Furnished,South,Park,Society 43,1.0,1.0,0.0,Freehold,4301 sqft,NA,NA
Property 356,A nice property,21 Lac,2136097,Indore,4007 sqft,Resale,3,Under Construction,Furnished,South,Park,Society 18,2.0,0.0,0.0,Freehold,3121 sqft,NA,NA
Property 357,A nice property,53 Lac,5353047,Kolkata,1303 sqft,Ready,5,Under Construction,Semi-Furnished,North,Main Road,Society 38,1.0,1.0,,Freehold,1620 sqft,NA,NA
Property 358,A nice property,73 Lac,7345775,Jaipur,1550 sqft,Resale,Ground,Ready to Move,Unfurnished,East,Park,Society 3,2.0,3.0,0.0,Freehold,4730 sqft,NA,1325 sqft
Property 359,A nice property,71 Lac,7110828,Kochi,1760 sqft,Ready,Ground,Ready to Move,Unfurnished,East,NA,Society 48,,3.0,0.0,Leasehold,1185 sqft,NA,NA
Property 360,A nice property,74 Lac,7467836,Visakhapatnam,3453 sqft,Under Construction,7,Ready to Move,Unfurnished,West,Park,Society 39,3.0,2.0,1.0,Leasehold,4205 sqft,NA,2483 sqft
Property 361,A nice property,57 Lac,5712135,Jaipur,3155 sqft,Ready,23,Under Construction,Semi-Furnished,West,Park,Society 19,4.0,2.0,3.0,Leasehold,804 sqft,NA,1143 sqft
Property 362,A nice property,1.4 Cr,13896174,Bangalore,3410 sqft,Under Construction,20,Under Construction,Furnished,East,NA,Society 15,5.0,1.0,1.0,Freehold,2071 sqft,NA,NA
Property 363,A nice property,98 Lac,9899894,Delhi,4330 sqft,Ready,4,Ready to Move,Unfurnished,West,Park,Society 8,3.0,1.0,1.0,Freehold,2120 sqft,NA,NA
Property 364,A nice property,24 Lac,2432321,Surat,2294 sqft,Ready,2,Ready to Move,Furnished,South,Park,Society 41,5.0,0.0,,Leasehold,3673 sqft,NA,2967 sqft
Property 365,A nice property,20 Lac,2013585,Jaipur,4868 sqft,Under Construction,8,Under Construction,Semi-Furnished,South,NA,Society 46,5.0,3.0,1.0,Leasehold,2090 sqft,NA,NA
Property 366,A nice property,1.6 Cr,15972442,Bangalore,4556 sqft,Ready,12,Under Construction,Furnished,South,Park,Society 25,2.0,3.0,1.0,Leasehold,3449 sqft,NA,904 sqft
Property 367,A nice property,2.4 Cr,23500453,Mumbai,3453 sqft,Resale,Ground,Under Construction,Semi-Furnished,West,NA,Society 23,4.0,1.0,0.0,Freehold,3346 sqft,NA,NA
Property 368,A nice property,24 Lac,2461761,Indore,4500 sqft,Under Construction,Ground,Ready to Move,Unfurnished,East,Park,Society 19,3.0,0.0,0.0,Leasehold,2356 sqft,NA,3759 sqft
Property 369,A nice property,45 Lac,4556781,Pune,1399 sqft,Resale,Ground,Under Construction,Semi-Furnished,South,NA,Society 19,5.0,0.0,,Leasehold,1357 sqft,NA,1683 sqft
Property 370,A nice property,63 Lac,6308674,Jaipur,4189 sqft,Resale,24,Under Construction,Unfurnished,South,Park,Society 26,1.0,0.0,2.0,Leasehold,2241 sqft,NA,3868 sqft
Property 371,A nice property,38 Lac,3807011,Chennai,4306 sqft,Resale,Ground,Under Construction,Furnished,West,NA,Society 11,5.0,2.0,1.0,Leasehold,2785 sqft,NA,1488 sqft
Property 372,A nice property,31 Lac,3109520,Chandigarh,3212 sqft,Resale,17,Under Construction,Unfurnished,West,Park,Society 39,1.0,3.0,3.0,Leasehold,1464 sqft,NA,1578 sqft
Property 373,A nice property,51 Lac,5107086,Vadodara,1150 sqft,Resale,10,Ready to Move,Semi-Furnished,East,Main Road,Society 24,5.0,2.0,2.0,Leasehold,4387 sqft,NA,3202 sqft
Property 374,A nice property,72 Lac,7282471,Surat,3059 sqft,Ready,Ground,Ready to Move,Furnished,West,Main Road,NA,3.0,0.0,0.0,Leasehold,4150 sqft,NA,1693 sqft
Property 375,A nice property,76 Lac,7667218,Vadodara,966 sqft,Ready,5,Under Construction,Furnished,North,Main Road,Society 32,5.0,,0.0,Leasehold,2227 sqft,NA,1779 sqft
Property 376,A nice property,2.1 Cr,21362307,Mumbai,1542 sqft,Ready,Ground,Under Construction,Unfurnished,East,NA,NA,1.0,,3.0,Freehold,2229 sqft,NA,2464 sqft
Property 377,A nice property,1.0 Cr,10396770,Hyderabad,785 sqft,Under Construction,19,Under Construction,Semi-Furnished,North,NA,Society 25,3.0,3.0,,Leasehold,5172 sqft,NA,2395 sqft
Property 378,A nice property,1.7 Cr,17476697,Delhi,3410 sqft,Under Construction,6,Ready to Move,Furnished,West,Main Road,NA,2.0,0.0,3.0,Leasehold,930 sqft,NA,956 sqft
Property 379,A nice property,46 Lac,4697005,Pune,1495 sqft,Ready,11,Under Construction,Furnished,West,Park,Society 27,2.0,3.0,,Freehold,5418 sqft,NA,1290 sqft
Property 380,A nice property,65 Lac,6564901,Vadodara,1946 sqft,Ready,Ground,Under Construction,Furnished,South,Main Road,NA,1.0,2.0,,Freehold,3537 sqft,NA,4166 sqft
Property 381,A nice property,61 Lac,6145719,Bangalore,2598 sqft,Under Construction,11,Ready to Move,Unfurnished,North,Main Road,Society 9,3.0,3.0,3.0,Freehold,3150 sqft,NA,1903 sqft
Property 382,A nice property,51 Lac,5170285,Nagpur,4827 sqft,Under Construction,14,Under Construction,Furnished,North,Main Road,Society 28,5.0,,3.0,Freehold,1267 sqft,NA,1819 sqft
Property 383,A nice property,27 Lac,2786442,Ghaziabad,2029 sqft,Resale,4,Ready to Move,Semi-Furnished,West,NA,NA,,3.0,0.0,Freehold,4728 sqft,NA,2431 sqft
Property 384,A nice property,20 Lac,2027119,Vadodara,1911 sqft,Ready,5,Under Construction,Furnished,East,Main Road,NA,1.0,2.0,1.0,Freehold,3730 sqft,NA,4500 sqft
Property 385,A nice property,91 Lac,9182985,Pune,3311 sqft,Ready,9,Ready to Move,Unfurnished,South,Park,Society 41,2.0,0.0,0.0,Leasehold,2878 sqft,NA,2411 sqft
Property 386,A nice property,40 Lac,4044088,Surat,4092 sqft,Under Construction,14,Under Construction,Unfurnished,West,Main Road,NA,1.0,0.0,3.0,Freehold,958 sqft,NA,1825 sqft
Property 387,A nice property,1.1 Cr,11112952,Pune,4385 sqft,Under Construction,9,Under Construction,Semi-Furnished,North,Main Road,Society 26,4.0,2.0,0.0,Leasehold,1488 sqft,NA,3618 sqft
Property 388,A nice property,66 Lac,6688111,Bangalore,2499 sqft,Ready,25,Ready to Move,Semi-Furnished,East,Park,NA,2.0,1.0,0.0,Leasehold,3881 sqft,NA,4470 sqft
Property 389,A nice property,20 Lac,2054301,Lucknow,3918 sqft,Resale,Ground,Under Construction,Semi-Furnished,South,NA,NA,2.0,3.0,2.0,Leasehold,2726 sqft,NA,NA
Property 390,A nice property,61 Lac,6191177,Nagpur,2111 sqft,Under Construction,14,Ready to Move,Unfurnished,East,Park,Society 5,2.0,0.0,2.0,Freehold,4379 sqft,NA,2799 sqft
Property 391,A nice property,70 Lac,7046228,Bangalore,2126 sqft,Resale,Ground,Ready to Move,Furnished,East,Main Road,Society 24,5.0,3.0,0.0,Leasehold,5730 sqft,NA,NA
Property 392,A nice property,21 Lac,2173491,Nagpur,4140 sqft,Ready,16,Under Construction,Unfurnished,South,Main Road,NA,5.0,3.0,,Leasehold,996 sqft,NA,2751 sqft
Property 393,A nice property,28 Lac,2840837,Kolkata,3840 sqft,Resale,5,Under Construction,Semi-Furnished,West,Main Road,Society 13,2.0,3.0,,Freehold,3575 sqft,NA,4499 sqft
Property 394,A nice property,20 Lac,2051767,Ahmedabad,839 sqft,Ready,22,Ready to Move,Semi-Furnished,North,Park,Society 5,1.0,2.0,,Leasehold,5200 sqft,NA,NA
Property 395,A nice property,65 Lac,6510985,Hyderabad,2216 sqft,Resale,15,Under Construction,Furnished,West,Park,Society 44,1.0,2.0,1.0,Leasehold,2896 sqft,NA,4902 sqft
Property 396,A nice property,31 Lac,3178328,Nagpur,4282 sqft,Under Construction,5,Ready to Move,Furnished,North,NA,Society 6,5.0,,,Leasehold,5242 sqft,NA,NA
Property 397,A nice property,31 Lac,3110722,Vadodara,4118 sqft,Under Construction,6,Under Construction,Furnished,West,Park,Society 7,4.0,2.0,,Freehold,2049 sqft,NA,NA
Property 398,A nice property,29 Lac,2979109,Surat,3785 sqft,Ready,9,Under Construction,Furnished,East,NA,Society 4,3.0,2.0,0.0,Freehold,5235 sqft,NA,4221 sqft
Property 399,A nice property,34 Lac,3419973,Ludhiana,636 sqft,Under Construction,15,Under Construction,Furnished,East,NA,Society 29,,3.0,,Leasehold,1630 sqft,NA,3472 sqft
Property 400,A nice property,1.0 Cr,10139846,Pune,2359 sqft,Resale,16,Under Construction,Unfurnished,South,NA,Society 24,,2.0,1.0,Leasehold,4350 sqft,NA,1066 sqft
Property 401,A nice property,66 Lac,6694289,Ahmedabad,2285 sqft,Resale,12,Ready to Move,Furnished,West,NA,NA,1.0,3.0,3.0,Leasehold,2239 sqft,NA,NA
Property 402,A nice property,38 Lac,3830205,Chennai,2880 sqft,Resale,Ground,Ready to Move,Unfurnished,South,NA,Society 5,1.0,,1.0,Leasehold,5726 sqft,NA,2050 sqft
Property 403,A nice property,71 Lac,7151004,Chennai,1112 sqft,Ready,15,Ready to Move,Unfurnished,East,Park,Society 38,3.0,0.0,0.0,Leasehold,2372 sqft,NA,4308 sqft
Property 404,A nice property,23 Lac,2350958,Surat,1433 sqft,Resale,24,Ready to Move,Unfurnished,West,NA,Society 29,1.0,,0.0,Freehold,2430 sqft,NA,940 sqft
Property 405,A nice property,1.9 Cr,18691482,Mumbai,4998 sqft,Resale,Ground,Ready to Move,Unfurnished,West,Park,Society 4,3.0,0.0,0.0,Freehold,5705 sqft,NA,2445 sqft
Property 406,A nice property,28 Lac,2803615,Chennai,2131 sqft,Under Construction,3,Ready to Move,Unfurnished,East,NA,Society 17,2.0,,2.0,Leasehold,4026 sqft,NA,1555 sqft
Property 407,A nice property,22 Lac,2299964,Indore,3596 sqft,Ready,10,Ready to Move,Unfurnished,South,NA,Society 24,,,,Leasehold,5766 sqft,NA,2037 sqft
Property 408,A nice property,30 Lac,3022526,Surat,3270 sqft,Resale,6,Ready to Move,Semi-Furnished,West,Main Road,Society 44,1.0,3.0,,Freehold,5865 sqft,NA,NA
Property 409,A nice property,26 Lac,2643028,Ahmedabad,2214 sqft,Resale,9,Ready to Move,Unfurnished,South,Park,Society 45,5.0,3.0,3.0,Leasehold,1546 sqft,NA,NA
Property 410,A nice property,65 Lac,6580644,Jaipur,4348 sqft,Under Construction,22,Under Construction,Semi-Furnished,West,Park,Society 30,,1.0,3.0,Freehold,915 sqft,NA,4349 sqft
Property 411,A nice property,25 Lac,2571792,Chennai,1533 sqft,Ready,19,Under Construction,Semi-Furnished,South,NA,Society 21,1.0,1.0,2.0,Leasehold,5149 sqft,NA,NA
Property 412,A nice property,1.0 Cr,10355263,Hyderabad,2749 sqft,Ready,Ground,Ready to Move,Unfurnished,North,Main Road,Society 8,4.0,3.0,,Leasehold,2040 sqft,NA,1064 sqft
Property 413,A nice property,67 Lac,6750403,Bhopal,4609 sqft,Under Construction,25,Ready to Move,Furnished,South,Park,Society 48,5.0,3.0,0.0,Leasehold,5492 sqft,NA,2120 sqft
Property 414,A nice property,92 Lac,9287186,Bangalore,4923 sqft,Under Construction,14,Ready to Move,Unfurnished,West,Park,NA,3.0,1.0,2.0,Leasehold,4167 sqft,NA,1692 sqft
Property 415,A nice property,42 Lac,4253254,Visakhapatnam,3167 sqft,Under Construction,Ground,Under Construction,Unfurnished,West,Park,Society 34,4.0,1.0,1.0,Leasehold,3599 sqft,NA,4966 sqft
Property 416,A nice property,69 Lac,6932686,Ahmedabad,3783 sqft,Under Construction,16,Under Construction,Semi-Furnished,South,NA,Society 35,4.0,3.0,0.0,Leasehold,4255 sqft,NA,4190 sqft
Property 417,A nice property,29 Lac,2938700,Kolkata,3815 sqft,Ready,11,Ready to Move,Unfurnished,South,Park,Society 48,3.0,1.0,1.0,Freehold,1593 sqft,NA,NA
Property 418,A nice property,20 Lac,2043546,Chandigarh,1535 sqft,Ready,22,Under Construction,Semi-Furnished,North,NA,Society 46,3.0,0.0,1.0,Leasehold,1819 sqft,NA,1993 sqft
Property 419,A nice property,52 Lac,5204695,Nagpur,3450 sqft,Resale,Ground,Ready to Move,Furnished,East,Park,Society 14,5.0,3.0,3.0,Freehold,1198 sqft,NA,2091 sqft
Property 420,A nice property,58 Lac,5885618,Lucknow,3483 sqft,Resale,12,Ready to Move,Semi-Furnished,East,NA,Society 25,2.0,,,Leasehold,3835 sqft,NA,NA
Property 421,A nice property,56 Lac,5660538,Ahmedabad,4350 sqft,Resale,4,Under Construction,Furnished,East,NA,Society 36,1.0,,2.0,Freehold,3033 sqft,NA,2788 sqft
Property 422,A nice property,71 Lac,7167347,Ahmedabad,2013 sqft,Ready,Ground,Ready to Move,Semi-Furnished,North,Main Road,Society 21,5.0,,,Leasehold,3865 sqft,NA,1810 sqft
Property 423,A nice property,2.4 Cr,24000586,Mumbai,3036 sqft,Resale,3,Ready to Move,Semi-Furnished,East,Park,Society 32,5.0,2.0,2.0,Freehold,2975 sqft,NA,1815 sqft
Property 424,A nice property,25 Lac,2543388,Kolkata,1294 sqft,Resale,23,Under Construction,Semi-Furnished,East,Park,Society 43,2.0,3.0,2.0,Leasehold,4048 sqft,NA,NA
Property 425,A nice property,23 Lac,2332743,Bhopal,1697 sqft,Under Construction,15,Ready to Move,Furnished,West,NA,Society 26,,0.0,2.0,Freehold,4628 sqft,NA,NA
Property 426,A nice property,29 Lac,2921768,Indore,3165 sqft,Ready,9,Ready to Move,Unfurnished,North,Park,Society 1,1.0,1.0,3.0,Freehold,3780 sqft,NA,1177 sqft
Property 427,A nice property,43 Lac,4362336,Jaipur,1565 sqft,Under Construction,1,Ready to Move,Semi-Furnished,North,Park,Society 30,1.0,1.0,3.0,Leasehold,2827 sqft,NA,3165 sqft
Property 428,A nice property,1.5 Cr,15299121,Delhi,2554 sqft,Resale,2,Ready to Move,Semi-Furnished,North,Main Road,NA,,2.0,1.0,Freehold,4497 sqft,NA,1838 sqft
Property 429,A nice property,45 Lac,4557817,Jaipur,3101 sqft,Ready,15,Under Construction,Unfurnished,South,Park,NA,4.0,3.0,0.0,Leasehold,5246 sqft,NA,728 sqft
Property 430,A nice property,26 Lac,2665692,Nagpur,1558 sqft,Under Construction,24,Under Construction,Furnished,East,Main Road,Society 48,4.0,1.0,3.0,Freehold,3613 sqft,NA,4475 sqft
Property 431,A nice property,26 Lac,2684201,Kochi,2099 sqft,Resale,Ground,Under Construction,Unfurnished,East,NA,Society 31,1.0,2.0,3.0,Leasehold,3832 sqft,NA,2886 sqft
Property 432,A nice property,55 Lac,5569737,Bhopal,3658 sqft,Resale,Ground,Ready to Move,Unfurnished,South,Park,Society 6,,2.0,1.0,Leasehold,2089 sqft,NA,NA
Property 433,A nice property,39 Lac,3924112,Vadodara,1758 sqft,Ready,5,Under Construction,Unfurnished,South,Park,Society 16,5.0,,3.0,Leasehold,3410 sqft,NA,NA
Property 434,A nice property,35 Lac,3505529,Indore,4784 sqft,Under Construction,2,Under Construction,Semi-Furnished,West,Main Road,Society 42,2.0,0.0,,Leasehold,1091 sqft,NA,1285 sqft
Property 435,A nice property,1.3 Cr,13027104,Mumbai,3782 sqft,Resale,Ground,Ready to Move,Unfurnished,North,Main Road,NA,2.0,0.0,0.0,Leasehold,5247 sqft,NA,NA
Property 436,A nice property,65 Lac,6546928,Hyderabad,4026 sqft,Resale,2,Ready to Move,Furnished,South,Park,NA,1.0,3.0,,Leasehold,2842 sqft,NA,1907 sqft
Property 437,A nice property,50 Lac,5043400,Jaipur,1729 sqft,Ready,18,Under Construction,Furnished,North,Park,NA,2.0,,2.0,Leasehold,3591 sqft,NA,1814 sqft
Property 438,A nice property,29 Lac,2940142,Chennai,3743 sqft,Ready,Ground,Under Construction,Semi-Furnished,East,NA,Society 32,5.0,2.0,0.0,Leasehold,1174 sqft,NA,1768 sqft
Property 439,A nice property,67 Lac,6759862,Ghaziabad,4065 sqft,Ready,13,Under Construction,Unfurnished,West,NA,Society 13,2.0,0.0,2.0,Freehold,1336 sqft,NA,3528 sqft
Property 440,A nice property,51 Lac,5197185,Jaipur,2121 sqft,Resale,8,Under Construction,Furnished,East,NA,Society 10,4.0,,1.0,Freehold,3204 sqft,NA,715 sqft
Property 441,A nice property,1.0 Cr,10316629,Bangalore,4586 sqft,Resale,Ground,Under Construction,Furnished,North,NA,Society 39,4.0,3.0,1.0,Freehold,2730 sqft,NA,2306 sqft
Property 442,A nice property,62 Lac,6266913,Hyderabad,2019 sqft,Under Construction,Ground,Under Construction,Furnished,West,Main Road,Society 14,4.0,2.0,3.0,Freehold,5398 sqft,NA,2357 sqft
Property 443,A nice property,69 Lac,6949896,Ludhiana,1966 sqft,Under Construction,7,Under Construction,Semi-Furnished,South,Park,Society 9,5.0,2.0,1.0,Leasehold,5454 sqft,NA,NA
Property 444,A nice property,47 Lac,4762842,Surat,4611 sqft,Resale,25,Ready to Move,Furnished,South,Main Road,Society 26,2.0,3.0,3.0,Freehold,5326 sqft,NA,3354 sqft
Property 445,A nice property,62 Lac,6251929,Nagpur,2966 sqft,Resale,21,Ready to Move,Semi-Furnished,North,Park,Society 3,,1.0,3.0,Leasehold,1971 sqft,NA,3899 sqft
Property 446,A nice property,72 Lac,7294236,Indore,1749 sqft,Resale,21,Under Construction,Furnished,East,Park,NA,3.0,0.0,0.0,Leasehold,3617 sqft,NA,NA
Property 447,A nice property,52 Lac,5239225,Surat,2132 sqft,Ready,10,Ready to Move,Unfurnished,West,Park,Society 9,1.0,2.0,3.0,Freehold,4538 sqft,NA,2049 sqft
Property 448,A nice property,30 Lac,3019575,Ludhiana,3177 sqft,Ready,14,Under Construction,Unfurnished,East,NA,Society 49,1.0,,2.0,Leasehold,827 sqft,NA,4260 sqft
Property 449,A nice property,56 Lac,5629217,Kochi,4294 sqft,Under Construction,10,Ready to Move,Furnished,East,Main Road,NA,2.0,0.0,3.0,Freehold,5452 sqft,NA,3386 sqft
Property 450,A nice property,1.1 Cr,11483762,Hyderabad,1039 sqft,Under Construction,Ground,Ready to Move,Unfurnished,South,NA,Society 30,3.0,3.0,,Freehold,5442 sqft,NA,NA
Property 451,A nice property,32 Lac,3223510,Bhopal,3541 sqft,Under Construction,12,Ready to Move,Semi-Furnished,West,Main Road,Society 38,2.0,0.0,0.0,Leasehold,2097 sqft,NA,NA
Property 452,A nice property,29 Lac,2910564,Ghaziabad,678 sqft,Ready,12,Ready to Move,Unfurnished,East,NA,Society 17,4.0,3.0,0.0,Leasehold,4915 sqft,NA,2419 sqft
Property 453,A nice property,25 Lac,2527754,Kolkata,4569 sqft,Ready,16,Under Construction,Unfurnished,North,Park,NA,,2.0,,Leasehold,4238 sqft,NA,4778 sqft
Property 454,A nice property,60 Lac,6065807,Jaipur,1718 sqft,Under Construction,13,Under Construction,Unfurnished,West,NA,Society 16,2.0,3.0,1.0,Freehold,1681 sqft,NA,3491 sqft
Property 455,A nice property,63 Lac,6331528,Bangalore,2198 sqft,Ready,19,Ready to Move,Semi-Furnished,West,NA,Society 46,,,1.0,Leasehold,767 sqft,NA,NA
Property 456,A nice property,33 Lac,3308066,Surat,3745 sqft,Under Construction,3,Under Construction,Semi-Furnished,South,Park,NA,4.0,1.0,2.0,Leasehold,1881 sqft,NA,677 sqft
Property 457,A nice property,1.9 Cr,18964263,Mumbai,4740 sqft,Resale,12,Ready to Move,Semi-Furnished,South,Park,Society 22,3.0,2.0,0.0,Leasehold,4967 sqft,NA,764 sqft
Property 458,A nice property,41 Lac,4123874,Kochi,4654 sqft,Resale,14,Ready to Move,Semi-Furnished,East,Main Road,Society 3,5.0,2.0,1.0,Leasehold,3520 sqft,NA,2695 sqft
Property 459,A nice property,45 Lac,4528515,Vadodara,3951 sqft,Ready,3,Under Construction,Unfurnished,North,Main Road,NA,2.0,3.0,2.0,Freehold,5849 sqft,NA,4450 sqft
Property 460,A nice property,69 Lac,6991777,Kolkata,4628 sqft,Resale,11,Ready to Move,Unfurnished,East,Main Road,Society 2,2.0,1.0,0.0,Freehold,3443 sqft,NA,3330 sqft
Property 461,A nice property,52 Lac,5275542,Nagpur,4004 sqft,Under Construction,Ground,Ready to Move,Furnished,East,Main Road,Society 17,1.0,3.0,1.0,Leasehold,1577 sqft,NA,2016 sqft
Property 462,A nice property,46 Lac,4652020,Surat,4236 sqft,Under Construction,21,Ready to Move,Furnished,West,Park,Society 1,3.0,2.0,2.0,Leasehold,2755 sqft,NA,4407 sqft
Property 463,A nice property,1.0 Cr,10483456,Delhi,4603 sqft,Ready,5,Under Construction,Semi-Furnished,South,Main Road,NA,,,1.0,Freehold,2653 sqft,NA,1990 sqft
Property 464,A nice property,23 Lac,2302271,Indore,1970 sqft,Under Construction,Ground,Ready to Move,Semi-Furnished,East,Park,Society 15,1.0,3.0,1.0,Leasehold,5031 sqft,NA,NA
Property 465,A nice property,33 Lac,3317421,Ludhiana,1277 sqft,Resale,21,Ready to Move,Furnished,West,Main Road,Society 12,5.0,1.0,3.0,Leasehold,1954 sqft,NA,614 sqft
Property 466,A nice property,79 Lac,7923274,Indore,852 sqft,Under Construction,10,Under Construction,Furnished,South,Park,Society 19,1.0,1.0,2.0,Freehold,3340 sqft,NA,536 sqft
Property 467,A nice property,86 Lac,8620692,Hyderabad,2406 sqft,Resale,3,Under Construction,Unfurnished,West,Main Road,NA,2.0,1.0,,Leasehold,3432 sqft,NA,1073 sqft
Property 468,A nice property,33 Lac,3314338,Lucknow,2992 sqft,Ready,Ground,Under Construction,Semi-Furnished,North,Main Road,Society 32,5.0,3.0,3.0,Leasehold,1854 sqft,NA,2986 sqft
Property 469,A nice property,27 Lac,2701526,Kochi,867 sqft,Ready,5,Under Construction,Unfurnished,North,Park,Society 39,4.0,1.0,2.0,Leasehold,791 sqft,NA,2941 sqft
Property 470,A nice property,63 Lac,6347441,Lucknow,2851 sqft,Under Construction,Ground,Ready to Move,Semi-Furnished,North,Main Road,Society 10,,1.0,2.0,Leasehold,2716 sqft,NA,4238 sqft
Property 471,A nice property,75 Lac,7564797,Surat,2441 sqft,Resale,10,Under Construction,Furnished,South,Park,Society 1,2.0,2.0,1.0,Leasehold,2220 sqft,NA,3367 sqft
Property 472,A nice property,31 Lac,3190528,Indore,2964 sqft,Ready,Ground,Ready to Move,Furnished,South,Park,Society 31,2.0,1.0,2.0,Freehold,5136 sqft,NA,1302 sqft
Property 473,A nice property,47 Lac,4731327,Bhopal,1977 sqft,Under Construction,10,Under Construction,Semi-Furnished,West,Main Road,Society 21,4.0,0.0,2.0,Leasehold,4053 sqft,NA,2544 sqft
Property 474,A nice property,42 Lac,4209345,Lucknow,4346 sqft,Under Construction,18,Ready to Move,Semi-Furnished,North,Main Road,Society 22,3.0,,1.0,Freehold,3463 sqft,NA,NA
Property 475,A nice property,73 Lac,7339464,Vadodara,4657 sqft,Resale,2,Under Construction,Unfurnished,South,Main Road,Society 45,3.0,1.0,1.0,Leasehold,5323 sqft,NA,NA
Property 476,A nice property,43 Lac,4345592,Pune,4784 sqft,Resale,17,Ready to Move,Semi-Furnished,West,NA,Society 25,4.0,2.0,,Leasehold,1665 sqft,NA,3474 sqft
Property 477,A nice property,47 Lac,4779437,Kolkata,1527 sqft,Ready,4,Under Construction,Unfurnished,West,NA,NA,5.0,2.0,2.0,Leasehold,5096 sqft,NA,3621 sqft
Property 478,A nice property,78 Lac,7832734,Surat,1535 sqft,Resale,24,Under Construction,Unfurnished,North,Main Road,Society 21,1.0,0.0,0.0,Freehold,1700 sqft,NA,1641 sqft
Property 479,A nice property,59 Lac,5914167,Bhopal,2794 sqft,Resale,9,Ready to Move,Unfurnished,North,NA,Society 45,1.0,0.0,,Freehold,5310 sqft,NA,505 sqft
Property 480,A nice property,48 Lac,4896507,Chennai,3605 sqft,Resale,19,Ready to Move,Furnished,West,Park,Society 5,1.0,3.0,2.0,Leasehold,5034 sqft,NA,NA
Property 481,A nice property,71 Lac,7181545,Ludhiana,940 sqft,Resale,17,Under Construction,Semi-Furnished,South,NA,Society 15,5.0,2.0,1.0,Freehold,989 sqft,NA,1566 sqft
Property 482,A nice property,47 Lac,4757208,Ghaziabad,4215 sqft,Ready,24,Under Construction,Furnished,South,Main Road,NA,4.0,0.0,1.0,Freehold,3558 sqft,NA,3522 sqft
Property 483,A nice property,20 Lac,2016556,Lucknow,2390 sqft,Ready,6,Under Construction,Semi-Furnished,South,NA,NA,3.0,0.0,3.0,Leasehold,2221 sqft,NA,NA
Property 484,A nice property,34 Lac,3431342,Bhopal,4082 sqft,Ready,13,Ready to Move,Unfurnished,South,Park,Society 19,1.0,1.0,1.0,Leasehold,5042 sqft,NA,2664 sqft
Property 485,A nice property,44 Lac,4469600,Vadodara,1438 sqft,Under Construction,14,Under Construction,Unfurnished,East,Main Road,Society 14,3.0,2.0,3.0,Leasehold,2380 sqft,NA,NA
Property 486,A nice property,1.3 Cr,12753014,Mumbai,2627 sqft,Under Construction,Ground,Ready to Move,Furnished,North,Main Road,Society 12,3.0,,0.0,Leasehold,5653 sqft,NA,1405 sqft
Property 487,A nice property,41 Lac,4112516,Lucknow,3038 sqft,Under Construction,19,Under Construction,Unfurnished,North,NA,Society 28,2.0,3.0,,Leasehold,1049 sqft,NA,NA
Property 488,A nice property,74 Lac,7459711,Lucknow,864 sqft,Resale,25,Under Construction,Furnished,East,NA,Society 47,5.0,2.0,2.0,Freehold,3475 sqft,NA,3514 sqft
Property 489,A nice property,31 Lac,3160298,Kolkata,4284 sqft,Resale,20,Ready to Move,Semi-Furnished,North,Park,Society 9,5.0,3.0,3.0,Leasehold,2295 sqft,NA,3862 sqft
Property 490,A nice property,55 Lac,5514241,Surat,2752 sqft,Ready,Ground,Under Construction,Semi-Furnished,West,Main Road,Society 30,4.0,0.0,,Leasehold,823 sqft,NA,2984 sqft
Property 491,A nice property,38 Lac,3805811,Ghaziabad,3455 sqft,Ready,6,Under Construction,Furnished,North,Park,Society 14,4.0,0.0,0.0,Leasehold,4247 sqft,NA,NA
Property 492,A nice property,40 Lac,4056114,Ludhiana,1312 sqft,Resale,3,Ready to Move,Unfurnished,East,Main Road,Society 27,5.0,,0.0,Freehold,4705 sqft,NA,3843 sqft
Property 493,A nice property,51 Lac,5144042,Indore,4196 sqft,Under Construction,20,Ready to Move,Semi-Furnished,West,NA,Society 33,2.0,0.0,2.0,Leasehold,2496 sqft,NA,4656 sqft
Property 494,A nice property,35 Lac,3505230,Chandigarh,1561 sqft,Under Construction,22,Ready to Move,Furnished,South,NA,Society 3,,1.0,,Leasehold,822 sqft,NA,2673 sqft
Property 495,A nice property,39 Lac,3905432,Chandigarh,2541 sqft,Under Construction,18,Under Construction,Semi-Furnished,North,Park,Society 26,1.0,2.0,2.0,Freehold,5134 sqft,NA,NA
Property 496,A nice property,29 Lac,2967781,Chandigarh,2319 sqft,Under Construction,13,Ready to Move,Unfurnished,East,Main Road,Society 47,2.0,,2.0,Leasehold,2543 sqft,NA,NA
Property 497,A nice property,75 Lac,7531988,Kolkata,3472 sqft,Ready,6,Under Construction,Furnished,South,NA,Society 29,2.0,3.0,2.0,Leasehold,1134 sqft,NA,2975 sqft
Property 498,A nice property,58 Lac,5883471,Kochi,4107 sqft,Under Construction,15,Under Construction,Furnished,North,NA,NA,1.0,,,Leasehold,2559 sqft,NA,2534 sqft
Property 499,A nice property,72 Lac,7279428,Visakhapatnam,1959 sqft,Under Construction,22,Under Construction,Semi-Furnished,North,Park,Society 4,1.0,2.0,3.0,Leasehold,5304 sqft,NA,2684 sqft
Property 500,A nice property,46 Lac,4687246,Chennai,1740 sqft,Resale,Ground,Under Construction,Unfurnished,East,Main Road,Society 3,2.0,0.0,1.0,Leasehold,5019 sqft,NA,2867 sqft
Property 501,A nice property,98 Lac,9823158,Delhi,2292 sqft,Resale,16,Ready to Move,Semi-Furnished,South,Park,Society 21,1.0,0.0,2.0,Leasehold,3071 sqft,NA,NA
Property 502,A nice property,62 Lac,6221032,Lucknow,2295 sqft,Ready,20,Ready to Move,Semi-Furnished,North,Park,NA,4.0,2.0,2.0,Leasehold,852 sqft,NA,2126 sqft
Property 503,A nice property,57 Lac,5713066,Kochi,1086 sqft,Under Construction,22,Under Construction,Unfurnished,West,Park,Society 20,3.0,3.0,,Leasehold,1556 sqft,NA,NA
Property 504,A nice property,61 Lac,6175323,Ludhiana,3473 sqft,Ready,Ground,Under Construction,Furnished,East,NA,NA,4.0,0.0,1.0,Leasehold,4228 sqft,NA,4023 sqft
Property 505,A nice property,30 Lac,3048134,Indore,4960 sqft,Under Construction,10,Ready to Move,Semi-Furnished,South,NA,Society 47,1.0,,,Leasehold,5921 sqft,NA,2342 sqft
Property 506,A nice property,1.9 Cr,19157692,Delhi,2902 sqft,Resale,5,Under Construction,Furnished,North,NA,Society 41,5.0,0.0,,Freehold,4589 sqft,NA,3842 sqft
Property 507,A nice property,77 Lac,7757071,Ahmedabad,1979 sqft,Under Construction,4,Ready to Move,Unfurnished,West,Park,Society 46,,,0.0,Freehold,4500 sqft,NA,2916 sqft
Property 508,A nice property,36 Lac,3629864,Lucknow,3251 sqft,Resale,Ground,Ready to Move,Semi-Furnished,South,NA,Society 4,2.0,2.0,1.0,Leasehold,3991 sqft,NA,NA
Property 509,A nice property,32 Lac,3288769,Ahmedabad,2997 sqft,Ready,7,Under Construction,Semi-Furnished,West,Main Road,NA,3.0,0.0,3.0,Leasehold,5553 sqft,NA,980 sqft
Property 510,A nice property,20 Lac,2019972,Kolkata,2970 sqft,Under Construction,Ground,Ready to Move,Unfurnished,East,Main Road,Society 2,5.0,0.0,,Freehold,1865 sqft,NA,2201 sqft
Property 511,A nice property,60 Lac,6093279,Pune,2790 sqft,Ready,21,Ready to Move,Unfurnished,North,Main Road,Society 28,3.0,0.0,3.0,Freehold,1233 sqft,NA,3328 sqft
Property 512,A nice property,85 Lac,8558095,Mumbai,4814 sqft,Ready,8,Ready to Move,Furnished,North,Main Road,Society 49,5.0,0.0,1.0,Leasehold,5465 sqft,NA,2683 sqft
Property 513,A nice property,1.3 Cr,12721286,Bangalore,1380 sqft,Ready,21,Under Construction,Unfurnished,South,Main Road,Society 11,5.0,0.0,1.0,Freehold,5997 sqft,NA,1481 sqft
Property 514,A nice property,27 Lac,2755794,Ahmedabad,1710 sqft,Resale,Ground,Under Construction,Furnished,East,Main Road,Society 27,1.0,3.0,2.0,Leasehold,1707 sqft,NA,1032 sqft
Property 515,A nice property,77 Lac,7789861,Visakhapatnam,3971 sqft,Under Construction,3,Under Construction,Semi-Furnished,North,Main Road,NA,1.0,2.0,1.0,Freehold,842 sqft,NA,3869 sqft
Property 516,A nice property,37 Lac,3731057,Ludhiana,1085 sqft,Ready,15,Ready to Move,Semi-Furnished,West,Main Road,Society 1,5.0,,0.0,Freehold,3390 sqft,NA,747 sqft
Property 517,A nice property,1.5 Cr,15328244,Delhi,2871 sqft,Resale,14,Ready to Move,Semi-Furnished,East,Main Road,Society 28,3.0,0.0,0.0,Leasehold,804 sqft,NA,3491 sqft
Property 518,A nice property,73 Lac,7348371,Chandigarh,1639 sqft,Ready,6,Ready to Move,Semi-Furnished,East,Main Road,Society 1,4.0,1.0,3.0,Freehold,4710 sqft,NA,1139 sqft
Property 519,A nice property,30 Lac,3092686,Surat,1687 sqft,Ready,Ground,Under Construction,Semi-Furnished,West,Main Road,Society 16,2.0,3.0,,Leasehold,1531 sqft,NA,NA
Property 520,A nice property,21 Lac,2120346,Ghaziabad,2645 sqft,Resale,15,Ready to Move,Unfurnished,South,Main Road,Society 13,1.0,0.0,1.0,Leasehold,5440 sqft,NA,3477 sqft
Property 521,A nice property,39 Lac,3972210,Kolkata,1798 sqft,Ready,Ground,Ready to Move,Semi-Furnished,North,Main Road,Society 43,4.0,3.0,,Freehold,4453 sqft,NA,3791 sqft
Property 522,A nice property,28 Lac,2888074,Bhopal,3238 sqft,Ready,15,Ready to Move,Furnished,North,Main Road,Society 41,1.0,,2.0,Freehold,986 sqft,NA,4139 sqft
Property 523,A nice property,63 Lac,6395721,Visakhapatnam,2627 sqft,Resale,7,Ready to Move,Furnished,North,Main Road,Society 26,3.0,,2.0,Leasehold,5630 sqft,NA,4997 sqft
Property 524,A nice property,54 Lac,5483963,Bhopal,3817 sqft,Ready,13,Under Construction,Semi-Furnished,East,Park,Society 17,2.0,,3.0,Leasehold,3599 sqft,NA,4062 sqft
Property 525,A nice property,57 Lac,5771623,Ahmedabad,4609 sqft,Under Construction,1,Under Construction,Furnished,South,Main Road,Society 47,4.0,1.0,,Leasehold,4673 sqft,NA,3623 sqft
Property 526,A nice property,1.1 Cr,10635542,Pune,1764 sqft,Ready,23,Under Construction,Unfurnished,South,NA,NA,5.0,1.0,,Leasehold,3102 sqft,NA,1837 sqft
Property 527,A nice property,2.4 Cr,23510149,Mumbai,2801 sqft,Under Construction,14,Ready to Move,Semi-Furnished,South,NA,Society 18,5.0,2.0,,Freehold,3211 sqft,NA,2406 sqft
Property 528,A nice property,86 Lac,8698872,Hyderabad,3993 sqft,Resale,Ground,Under Construction,Furnished,South,NA,Society 32,4.0,,1.0,Leasehold,3553 sqft,NA,745 sqft
Property 529,A nice property,45 Lac,4577169,Surat,3673 sqft,Ready,20,Ready to Move,Unfurnished,North,NA,Society 14,5.0,0.0,,Freehold,2972 sqft,NA,1149 sqft
Property 530,A nice property,63 Lac,6345824,Ahmedabad,4302 sqft,Under Construction,10,Under Construction,Unfurnished,South,Park,NA,4.0,0.0,0.0,Leasehold,900 sqft,NA,NA
Property 531,A nice property,34 Lac,3402707,Chennai,1218 sqft,Under Construction,13,Ready to Move,Furnished,South,Main Road,Society 38,3.0,1.0,0.0,Leasehold,4275 sqft,NA,NA
Property 532,A nice property,34 Lac,3492221,Kochi,1362 sqft,Under Construction,19,Under Construction,Unfurnished,South,Main Road,Society 37,2.0,1.0,,Freehold,5542 sqft,NA,NA
Property 533,A nice property,62 Lac,6280542,Chandigarh,3900 sqft,Ready,22,Under Construction,Furnished,South,NA,Society 48,2.0,,3.0,Freehold,1653 sqft,NA,2911 sqft
Property 534,A nice property,1.4 Cr,14207349,Bangalore,4823 sqft,Under Construction,Ground,Ready to Move,Furnished,South,Park,Society 35,5.0,2.0,3.0,Leasehold,3234 sqft,NA,NA
Property 535,A nice property,66 Lac,6652652,Vadodara,2879 sqft,Ready,Ground,Ready to Move,Unfurnished,East,Main Road,Society 39,2.0,1.0,3.0,Leasehold,2725 sqft,NA,NA
Property 536,A nice property,20 Lac,2091247,Ahmedabad,3623 sqft,Resale,2,Ready to Move,Semi-Furnished,West,Main Road,Society 17,2.0,,3.0,Freehold,4876 sqft,NA,575 sqft
Property 537,A nice property,1.2 Cr,12371796,Hyderabad,4324 sqft,Resale,14,Under Construction,Semi-Furnished,North,Main Road,Society 46,1.0,2.0,3.0,Freehold,4424 sqft,NA,2935 sqft
Property 538,A nice property,36 Lac,3638313,Chandigarh,4598 sqft,Ready,18,Under Construction,Unfurnished,West,NA,Society 3,1.0,,3.0,Leasehold,4255 sqft,NA,NA
Property 539,A nice property,45 Lac,4536514,Pune,3281 sqft,Ready,21,Under Construction,Semi-Furnished,South,Park,Society 40,2.0,,2.0,Leasehold,4556 sqft,NA,4671 sqft
Property 540,A nice property,23 Lac,2368235,Chandigarh,620 sqft,Resale,16,Under Construction,Semi-Furnished,South,NA,Society 21,2.0,1.0,2.0,Leasehold,2397 sqft,NA,661 sqft
Property 541,A nice property,45 Lac,4510577,Kochi,1363 sqft,Resale,20,Under Construction,Semi-Furnished,North,Main Road,NA,,0.0,0.0,Leasehold,5224 sqft,NA,2598 sqft
Property 542,A nice property,71 Lac,7134996,Vadodara,4355 sqft,Under Construction,Ground,Under Construction,Unfurnished,North,NA,Society 45,5.0,3.0,0.0,Freehold,5971 sqft,NA,947 sqft
Property 543,A nice property,56 Lac,5627223,Ludhiana,3534 sqft,Resale,23,Under Construction,Furnished,South,Park,Society 14,5.0,2.0,2.0,Leasehold,3200 sqft,NA,1005 sqft
Property 544,A nice property,39 Lac,3932662,Indore,1118 sqft,Under Construction,6,Ready to Move,Furnished,East,NA,NA,4.0,3.0,0.0,Freehold,2712 sqft,NA,2075 sqft
Property 545,A nice property,22 Lac,2262476,Chandigarh,4978 sqft,Resale,7,Ready to Move,Semi-Furnished,East,Main Road,Society 28,4.0,0.0,,Leasehold,1653 sqft,NA,2903 sqft
Property 546,A nice property,78 Lac,7854986,Ludhiana,3858 sqft,Resale,15,Ready to Move,Furnished,West,NA,Society 9,5.0,0.0,,Freehold,5891 sqft,NA,NA
Property 547,A nice property,68 Lac,6853731,Kochi,2384 sqft,Ready,8,Ready to Move,Semi-Furnished,South,Main Road,NA,,,1.0,Freehold,3300 sqft,NA,752 sqft
Property 548,A nice property,52 Lac,5243817,Surat,4119 sqft,Resale,22,Ready to Move,Semi-Furnished,North,Park,Society 38,3.0,1.0,2.0,Leasehold,3752 sqft,NA,2203 sqft
Property 549,A nice property,55 Lac,5501560,Vadodara,2335 sqft,Resale,20,Under Construction,Semi-Furnished,South,NA,Society 25,5.0,1.0,0.0,Leasehold,4084 sqft,NA,3893 sqft
Property 550,A nice property,52 Lac,5283364,Chandigarh,4652 sqft,Resale,Ground,Under Construction,Furnished,West,Main Road,NA,3.0,1.0,1.0,Freehold,4757 sqft,NA,2670 sqft
Property 551,A nice property,57 Lac,5767430,Chennai,2799 sqft,Ready,15,Under Construction,Semi-Furnished,West,Main Road,NA,5.0,3.0,,Leasehold,4178 sqft,NA,1101 sqft
Property 552,A nice property,56 Lac,5665768,Visakhapatnam,3244 sqft,Under Construction,10,Under Construction,Semi-Furnished,North,Main Road,Society 38,5.0,2.0,0.0,Leasehold,5683 sqft,NA,828 sqft
Property 553,A nice property,34 Lac,3464942,Chandigarh,2923 sqft,Resale,13,Under Construction,Furnished,South,NA,Society 35,2.0,3.0,0.0,Freehold,3276 sqft,NA,2748 sqft
Property 554,A nice property,67 Lac,6761865,Jaipur,3366 sqft,Resale,Ground,Ready to Move,Semi-Furnished,East,Main Road,Society 5,,0.0,2.0,Leasehold,5610 sqft,NA,2195 sqft
Property 555,A nice property,51 Lac,5173762,Ahmedabad,1669 sqft,Resale,Ground,Under Construction,Unfurnished,North,Park,Society 7,2.0,0.0,0.0,Leasehold,4483 sqft,NA,3350 sqft
Property 556,A nice property,22 Lac,2265469,Jaipur,4575 sqft,Ready,24,Ready to Move,Semi-Furnished,South,Main Road,Society 19,,0.0,1.0,Leasehold,5819 sqft,NA,576 sqft
Property 557,A nice property,73 Lac,7308035,Kochi,3415 sqft,Under Construction,16,Ready to Move,Furnished,West,NA,Society 22,3.0,0.0,0.0,Leasehold,2039 sqft,NA,3485 sqft
Property 558,A nice property,33 Lac,3314149,Visakhapatnam,996 sqft,Ready,6,Under Construction,Semi-Furnished,North,Park,Society 2,3.0,0.0,3.0,Freehold,5313 sqft,NA,NA
Property 559,A nice property,79 Lac,7948015,Ahmedabad,976 sqft,Ready,10,Under Construction,Furnished,North,NA,NA,2.0,1.0,,Leasehold,3789 sqft,NA,3092 sqft
Property 560,A nice property,71 Lac,7106036,Jaipur,1415 sqft,Under Construction,3,Under Construction,Unfurnished,South,Park,NA,5.0,1.0,0.0,Leasehold,2175 sqft,NA,3901 sqft
Property 561,A nice property,56 Lac,5642004,Chandigarh,4364 sqft,Ready,5,Ready to Move,Semi-Furnished,South,Main Road,Society 28,5.0,1.0,0.0,Freehold,4050 sqft,NA,4027 sqft
Property 562,A nice property,1.6 Cr,15917672,Delhi,733 sqft,Resale,6,Under Construction,Semi-Furnished,North,Park,Society 11,3.0,1.0,2.0,Leasehold,2556 sqft,NA,3430 sqft
Property 563,A nice property,46 Lac,4616294,Lucknow,1617 sqft,Resale,4,Under Construction,Semi-Furnished,South,Park,NA,,3.0,3.0,Leasehold,2044 sqft,NA,2689 sqft
Property 564,A nice property,71 Lac,7116577,Ahmedabad,1894 sqft,Under Construction,16,Under Construction,Unfurnished,West,Main Road,NA,3.0,1.0,0.0,Freehold,4598 sqft,NA,4779 sqft
Property 565,A nice property,70 Lac,7018216,Jaipur,4215 sqft,Ready,7,Under Construction,Semi-Furnished,North,NA,Society 34,4.0,,3.0,Freehold,2489 sqft,NA,1089 sqft
Property 566,A nice property,25 Lac,2587791,Indore,4339 sqft,Under Construction,1,Under Construction,Furnished,West,Main Road,Society 20,2.0,1.0,1.0,Leasehold,2071 sqft,NA,672 sqft
Property 567,A nice property,73 Lac,7347205,Indore,605 sqft,Resale,9,Ready to Move,Unfurnished,South,Park,Society 20,3.0,,2.0,Freehold,2866 sqft,NA,1486 sqft
Property 568,A nice property,23 Lac,2348658,Vadodara,4104 sqft,Ready,6,Ready to Move,Furnished,South,Main Road,NA,1.0,2.0,3.0,Leasehold,2570 sqft,NA,1577 sqft
Property 569,A nice property,93 Lac,9312054,Delhi,2257 sqft,Ready,17,Ready to Move,Semi-Furnished,East,Park,Society 41,5.0,0.0,3.0,Leasehold,4706 sqft,NA,NA
Property 570,A nice property,1.2 Cr,11767067,Pune,1680 sqft,Under Construction,3,Ready to Move,Furnished,East,Main Road,NA,3.0,3.0,1.0,Freehold,1051 sqft,NA,1778 sqft
Property 571,A nice property,55 Lac,5563745,Pune,3072 sqft,Resale,4,Under Construction,Unfurnished,West,NA,Society 30,3.0,3.0,0.0,Leasehold,2261 sqft,NA,2386 sqft
Property 572,A nice property,54 Lac,5481501,Ahmedabad,1902 sqft,Under Construction,4,Under Construction,Unfurnished,South,Main Road,Society 45,3.0,0.0,2.0,Freehold,5899 sqft,NA,1440 sqft
Property 573,A nice property,44 Lac,4498171,Bhopal,2844 sqft,Resale,16,Under Construction,Unfurnished,South,NA,Society 33,1.0,2.0,1.0,Leasehold,5744 sqft,NA,3243 sqft
Property 574,A nice property,89 Lac,8996976,Pune,1364 sqft,Resale,11,Ready to Move,Unfurnished,West,Park,Society 34,4.0,,0.0,Freehold,1345 sqft,NA,1149 sqft
Property 575,A nice property,41 Lac,4156137,Kolkata,3552 sqft,Under Construction,25,Under Construction,Unfurnished,West,Park,NA,1.0,0.0,,Leasehold,5377 sqft,NA,NA
Property 576,A nice property,1.9 Cr,18932697,Delhi,2651 sqft,Ready,18,Under Construction,Unfurnished,South,Main Road,Society 14,4.0,,2.0,Freehold,1030 sqft,NA,4357 sqft
Property 577,A nice property,46 Lac,4690444,Surat,1275 sqft,Ready,5,Ready to Move,Unfurnished,West,Park,Society 42,4.0,,1.0,Freehold,3374 sqft,NA,NA
Property 578,A nice property,73 Lac,7351512,Surat,3646 sqft,Under Construction,Ground,Ready to Move,Semi-Furnished,East,NA,Society 31,1.0,3.0,0.0,Leasehold,4051 sqft,NA,3529 sqft
Property 579,A nice property,62 Lac,6212168,Indore,1955 sqft,Resale,Ground,Under Construction,Unfurnished,East,Main Road,NA,1.0,,,Freehold,4021 sqft,NA,2656 sqft
Property 580,A nice property,42 Lac,4220370,Vadodara,1024 sqft,Under Construction,4,Under Construction,Unfurnished,East,NA,Society 19,2.0,,2.0,Leasehold,3330 sqft,NA,3718 sqft
Property 581,A nice property,45 Lac,4555874,Chandigarh,3846 sqft,Ready,15,Under Construction,Furnished,South,Main Road,NA,5.0,0.0,0.0,Leasehold,1594 sqft,NA,3955 sqft
Property 582,A nice property,54 Lac,5414459,Surat,3102 sqft,Under Construction,25,Under Construction,Unfurnished,North,Park,Society 25,1.0,0.0,2.0,Leasehold,2875 sqft,NA,NA
Property 583,A nice property,1.2 Cr,11774255,Bangalore,2518 sqft,Resale,4,Ready to Move,Unfurnished,South,Park,Society 47,4.0,3.0,2.0,Freehold,1215 sqft,NA,2586 sqft
Property 584,A nice property,59 Lac,5923974,Kolkata,4116 sqft,Resale,20,Ready to Move,Unfurnished,West,NA,NA,1.0,0.0,3.0,Leasehold,2613 sqft,NA,NA
Property 585,A nice property,58 Lac,5874002,Surat,1347 sqft,Ready,4,Under Construction,Unfurnished,East,NA,Society 37,,3.0,2.0,Freehold,3224 sqft,NA,NA
Property 586,A nice property,29 Lac,2990174,Bhopal,1379 sqft,Under Construction,Ground,Under Construction,Furnished,West,Main Road,Society 26,5.0,2.0,0.0,Freehold,2266 sqft,NA,3101 sqft
Property 587,A nice property,40 Lac,4056193,Ghaziabad,608 sqft,Under Construction,4,Ready to Move,Unfurnished,West,Main Road,Society 48,2.0,,2.0,Freehold,872 sqft,NA,1495 sqft
Property 588,A nice property,2.3 Cr,23106314,Mumbai,2348 sqft,Resale,4,Ready to Move,Furnished,North,Park,Society 39,3.0,1.0,3.0,Leasehold,4372 sqft,NA,NA
Property 589,A nice property,29 Lac,2933321,Ghaziabad,4506 sqft,Resale,Ground,Under Construction,Semi-Furnished,North,NA,Society 18,5.0,2.0,2.0,Freehold,3953 sqft,NA,2138 sqft
Property 590,A nice property,48 Lac,4890482,Bhopal,1238 sqft,Ready,Ground,Ready to Move,Furnished,South,Main Road,Society 49,5.0,2.0,3.0,Freehold,4946 sqft,NA,1109 sqft
Property 591,A nice property,36 Lac,3656923,Visakhapatnam,1687 sqft,Ready,10,Ready to Move,Unfurnished,North,Park,Society 33,2.0,,2.0,Freehold,2589 sqft,NA,556 sqft
Property 592,A nice property,1.7 Cr,16545190,Mumbai,2452 sqft,Ready,25,Ready to Move,Unfurnished,South,NA,Society 29,5.0,2.0,,Freehold,1931 sqft,NA,3137 sqft
Property 593,A nice property,34 Lac,3403516,Nagpur,4855 sqft,Resale,24,Ready to Move,Furnished,North,Main Road,Society 37,4.0,0.0,0.0,Freehold,5429 sqft,NA,NA
Property 594,A nice property,59 Lac,5905651,Lucknow,4245 sqft,Under Construction,Ground,Ready to Move,Furnished,West,Park,Society 25,1.0,1.0,,Leasehold,4853 sqft,NA,3008 sqft
Property 595,A nice property,62 Lac,6210958,Bhopal,676 sqft,Resale,12,Ready to Move,Semi-Furnished,West,Park,NA,5.0,3.0,,Freehold,4336 sqft,NA,1948 sqft
Property 596,A nice property,68 Lac,6882281,Surat,666 sqft,Resale,5,Ready to Move,Furnished,South,Main Road,Society 16,4.0,3.0,2.0,Freehold,3851 sqft,NA,663 sqft
Property 597,A nice property,37 Lac,3777535,Vadodara,3414 sqft,Ready,7,Ready to Move,Semi-Furnished,North,Park,Society 40,1.0,1.0,3.0,Freehold,5183 sqft,NA,4079 sqft
Property 598,A nice property,73 Lac,7331901,Vadodara,1587 sqft,Ready,14,Under Construction,Furnished,South,NA,Society 29,5.0,2.0,2.0,Leasehold,1403 sqft,NA,NA
Property 599,A nice property,34 Lac,3463922,Ludhiana,4059 sqft,Ready,1,Ready to Move,Unfurnished,South,NA,NA,3.0,0.0,3.0,Leasehold,5950 sqft,NA,4010 sqft
Property 600,A nice property,63 Lac,6371509,Ahmedabad,1682 sqft,Resale,16,Under Construction,Furnished,South,Park,Society 8,,1.0,0.0,Freehold,5886 sqft,NA,1551 sqft
Property 601,A nice property,58 Lac,5894506,Visakhapatnam,4513 sqft,Under Construction,17,Ready to Move,Unfurnished,South,Park,NA,3.0,2.0,3.0,Freehold,4234 sqft,NA,2386 sqft
Property 602,A nice property,38 Lac,3803377,Ahmedabad,1180 sqft,Under Construction,9,Under Construction,Unfurnished,North,Park,Society 37,1.0,,2.0,Leasehold,973 sqft,NA,NA
Property 603,A nice property,32 Lac,3224919,Jaipur,2475 sqft,Under Construction,25,Under Construction,Furnished,North,Park,Society 27,3.0,,0.0,Freehold,3601 sqft,NA,1312 sqft
Property 604,A nice property,34 Lac,3455621,Surat,3738 sqft,Under Construction,21,Under Construction,Unfurnished,South,Park,NA,4.0,0.0,2.0,Leasehold,5838 sqft,NA,2446 sqft
Property 605,A nice property,59 Lac,5929556,Visakhapatnam,1331 sqft,Resale,5,Ready to Move,Unfurnished,North,NA,Society 1,3.0,2.0,0.0,Leasehold,1410 sqft,NA,NA
Property 606,A nice property,2.1 Cr,20670840,Mumbai,1439 sqft,Ready,17,Under Construction,Furnished,East,Main Road,NA,5.0,3.0,1.0,Freehold,5476 sqft,NA,NA
Property 607,A nice property,55 Lac,5575643,Bhopal,1445 sqft,Ready,8,Under Construction,Unfurnished,North,Park,Society 21,4.0,1.0,1.0,Freehold,1546 sqft,NA,1305 sqft
Property 608,A nice property,46 Lac,4687820,Indore,3166 sqft,Under Construction,14,Ready to Move,Unfurnished,East,Main Road,Society 44,3.0,1.0,2.0,Freehold,4556 sqft,NA,NA
Property 609,A nice property,41 Lac,4156364,Bhopal,3611 sqft,Resale,14,Ready to Move,Unfurnished,East,NA,Society 18,3.0,2.0,1.0,Leasehold,760 sqft,NA,NA
Property 610,A nice property,64 Lac,6481990,Chennai,3051 sqft,Under Construction,Ground,Under Construction,Furnished,East,Park,Society 43,1.0,3.0,0.0,Leasehold,2011 sqft,NA,982 sqft
Property 611,A nice property,72 Lac,7298032,Chandigarh,1723 sqft,Under Construction,Ground,Under Construction,Unfurnished,South,Main Road,Society 26,5.0,2.0,,Freehold,2895 sqft,NA,4637 sqft
Property 612,A nice property,83 Lac,8357528,Pune,3735 sqft,Resale,22,Under Construction,Unfurnished,South,Main Road,Society 49,4.0,0.0,0.0,Freehold,2224 sqft,NA,4200 sqft
Property 613,A nice property,30 Lac,3074496,Ludhiana,1690 sqft,Under Construction,1,Under Construction,Semi-Furnished,North,NA,Society 32,,2.0,0.0,Freehold,2647 sqft,NA,NA
Property 614,A nice property,61 Lac,6191111,Vadodara,1770 sqft,Ready,25,Ready to Move,Furnished,West,Main Road,Society 12,4.0,3.0,3.0,Leasehold,4204 sqft,NA,1611 sqft
Property 615,A nice property,1.8 Cr,18238095,Mumbai,1160 sqft,Resale,17,Ready to Move,Unfurnished,West,Park,Society 28,4.0,,3.0,Leasehold,2668 sqft,NA,2013 sqft
Property 616,A nice property,69 Lac,6983183,Bhopal,4945 sqft,Under Construction,Ground,Under Construction,Unfurnished,South,Park,Society 1,2.0,3.0,,Leasehold,4316 sqft,NA,4165 sqft
Property 617,A nice property,44 Lac,4429693,Ghaziabad,669 sqft,Ready,11,Ready to Move,Unfurnished,South,NA,NA,1.0,2.0,3.0,Freehold,2750 sqft,NA,NA
Property 618,A nice property,55 Lac,5593223,Ghaziabad,1944 sqft,Resale,25,Under Construction,Furnished,South,Main Road,Society 22,2.0,0.0,,Freehold,2461 sqft,NA,1129 sqft
Property 619,A nice property,1.8 Cr,18245978,Mumbai,4205 sqft,Under Construction,2,Ready to Move,Unfurnished,North,NA,Society 27,3.0,,0.0,Freehold,4488 sqft,NA,2604 sqft
Property 620,A nice property,1.1 Cr,10750590,Delhi,3476 sqft,Under Construction,2,Ready to Move,Semi-Furnished,South,Park,Society 9,1.0,3.0,1.0,Freehold,2742 sqft,NA,3415 sqft
Property 621,A nice property,72 Lac,7268141,Surat,2345 sqft,Ready,21,Ready to Move,Semi-Furnished,West,NA,Society 4,2.0,,0.0,Freehold,5075 sqft,NA,2070 sqft
Property 622,A nice property,81 Lac,8116034,Pune,1840 sqft,Resale,19,Under Construction,Furnished,North,Main Road,Society 27,3.0,3.0,2.0,Leasehold,1070 sqft,NA,3209 sqft
Property 623,A nice property,74 Lac,7432798,Chandigarh,3972 sqft,Under Construction,21,Ready to Move,Furnished,West,Park,Society 17,2.0,,2.0,Freehold,1251 sqft,NA,NA
Property 624,A nice property,24 Lac,2491597,Chennai,4224 sqft,Ready,Ground,Under Construction,Unfurnished,North,Park,Society 10,3.0,3.0,3.0,Leasehold,2484 sqft,NA,3992 sqft
Property 625,A nice property,91 Lac,9172651,Bangalore,2379 sqft,Ready,17,Under Construction,Semi-Furnished,East,NA,NA,2.0,,1.0,Leasehold,1316 sqft,NA,1923 sqft
Property 626,A nice property,22 Lac,2252231,Jaipur,1310 sqft,Under Construction,Ground,Under Construction,Unfurnished,West,Park,Society 20,3.0,3.0,1.0,Leasehold,5005 sqft,NA,4862 sqft
Property 627,A nice property,22 Lac,2234160,Bhopal,1423 sqft,Under Construction,22,Ready to Move,Furnished,South,Park,Society 50,2.0,1.0,3.0,Leasehold,2852 sqft,NA,NA
Property 628,A nice property,33 Lac,3302948,Indore,1746 sqft,Resale,10,Under Construction,Semi-Furnished,East,Park,Society 40,1.0,1.0,2.0,Freehold,2279 sqft,NA,3725 sqft
Property 629,A nice property,73 Lac,7395556,Kolkata,1608 sqft,Ready,11,Ready to Move,Furnished,East,Main Road,Society 19,4.0,3.0,2.0,Freehold,3053 sqft,NA,NA
Property 630,A nice property,28 Lac,2839910,Chandigarh,3745 sqft,Ready,Ground,Under Construction,Furnished,North,NA,NA,3.0,3.0,3.0,Freehold,1314 sqft,NA,NA
Property 631,A nice property,45 Lac,4518692,Indore,3479 sqft,Resale,9,Ready to Move,Unfurnished,North,NA,Society 13,1.0,0.0,3.0,Freehold,2243 sqft,NA,1180 sqft
Property 632,A nice property,39 Lac,3960255,Indore,4117 sqft,Under Construction,Ground,Under Construction,Semi-Furnished,North,Park,Society 27,4.0,,0.0,Freehold,3521 sqft,NA,1074 sqft
Property 633,A nice property,52 Lac,5227487,Bhopal,3176 sqft,Resale,5,Ready to Move,Semi-Furnished,North,Park,Society 28,3.0,1.0,3.0,Freehold,4644 sqft,NA,NA
Property 634,A nice property,54 Lac,5487285,Jaipur,1745 sqft,Resale,15,Ready to Move,Furnished,North,Park,NA,5.0,3.0,,Freehold,1677 sqft,NA,1611 sqft
Property 635,A nice property,47 Lac,4737691,Surat,2629 sqft,Resale,18,Ready to Move,Furnished,North,Park,Society 21,4.0,2.0,3.0,Leasehold,4283 sqft,NA,4336 sqft
Property 636,A nice property,67 Lac,6726617,Jaipur,2868 sqft,Resale,20,Ready to Move,Furnished,North,NA,Society 3,3.0,,0.0,Leasehold,5300 sqft,NA,2720 sqft
Property 637,A nice property,99 Lac,9930580,Delhi,1290 sqft,Resale,23,Ready to Move,Unfurnished,East,NA,Society 29,4.0,,3.0,Leasehold,1870 sqft,NA,3990 sqft
Property 638,A nice property,50 Lac,5012378,Visakhapatnam,2632 sqft,Ready,21,Under Construction,Semi-Furnished,South,Main Road,NA,,3.0,2.0,Leasehold,4091 sqft,NA,4577 sqft
Property 639,A nice property,1.5 Cr,14752687,Mumbai,2934 sqft,Under Construction,7,Ready to Move,Unfurnished,North,Park,Society 13,1.0,1.0,1.0,Leasehold,1718 sqft,NA,2413 sqft
Property 640,A nice property,66 Lac,6648363,Vadodara,819 sqft,Ready,Ground,Ready to Move,Furnished,North,Park,NA,3.0,,1.0,Freehold,1235 sqft,NA,4231 sqft
Property 641,A nice property,1.5 Cr,15280011,Bangalore,3071 sqft,Resale,18,Under Construction,Unfurnished,South,Main Road,Society 18,,2.0,3.0,Freehold,1590 sqft,NA,1045 sqft
Property 642,A nice property,34 Lac,3444527,Nagpur,2283 sqft,Ready,24,Under Construction,Unfurnished,West,Main Road,NA,5.0,,2.0,Leasehold,3050 sqft,NA,524 sqft
Property 643,A nice property,38 Lac,3804212,Ahmedabad,4841 sqft,Under Construction,5,Ready to Move,Unfurnished,North,Main Road,Society 42,1.0,1.0,2.0,Freehold,4478 sqft,NA,1603 sqft
Property 644,A nice property,72 Lac,7289256,Delhi,4774 sqft,Under Construction,18,Under Construction,Unfurnished,West,Main Road,Society 12,1.0,2.0,3.0,Freehold,3827 sqft,NA,940 sqft
Property 645,A nice property,1.0 Cr,10174803,Bangalore,2145 sqft,Resale,3,Ready to Move,Semi-Furnished,East,Main Road,NA,3.0,3.0,,Leasehold,2097 sqft,NA,2327 sqft
Property 646,A nice property,1.8 Cr,18256163,Mumbai,3809 sqft,Under Construction,10,Under Construction,Unfurnished,North,NA,Society 47,2.0,0.0,1.0,Leasehold,906 sqft,NA,1181 sqft
Property 647,A nice property,47 Lac,4792573,Ahmedabad,3021 sqft,Under Construction,25,Under Construction,Furnished,North,Main Road,NA,3.0,2.0,2.0,Leasehold,4347 sqft,NA,NA
Property 648,A nice property,40 Lac,4052660,Kolkata,1047 sqft,Resale,1,Ready to Move,Furnished,South,NA,Society 35,3.0,0.0,1.0,Freehold,2379 sqft,NA,NA
Property 649,A nice property,1.5 Cr,15327051,Mumbai,2560 sqft,Ready,18,Ready to Move,Unfurnished,East,NA,Society 39,2.0,0.0,,Leasehold,2791 sqft,NA,1295 sqft
Property 650,A nice property,49 Lac,4928537,Ludhiana,4654 sqft,Ready,8,Ready to Move,Furnished,East,Park,Society 18,1.0,0.0,2.0,Leasehold,4478 sqft,NA,NA
Property 651,A nice property,1.0 Cr,10002802,Pune,3761 sqft,Resale,Ground,Ready to Move,Unfurnished,West,Park,Society 14,3.0,1.0,1.0,Freehold,5112 sqft,NA,1961 sqft
Property 652,A nice property,55 Lac,5500018,Ahmedabad,1523 sqft,Ready,14,Ready to Move,Furnished,North,NA,Society 38,2.0,,3.0,Leasehold,4644 sqft,NA,1976 sqft
Property 653,A nice property,62 Lac,6216423,Pune,2574 sqft,Resale,Ground,Under Construction,Unfurnished,East,NA,NA,2.0,1.0,,Leasehold,2575 sqft,NA,4041 sqft
Property 654,A nice property,31 Lac,3111540,Visakhapatnam,4692 sqft,Resale,2,Ready to Move,Unfurnished,East,Park,Society 41,3.0,0.0,,Freehold,3516 sqft,NA,3673 sqft
Property 655,A nice property,1.3 Cr,12788838,Hyderabad,1181 sqft,Resale,Ground,Under Construction,Unfurnished,East,Main Road,NA,4.0,0.0,3.0,Leasehold,3256 sqft,NA,632 sqft
Property 656,A nice property,70 Lac,7022011,Ghaziabad,4927 sqft,Ready,17,Ready to Move,Semi-Furnished,South,NA,Society 39,4.0,2.0,3.0,Leasehold,1691 sqft,NA,1737 sqft
Property 657,A nice property,54 Lac,5484569,Kolkata,698 sqft,Ready,2,Ready to Move,Unfurnished,North,NA,Society 37,4.0,0.0,2.0,Freehold,2998 sqft,NA,3165 sqft
Property 658,A nice property,50 Lac,5060536,Chandigarh,3558 sqft,Under Construction,4,Ready to Move,Unfurnished,South,Park,Society 9,5.0,1.0,3.0,Freehold,3351 sqft,NA,NA
Property 659,A nice property,60 Lac,6062398,Jaipur,3192 sqft,Resale,19,Under Construction,Semi-Furnished,West,Park,Society 22,4.0,1.0,2.0,Freehold,3558 sqft,NA,3624 sqft
Property 660,A nice property,76 Lac,7627454,Nagpur,1681 sqft,Resale,15,Under Construction,Furnished,East,NA,Society 36,,1.0,3.0,Freehold,4120 sqft,NA,3786 sqft
Property 661,A nice property,50 Lac,5091938,Chennai,3768 sqft,Resale,8,Under Construction,Furnished,West,Main Road,Society 14,5.0,0.0,0.0,Leasehold,3201 sqft,NA,3928 sqft
Property 662,A nice property,45 Lac,4543979,Ludhiana,4047 sqft,Ready,Ground,Ready to Move,Semi-Furnished,North,NA,Society 40,2.0,,1.0,Leasehold,4403 sqft,NA,NA
Property 663,A nice property,70 Lac,7073361,Ludhiana,3593 sqft,Under Construction,Ground,Under Construction,Furnished,South,NA,Society 1,3.0,,,Freehold,2289 sqft,NA,1404 sqft
Property 664,A nice property,1.5 Cr,14643362,Hyderabad,2015 sqft,Ready,21,Under Construction,Semi-Furnished,South,Main Road,Society 3,4.0,,,Freehold,1226 sqft,NA,NA
Property 665,A nice property,32 Lac,3247880,Chennai,4458 sqft,Resale,20,Ready to Move,Furnished,East,NA,Society 23,4.0,2.0,2.0,Leasehold,1500 sqft,NA,NA
Property 666,A nice property,75 Lac,7574557,Lucknow,1197 sqft,Resale,10,Under Construction,Furnished,North,Main Road,Society 25,4.0,1.0,3.0,Freehold,3947 sqft,NA,2718 sqft
Property 667,A nice property,40 Lac,4088872,Hyderabad,736 sqft,Ready,23,Ready to Move,Semi-Furnished,East,NA,Society 32,2.0,2.0,1.0,Freehold,4893 sqft,NA,2460 sqft
Property 668,A nice property,38 Lac,3854563,Ghaziabad,1153 sqft,Under Construction,5,Under Construction,Unfurnished,West,Main Road,Society 33,1.0,0.0,,Leasehold,5072 sqft,NA,1978 sqft
Property 669,A nice property,80 Lac,8024296,Mumbai,712 sqft,Ready,17,Under Construction,Semi-Furnished,West,Park,Society 1,3.0,0.0,0.0,Freehold,3377 sqft,NA,4411 sqft
Property 670,A nice property,29 Lac,2948263,Lucknow,2747 sqft,Resale,4,Under Construction,Semi-Furnished,North,NA,Society 32,1.0,3.0,1.0,Leasehold,5553 sqft,NA,4460 sqft
Property 671,A nice property,36 Lac,3693110,Ghaziabad,2367 sqft,Resale,19,Under Construction,Semi-Furnished,West,Park,Society 15,2.0,2.0,0.0,Freehold,2142 sqft,NA,3875 sqft
Property 672,A nice property,39 Lac,3952535,Bhopal,926 sqft,Resale,25,Under Construction,Furnished,West,NA,Society 44,1.0,1.0,,Leasehold,4013 sqft,NA,4830 sqft
Property 673,A nice property,73 Lac,7331455,Bhopal,1095 sqft,Ready,4,Under Construction,Unfurnished,North,Main Road,NA,3.0,3.0,0.0,Leasehold,3996 sqft,NA,2193 sqft
Property 674,A nice property,59 Lac,5915182,Kolkata,3860 sqft,Ready,14,Under Construction,Furnished,North,NA,Society 41,4.0,3.0,,Freehold,2595 sqft,NA,3338 sqft
Property 675,A nice property,1.6 Cr,15717780,Delhi,4750 sqft,Under Construction,Ground,Ready to Move,Unfurnished,North,Park,Society 3,1.0,1.0,0.0,Freehold,4578 sqft,NA,3703 sqft
Property 676,A nice property,53 Lac,5327923,Ghaziabad,2946 sqft,Ready,2,Ready to Move,Furnished,North,Main Road,NA,1.0,2.0,0.0,Leasehold,5919 sqft,NA,NA
Property 677,A nice property,26 Lac,2614256,Ahmedabad,4704 sqft,Resale,5,Ready to Move,Furnished,East,NA,Society 1,3.0,,3.0,Leasehold,854 sqft,NA,4540 sqft
Property 678,A nice property,1.4 Cr,14259099,Hyderabad,4003 sqft,Ready,15,Under Construction,Semi-Furnished,South,Main Road,NA,4.0,,0.0,Freehold,813 sqft,NA,3288 sqft
Property 679,A nice property,26 Lac,2654215,Lucknow,4069 sqft,Under Construction,22,Under Construction,Semi-Furnished,West,Main Road,Society 18,2.0,3.0,2.0,Leasehold,5168 sqft,NA,4810 sqft
Property 680,A nice property,50 Lac,5065411,Ludhiana,3895 sqft,Under Construction,19,Under Construction,Unfurnished,East,NA,NA,5.0,1.0,1.0,Leasehold,4981 sqft,NA,802 sqft
Property 681,A nice property,1.2 Cr,11666056,Hyderabad,1275 sqft,Under Construction,25,Under Construction,Unfurnished,East,Park,Society 3,2.0,1.0,0.0,Freehold,5651 sqft,NA,898 sqft
Property 682,A nice property,60 Lac,6041808,Ghaziabad,4995 sqft,Under Construction,9,Ready to Move,Unfurnished,North,NA,Society 6,3.0,0.0,1.0,Leasehold,2899 sqft,NA,936 sqft
Property 683,A nice property,61 Lac,6134704,Bangalore,1850 sqft,Under Construction,21,Under Construction,Unfurnished,East,Main Road,Society 34,4.0,0.0,,Freehold,2531 sqft,NA,852 sqft
Property 684,A nice property,28 Lac,2832977,Nagpur,2873 sqft,Resale,15,Ready to Move,Semi-Furnished,East,Main Road,Society 49,3.0,3.0,,Leasehold,5195 sqft,NA,2030 sqft
Property 685,A nice property,46 Lac,4606392,Vadodara,1284 sqft,Resale,16,Ready to Move,Semi-Furnished,South,Park,NA,4.0,2.0,,Leasehold,2292 sqft,NA,4637 sqft
Property 686,A nice property,27 Lac,2747810,Surat,3138 sqft,Resale,14,Under Construction,Furnished,West,Main Road,Society 40,3.0,3.0,1.0,Leasehold,1071 sqft,NA,NA
Property 687,A nice property,29 Lac,2966366,Nagpur,1247 sqft,Under Construction,Ground,Under Construction,Unfurnished,West,Main Road,Society 2,1.0,3.0,2.0,Freehold,1720 sqft,NA,3537 sqft
Property 688,A nice property,63 Lac,6325161,Delhi,4788 sqft,Ready,5,Ready to Move,Furnished,North,NA,Society 20,3.0,3.0,2.0,Leasehold,3142 sqft,NA,NA
Property 689,A nice property,49 Lac,4987481,Kochi,2264 sqft,Ready,15,Under Construction,Semi-Furnished,South,Main Road,NA,4.0,2.0,2.0,Freehold,5181 sqft,NA,NA
Property 690,A nice property,64 Lac,6431933,Indore,1872 sqft,Ready,23,Under Construction,Unfurnished,West,NA,Society 37,4.0,3.0,,Freehold,3697 sqft,NA,1137 sqft
Property 691,A nice property,1.2 Cr,11622377,Mumbai,4994 sqft,Ready,17,Ready to Move,Furnished,South,Park,Society 43,3.0,2.0,2.0,Leasehold,4582 sqft,NA,2858 sqft
Property 692,A nice property,73 Lac,7341096,Surat,3276 sqft,Ready,7,Under Construction,Furnished,East,Park,Society 19,5.0,2.0,0.0,Leasehold,4854 sqft,NA,NA
Property 693,A nice property,51 Lac,5191436,Visakhapatnam,3800 sqft,Ready,2,Under Construction,Semi-Furnished,South,Main Road,Society 30,2.0,3.0,0.0,Freehold,1552 sqft,NA,NA
Property 694,A nice property,65 Lac,6579714,Hyderabad,1141 sqft,Resale,18,Under Construction,Unfurnished,East,Main Road,Society 24,2.0,2.0,0.0,Leasehold,4014 sqft,NA,3922 sqft
Property 695,A nice property,37 Lac,3777243,Surat,3140 sqft,Resale,4,Ready to Move,Furnished,East,NA,Society 8,3.0,1.0,1.0,Leasehold,3759 sqft,NA,894 sqft
Property 696,A nice property,25 Lac,2579934,Nagpur,4183 sqft,Under Construction,14,Ready to Move,Furnished,North,Main Road,Society 5,1.0,3.0,0.0,Leasehold,4251 sqft,NA,1975 sqft
Property 697,A nice property,49 Lac,4966687,Chandigarh,2554 sqft,Resale,12,Under Construction,Unfurnished,East,Main Road,Society 28,5.0,1.0,1.0,Leasehold,780 sqft,NA,846 sqft
Property 698,A nice property,75 Lac,7582721,Pune,1074 sqft,Resale,2,Under Construction,Semi-Furnished,East,NA,Society 44,3.0,2.0,1.0,Leasehold,4952 sqft,NA,1255 sqft
Property 699,A nice property,71 Lac,7113310,Surat,2602 sqft,Resale,4,Ready to Move,Furnished,South,Park,Society 11,5.0,1.0,2.0,Freehold,5037 sqft,NA,4634 sqft
Property 700,A nice property,42 Lac,4292829,Chennai,1306 sqft,Ready,12,Under Construction,Semi-Furnished,West,Main Road,Society 33,4.0,1.0,3.0,Freehold,1086 sqft,NA,3043 sqft
Property 701,A nice property,33 Lac,3346019,Kochi,4159 sqft,Resale,16,Ready to Move,Furnished,North,Park,Society 47,5.0,0.0,2.0,Leasehold,2867 sqft,NA,4895 sqft
Property 702,A nice property,66 Lac,6603783,Jaipur,1550 sqft,Ready,5,Under Construction,Furnished,North,Main Road,NA,,1.0,,Freehold,1261 sqft,NA,4541 sqft
Property 703,A nice property,26 Lac,2614971,Ludhiana,4314 sqft,Ready,19,Under Construction,Furnished,West,Main Road,Society 42,1.0,2.0,2.0,Leasehold,4863 sqft,NA,617 sqft
Property 704,A nice property,29 Lac,2949210,Vadodara,1050 sqft,Resale,10,Under Construction,Furnished,North,Park,Society 26,5.0,,0.0,Leasehold,5785 sqft,NA,1267 sqft
Property 705,A nice property,50 Lac,5004711,Visakhapatnam,3133 sqft,Ready,Ground,Under Construction,Unfurnished,West,Park,Society 18,3.0,2.0,,Freehold,1009 sqft,NA,2786 sqft
Property 706,A nice property,65 Lac,6574796,Chandigarh,2038 sqft,Under Construction,24,Under Construction,Furnished,South,Park,NA,1.0,1.0,1.0,Leasehold,1763 sqft,NA,1266 sqft
Property 707,A nice property,58 Lac,5880962,Surat,1578 sqft,Ready,4,Under Construction,Semi-Furnished,South,NA,Society 16,4.0,3.0,,Leasehold,3004 sqft,NA,NA
Property 708,A nice property,53 Lac,5397478,Ghaziabad,703 sqft,Resale,3,Under Construction,Furnished,West,Park,Society 15,2.0,2.0,0.0,Leasehold,3029 sqft,NA,NA
Property 709,A nice property,48 Lac,4834327,Jaipur,1724 sqft,Under Construction,Ground,Under Construction,Semi-Furnished,West,Park,NA,3.0,3.0,3.0,Freehold,3994 sqft,NA,3226 sqft
Property 710,A nice property,23 Lac,2327595,Indore,692 sqft,Ready,19,Under Construction,Semi-Furnished,East,Main Road,Society 2,3.0,3.0,2.0,Leasehold,2212 sqft,NA,832 sqft
Property 711,A nice property,68 Lac,6839015,Ahmedabad,1942 sqft,Resale,15,Ready to Move,Semi-Furnished,North,NA,Society 24,,1.0,3.0,Freehold,5252 sqft,NA,4544 sqft
Property 712,A nice property,1.8 Cr,18015463,Delhi,4666 sqft,Resale,Ground,Under Construction,Furnished,South,Park,Society 25,4.0,3.0,0.0,Leasehold,5016 sqft,NA,2130 sqft
Property 713,A nice property,25 Lac,2538593,Jaipur,3440 sqft,Under Construction,16,Under Construction,Semi-Furnished,South,NA,Society 49,4.0,3.0,1.0,Leasehold,2096 sqft,NA,NA
Property 714,A nice property,51 Lac,5157244,Chandigarh,4884 sqft,Resale,Ground,Ready to Move,Semi-Furnished,North,NA,Society 30,1.0,,0.0,Freehold,4240 sqft,NA,4151 sqft
Property 715,A nice property,36 Lac,3694437,Ahmedabad,4837 sqft,Resale,Ground,Under Construction,Semi-Furnished,North,NA,Society 31,4.0,0.0,0.0,Freehold,1237 sqft,NA,1583 sqft
Property 716,A nice property,70 Lac,7034359,Chandigarh,2723 sqft,Under Construction,5,Ready to Move,Semi-Furnished,East,NA,Society 34,4.0,2.0,1.0,Freehold,4528 sqft,NA,NA
Property 717,A nice property,57 Lac,5762195,Ghaziabad,1967 sqft,Ready,15,Under Construction,Semi-Furnished,North,Main Road,Society 29,2.0,1.0,0.0,Freehold,2381 sqft,NA,929 sqft
Property 718,A nice property,73 Lac,7348476,Ludhiana,3646 sqft,Under Construction,22,Under Construction,Semi-Furnished,North,Main Road,NA,1.0,3.0,0.0,Freehold,2848 sqft,NA,NA
Property 719,A nice property,50 Lac,5055887,Bhopal,1639 sqft,Under Construction,24,Under Construction,Furnished,West,Main Road,NA,3.0,1.0,1.0,Leasehold,3792 sqft,NA,3724 sqft
Property 720,A nice property,21 Lac,2190253,Indore,2801 sqft,Under Construction,20,Ready to Move,Furnished,East,NA,Society 38,1.0,,3.0,Freehold,978 sqft,NA,2120 sqft
Property 721,A nice property,2.0 Cr,20385742,Mumbai,1567 sqft,Ready,14,Ready to Move,Unfurnished,North,NA,Society 42,2.0,1.0,1.0,Leasehold,5165 sqft,NA,NA
Property 722,A nice property,56 Lac,5684037,Visakhapatnam,840 sqft,Ready,13,Ready to Move,Unfurnished,North,Main Road,Society 6,3.0,0.0,2.0,Freehold,4447 sqft,NA,3977 sqft
Property 723,A nice property,70 Lac,7079327,Indore,3344 sqft,Ready,2,Ready to Move,Furnished,East,NA,Society 34,4.0,0.0,0.0,Freehold,2482 sqft,NA,4017 sqft
Property 724,A nice property,31 Lac,3150136,Chennai,4117 sqft,Ready,Ground,Under Construction,Unfurnished,East,Park,Society 49,,2.0,1.0,Leasehold,4254 sqft,NA,3449 sqft
Property 725,A nice property,30 Lac,3013066,Visakhapatnam,2828 sqft,Ready,Ground,Ready to Move,Unfurnished,South,NA,NA,2.0,0.0,2.0,Freehold,2351 sqft,NA,NA
Property 726,A nice property,51 Lac,5109181,Kolkata,4891 sqft,Under Construction,21,Ready to Move,Furnished,West,Park,Society 10,4.0,2.0,2.0,Freehold,1340 sqft,NA,3508 sqft
Property 727,A nice property,25 Lac,2539841,Nagpur,1123 sqft,Ready,6,Ready to Move,Semi-Furnished,West,Main Road,Society 10,1.0,0.0,1.0,Freehold,2845 sqft,NA,NA
Property 728,A nice property,23 Lac,2322730,Jaipur,2754 sqft,Under Construction,19,Under Construction,Semi-Furnished,South,Main Road,Society 24,5.0,,3.0,Leasehold,5320 sqft,NA,NA
Property 729,A nice property,74 Lac,7499040,Indore,1231 sqft,Under Construction,25,Ready to Move,Semi-Furnished,South,Main Road,Society 37,1.0,2.0,1.0,Freehold,2298 sqft,NA,1114 sqft
Property 730,A nice property,70 Lac,7063356,Jaipur,4664 sqft,Ready,18,Under Construction,Semi-Furnished,West,Park,Society 40,4.0,2.0,2.0,Freehold,1467 sqft,NA,NA
Property 731,A nice property,66 Lac,6669623,Ludhiana,4328 sqft,Resale,21,Under Construction,Semi-Furnished,South,Main Road,Society 2,4.0,,0.0,Leasehold,4929 sqft,NA,4545 sqft
Property 732,A nice property,27 Lac,2775756,Jaipur,4784 sqft,Resale,7,Ready to Move,Semi-Furnished,North,NA,Society 10,3.0,3.0,3.0,Freehold,1399 sqft,NA,1619 sqft
Property 733,A nice property,25 Lac,2521104,Vadodara,3550 sqft,Ready,Ground,Ready to Move,Semi-Furnished,West,Main Road,Society 30,4.0,2.0,2.0,Freehold,2256 sqft,NA,4744 sqft
Property 734,A nice property,90 Lac,9020979,Mumbai,1054 sqft,Ready,25,Ready to Move,Semi-Furnished,East,Park,Society 15,5.0,2.0,1.0,Leasehold,4398 sqft,NA,964 sqft
Property 735,A nice property,74 Lac,7406144,Kochi,4692 sqft,Ready,19,Under Construction,Semi-Furnished,South,NA,Society 8,5.0,1.0,0.0,Leasehold,1795 sqft,NA,866 sqft
Property 736,A nice property,68 Lac,6850695,Kolkata,1967 sqft,Ready,25,Ready to Move,Unfurnished,South,Main Road,Society 33,1.0,3.0,1.0,Leasehold,1942 sqft,NA,NA
Property 737,A nice property,1.9 Cr,19343830,Delhi,3612 sqft,Under Construction,1,Ready to Move,Unfurnished,North,NA,Society 2,2.0,,2.0,Freehold,5528 sqft,NA,NA
Property 738,A nice property,42 Lac,4221321,Ahmedabad,1888 sqft,Resale,18,Under Construction,Furnished,South,NA,Society 11,3.0,,,Leasehold,2350 sqft,NA,4921 sqft
Property 739,A nice property,44 Lac,4473803,Surat,2689 sqft,Under Construction,1,Ready to Move,Semi-Furnished,West,NA,Society 44,2.0,1.0,2.0,Leasehold,4960 sqft,NA,517 sqft
Property 740,A nice property,38 Lac,3853545,Visakhapatnam,1442 sqft,Resale,7,Under Construction,Semi-Furnished,East,NA,Society 4,5.0,1.0,0.0,Freehold,756 sqft,NA,2540 sqft
Property 741,A nice property,21 Lac,2126923,Vadodara,1544 sqft,Under Construction,23,Ready to Move,Unfurnished,South,NA,NA,4.0,3.0,2.0,Leasehold,3202 sqft,NA,545 sqft
Property 742,A nice property,22 Lac,2297730,Ahmedabad,2471 sqft,Under Construction,Ground,Under Construction,Unfurnished,East,Main Road,Society 49,3.0,3.0,,Leasehold,3480 sqft,NA,2460 sqft
Property 743,A nice property,31 Lac,3167200,Visakhapatnam,4768 sqft,Ready,3,Under Construction,Semi-Furnished,West,Main Road,Society 21,4.0,3.0,1.0,Freehold,755 sqft,NA,1293 sqft
Property 744,A nice property,58 Lac,5853979,Visakhapatnam,621 sqft,Under Construction,Ground,Under Construction,Semi-Furnished,East,NA,Society 46,2.0,,,Freehold,2577 sqft,NA,NA
Property 745,A nice property,60 Lac,6094662,Chandigarh,960 sqft,Under Construction,13,Ready to Move,Furnished,South,NA,Society 41,3.0,,3.0,Freehold,726 sqft,NA,701 sqft
Property 746,A nice property,1.6 Cr,15559383,Mumbai,700 sqft,Ready,16,Ready to Move,Unfurnished,North,Main Road,Society 43,5.0,,3.0,Leasehold,5960 sqft,NA,3346 sqft
Property 747,A nice property,73 Lac,7320729,Delhi,2603 sqft,Resale,Ground,Ready to Move,Semi-Furnished,South,Park,Society 18,4.0,2.0,1.0,Freehold,4997 sqft,NA,4761 sqft
Property 748,A nice property,21 Lac,2118604,Lucknow,976 sqft,Resale,14,Ready to Move,Semi-Furnished,West,NA,Society 29,,2.0,3.0,Freehold,2582 sqft,NA,3396 sqft
Property 749,A nice property,76 Lac,7681897,Ahmedabad,4464 sqft,Under Construction,1,Ready to Move,Unfurnished,South,Main Road,Society 46,5.0,3.0,2.0,Freehold,2970 sqft,NA,3781 sqft
Property 750,A nice property,51 Lac,5146317,Bhopal,3581 sqft,Resale,Ground,Ready to Move,Semi-Furnished,East,Main Road,Society 41,3.0,2.0,2.0,Freehold,5350 sqft,NA,651 sqft
Property 751,A nice property,48 Lac,4817717,Ahmedabad,3737 sqft,Under Construction,9,Under Construction,Furnished,West,Main Road,Society 27,2.0,3.0,0.0,Freehold,1617 sqft,NA,3746 sqft
Property 752,A nice property,53 Lac,5330108,Lucknow,1829 sqft,Under Construction,4,Under Construction,Unfurnished,South,Main Road,Society 21,3.0,0.0,1.0,Leasehold,1362 sqft,NA,2677 sqft
Property 753,A nice property,67 Lac,6746777,Ghaziabad,2066 sqft,Resale,10,Ready to Move,Unfurnished,North,Main Road,Society 34,2.0,3.0,1.0,Leasehold,3991 sqft,NA,NA
Property 754,A nice property,44 Lac,4425151,Nagpur,889 sqft,Resale,9,Ready to Move,Furnished,East,Park,NA,1.0,0.0,1.0,Leasehold,3044 sqft,NA,2329 sqft
Property 755,A nice property,32 Lac,3225038,Visakhapatnam,4035 sqft,Resale,5,Under Construction,Unfurnished,East,Park,Society 35,1.0,1.0,0.0,Leasehold,4714 sqft,NA,NA
Property 756,A nice property,57 Lac,5745252,Vadodara,2439 sqft,Resale,14,Under Construction,Unfurnished,North,Main Road,Society 44,3.0,,2.0,Leasehold,4078 sqft,NA,3765 sqft
Property 757,A nice property,73 Lac,7395907,Kochi,3236 sqft,Resale,2,Ready to Move,Unfurnished,West,Park,NA,3.0,1.0,3.0,Freehold,2789 sqft,NA,NA
Property 758,A nice property,54 Lac,5465038,Nagpur,2633 sqft,Resale,11,Ready to Move,Unfurnished,North,NA,Society 14,2.0,2.0,2.0,Freehold,5456 sqft,NA,1657 sqft
Property 759,A nice property,72 Lac,7272315,Surat,4009 sqft,Resale,23,Ready to Move,Semi-Furnished,West,Park,Society 5,2.0,3.0,1.0,Freehold,2214 sqft,NA,1883 sqft
Property 760,A nice property,35 Lac,3582902,Vadodara,3220 sqft,Resale,13,Ready to Move,Semi-Furnished,East,Main Road,Society 5,5.0,1.0,0.0,Leasehold,4609 sqft,NA,NA
Property 761,A nice property,66 Lac,6644008,Indore,2822 sqft,Ready,5,Under Construction,Unfurnished,West,Park,Society 39,1.0,3.0,2.0,Freehold,2318 sqft,NA,4136 sqft
Property 762,A nice property,20 Lac,2071477,Nagpur,1238 sqft,Resale,11,Ready to Move,Semi-Furnished,South,Park,NA,3.0,0.0,2.0,Freehold,5294 sqft,NA,1357 sqft
Property 763,A nice property,73 Lac,7309173,Chandigarh,3654 sqft,Ready,4,Under Construction,Semi-Furnished,East,Main Road,Society 24,1.0,1.0,,Freehold,4035 sqft,NA,2700 sqft
Property 764,A nice property,64 Lac,6413614,Jaipur,1578 sqft,Under Construction,8,Under Construction,Unfurnished,East,Main Road,Society 39,1.0,1.0,1.0,Leasehold,5246 sqft,NA,NA
Property 765,A nice property,34 Lac,3452350,Lucknow,4712 sqft,Under Construction,19,Ready to Move,Unfurnished,East,Main Road,Society 41,4.0,1.0,3.0,Leasehold,1484 sqft,NA,NA
Property 766,A nice property,52 Lac,5209885,Jaipur,1031 sqft,Ready,17,Under Construction,Semi-Furnished,North,Park,Society 26,2.0,2.0,,Freehold,2366 sqft,NA,NA
Property 767,A nice property,36 Lac,3658185,Ahmedabad,2069 sqft,Ready,13,Ready to Move,Semi-Furnished,South,Main Road,Society 14,4.0,0.0,2.0,Freehold,2615 sqft,NA,3625 sqft
Property 768,A nice property,67 Lac,6767589,Hyderabad,2428 sqft,Resale,Ground,Ready to Move,Unfurnished,West,NA,Society 36,5.0,3.0,0.0,Leasehold,4591 sqft,NA,1975 sqft
Property 769,A nice property,53 Lac,5301551,Kolkata,4825 sqft,Resale,11,Ready to Move,Semi-Furnished,South,Park,Society 27,4.0,,1.0,Leasehold,1777 sqft,NA,2976 sqft
Property 770,A nice property,57 Lac,5735120,Indore,976 sqft,Under Construction,14,Under Construction,Furnished,East,Park,Society 2,5.0,0.0,2.0,Leasehold,2021 sqft,NA,NA
Property 771,A nice property,1.1 Cr,10999142,Hyderabad,3884 sqft,Resale,1,Ready to Move,Semi-Furnished,East,Main Road,Society 2,3.0,1.0,2.0,Freehold,5907 sqft,NA,3212 sqft
Property 772,A nice property,38 Lac,3898566,Vadodara,1164 sqft,Ready,8,Ready to Move,Unfurnished,South,Park,Society 26,4.0,3.0,,Leasehold,4692 sqft,NA,1245 sqft
Property 773,A nice property,78 Lac,7829882,Chennai,4410 sqft,Resale,Ground,Ready to Move,Unfurnished,East,Park,NA,4.0,3.0,2.0,Freehold,5274 sqft,NA,NA
Property 774,A nice property,73 Lac,7379978,Kolkata,2912 sqft,Under Construction,18,Ready to Move,Semi-Furnished,South,NA,Society 26,3.0,3.0,2.0,Freehold,1545 sqft,NA,3638 sqft
Property 775,A nice property,28 Lac,2842701,Kolkata,3145 sqft,Resale,Ground,Under Construction,Furnished,North,NA,Society 12,1.0,3.0,3.0,Freehold,5273 sqft,NA,3782 sqft
Property 776,A nice property,27 Lac,2735832,Visakhapatnam,3281 sqft,Resale,8,Ready to Move,Furnished,North,Park,NA,5.0,,0.0,Freehold,1315 sqft,NA,NA
Property 777,A nice property,45 Lac,4595400,Jaipur,1307 sqft,Ready,21,Under Construction,Semi-Furnished,West,Park,Society 43,5.0,3.0,1.0,Leasehold,3680 sqft,NA,NA
Property 778,A nice property,40 Lac,4067657,Ghaziabad,4341 sqft,Ready,10,Under Construction,Semi-Furnished,West,Main Road,Society 41,5.0,2.0,3.0,Freehold,3529 sqft,NA,2279 sqft
Property 779,A nice property,26 Lac,2664049,Kochi,665 sqft,Under Construction,15,Under Construction,Semi-Furnished,East,Main Road,Society 48,2.0,0.0,2.0,Leasehold,2400 sqft,NA,NA
Property 780,A nice property,25 Lac,2515103,Ludhiana,3622 sqft,Under Construction,21,Ready to Move,Unfurnished,West,Main Road,NA,2.0,3.0,,Freehold,5448 sqft,NA,4184 sqft
Property 781,A nice property,58 Lac,5848637,Lucknow,2243 sqft,Under Construction,5,Under Construction,Semi-Furnished,East,Main Road,Society 35,2.0,1.0,0.0,Freehold,2218 sqft,NA,NA
Property 782,A nice property,96 Lac,9699310,Hyderabad,2988 sqft,Under Construction,6,Under Construction,Furnished,East,Park,NA,,1.0,0.0,Leasehold,3690 sqft,NA,1019 sqft
Property 783,A nice property,39 Lac,3918332,Kolkata,3089 sqft,Under Construction,18,Under Construction,Unfurnished,North,NA,Society 42,2.0,,2.0,Freehold,4827 sqft,NA,1943 sqft
Property 784,A nice property,70 Lac,7005704,Lucknow,2587 sqft,Under Construction,Ground,Ready to Move,Semi-Furnished,South,Main Road,Society 34,2.0,1.0,3.0,Freehold,5082 sqft,NA,2908 sqft
Property 785,A nice property,62 Lac,6218957,Ahmedabad,4400 sqft,Ready,Ground,Ready to Move,Unfurnished,North,Main Road,Society 42,1.0,,1.0,Freehold,2740 sqft,NA,3863 sqft
Property 786,A nice property,59 Lac,5990785,Nagpur,3616 sqft,Under Construction,2,Under Construction,Unfurnished,East,Main Road,Society 7,5.0,1.0,2.0,Freehold,979 sqft,NA,2988 sqft
Property 787,A nice property,26 Lac,2657607,Chennai,4641 sqft,Under Construction,15,Under Construction,Semi-Furnished,South,Park,Society 9,5.0,3.0,1.0,Leasehold,2132 sqft,NA,2333 sqft
Property 788,A nice property,43 Lac,4317950,Lucknow,2200 sqft,Resale,Ground,Under Construction,Furnished,South,Main Road,Society 2,2.0,1.0,0.0,Freehold,1423 sqft,NA,NA
Property 789,A nice property,1.2 Cr,11649997,Mumbai,2608 sqft,Ready,21,Under Construction,Semi-Furnished,East,Main Road,Society 32,5.0,2.0,2.0,Leasehold,2339 sqft,NA,NA
Property 790,A nice property,42 Lac,4232501,Vadodara,1833 sqft,Resale,Ground,Under Construction,Furnished,East,Park,NA,4.0,1.0,,Freehold,3956 sqft,NA,4114 sqft
Property 791,A nice property,66 Lac,6619712,Pune,652 sqft,Resale,16,Ready to Move,Semi-Furnished,South,Park,Society 46,3.0,1.0,0.0,Freehold,4686 sqft,NA,NA
Property 792,A nice property,56 Lac,5622821,Jaipur,3959 sqft,Ready,9,Ready to Move,Unfurnished,West,Main Road,Society 39,3.0,1.0,0.0,Freehold,1219 sqft,NA,803 sqft
Property 793,A nice property,1.1 Cr,10896242,Bangalore,795 sqft,Under Construction,Ground,Under Construction,Unfurnished,North,NA,NA,3.0,2.0,2.0,Freehold,4043 sqft,NA,1007 sqft
Property 794,A nice property,82 Lac,8248619,Bangalore,2508 sqft,Resale,12,Under Construction,Furnished,East,Park,NA,3.0,2.0,3.0,Leasehold,1120 sqft,NA,4091 sqft
Property 795,A nice property,69 Lac,6965382,Vadodara,3437 sqft,Under Construction,Ground,Under Construction,Semi-Furnished,North,Main Road,Society 9,2.0,3.0,,Freehold,2653 sqft,NA,4332 sqft
Property 796,A nice property,38 Lac,3851711,Lucknow,678 sqft,Ready,17,Under Construction,Unfurnished,East,Main Road,Society 50,3.0,0.0,0.0,Freehold,2701 sqft,NA,4127 sqft
Property 797,A nice property,40 Lac,4015690,Pune,3344 sqft,Resale,6,Ready to Move,Semi-Furnished,North,NA,NA,1.0,3.0,3.0,Leasehold,4825 sqft,NA,2270 sqft
Property 798,A nice property,51 Lac,5157441,Visakhapatnam,611 sqft,Resale,19,Under Construction,Semi-Furnished,East,Park,Society 25,1.0,3.0,,Freehold,3246 sqft,NA,2284 sqft
Property 799,A nice property,83 Lac,8316391,Hyderabad,3682 sqft,Ready,3,Ready to Move,Unfurnished,South,NA,Society 15,5.0,,0.0,Freehold,1295 sqft,NA,1972 sqft
Property 800,A nice property,2.1 Cr,20799807,Mumbai,3119 sqft,Ready,4,Under Construction,Semi-Furnished,South,NA,Society 46,3.0,2.0,1.0,Leasehold,4579 sqft,NA,NA
Property 801,A nice property,29 Lac,2939669,Ghaziabad,1451 sqft,Resale,Ground,Under Construction,Furnished,South,Main Road,Society 28,,0.0,1.0,Leasehold,4968 sqft,NA,1798 sqft
Property 802,A nice property,43 Lac,4359611,Lucknow,2280 sqft,Resale,9,Under Construction,Unfurnished,South,NA,Society 39,4.0,2.0,0.0,Leasehold,4427 sqft,NA,1859 sqft
Property 803,A nice property,36 Lac,3667255,Visakhapatnam,4940 sqft,Resale,Ground,Ready to Move,Semi-Furnished,East,Park,Society 3,1.0,2.0,1.0,Leasehold,4006 sqft,NA,4900 sqft
Property 804,A nice property,62 Lac,6246414,Visakhapatnam,2551 sqft,Ready,17,Under Construction,Furnished,South,Main Road,Society 21,2.0,2.0,,Leasehold,809 sqft,NA,NA
Property 805,A nice property,36 Lac,3692637,Chandigarh,4039 sqft,Under Construction,Ground,Ready to Move,Semi-Furnished,East,NA,NA,,2.0,3.0,Freehold,1965 sqft,NA,2160 sqft
Property 806,A nice property,62 Lac,6246807,Indore,4630 sqft,Under Construction,22,Ready to Move,Furnished,East,NA,Society 30,5.0,0.0,3.0,Freehold,4885 sqft,NA,1142 sqft
Property 807,A nice property,25 Lac,2530513,Chennai,1090 sqft,Under Construction,Ground,Under Construction,Furnished,North,Main Road,Society 27,5.0,,1.0,Leasehold,4739 sqft,NA,1807 sqft
Property 808,A nice property,1.3 Cr,12929491,Bangalore,1766 sqft,Under Construction,25,Ready to Move,Semi-Furnished,West,NA,Society 47,4.0,2.0,0.0,Freehold,3237 sqft,NA,3993 sqft
Property 809,A nice property,61 Lac,6171001,Jaipur,2892 sqft,Ready,9,Under Construction,Furnished,South,Park,Society 13,1.0,3.0,,Leasehold,5597 sqft,NA,537 sqft
Property 810,A nice property,45 Lac,4520473,Visakhapatnam,1362 sqft,Ready,11,Under Construction,Unfurnished,South,Park,Society 45,3.0,1.0,2.0,Freehold,817 sqft,NA,NA
Property 811,A nice property,62 Lac,6254255,Hyderabad,959 sqft,Under Construction,15,Under Construction,Furnished,North,Main Road,Society 32,1.0,1.0,1.0,Leasehold,4567 sqft,NA,NA
Property 812,A nice property,1.7 Cr,16585119,Delhi,2496 sqft,Resale,Ground,Ready to Move,Unfurnished,North,Main Road,Society 48,2.0,,3.0,Freehold,2009 sqft,NA,1226 sqft
Property 813,A nice property,65 Lac,6531649,Bhopal,4857 sqft,Resale,23,Under Construction,Furnished,North,NA,NA,1.0,1.0,3.0,Leasehold,4088 sqft,NA,3999 sqft
Property 814,A nice property,69 Lac,6991786,Visakhapatnam,3983 sqft,Ready,1,Under Construction,Semi-Furnished,West,Main Road,NA,5.0,0.0,,Leasehold,2755 sqft,NA,NA
Property 815,A nice property,1.9 Cr,18977225,Delhi,3651 sqft,Under Construction,1,Ready to Move,Semi-Furnished,West,Main Road,Society 14,2.0,0.0,0.0,Freehold,5047 sqft,NA,4151 sqft
Property 816,A nice property,46 Lac,4625439,Ghaziabad,4355 sqft,Ready,Ground,Ready to Move,Furnished,North,Park,NA,1.0,1.0,2.0,Freehold,4868 sqft,NA,1811 sqft
Property 817,A nice property,1.1 Cr,11211639,Bangalore,1295 sqft,Under Construction,14,Ready to Move,Semi-Furnished,North,Park,Society 41,1.0,2.0,2.0,Freehold,1281 sqft,NA,NA
Property 818,A nice property,43 Lac,4357515,Pune,1382 sqft,Under Construction,23,Ready to Move,Furnished,South,NA,NA,2.0,0.0,1.0,Freehold,731 sqft,NA,3527 sqft
Property 819,A nice property,94 Lac,9468729,Pune,4740 sqft,Resale,25,Ready to Move,Unfurnished,South,NA,Society 21,4.0,,3.0,Leasehold,3473 sqft,NA,NA
Property 820,A nice property,64 Lac,6465273,Ghaziabad,1693 sqft,Resale,3,Under Construction,Semi-Furnished,North,Main Road,Society 3,,2.0,2.0,Leasehold,948 sqft,NA,1571 sqft
Property 821,A nice property,43 Lac,4385603,Lucknow,3830 sqft,Resale,21,Ready to Move,Furnished,South,Main Road,Society 42,,2.0,3.0,Freehold,2733 sqft,NA,NA
Property 822,A nice property,1.6 Cr,16016597,Delhi,1213 sqft,Ready,18,Ready to Move,Semi-Furnished,West,Park,NA,4.0,2.0,1.0,Freehold,5514 sqft,NA,3200 sqft
Property 823,A nice property,59 Lac,5981017,Ahmedabad,1110 sqft,Resale,22,Ready to Move,Unfurnished,South,Park,Society 39,4.0,2.0,,Leasehold,1421 sqft,NA,840 sqft
Property 824,A nice property,83 Lac,8354774,Hyderabad,4163 sqft,Resale,4,Under Construction,Unfurnished,South,Park,Society 48,1.0,1.0,0.0,Freehold,4119 sqft,NA,2962 sqft
Property 825,A nice property,40 Lac,4064647,Vadodara,1670 sqft,Ready,13,Under Construction,Semi-Furnished,West,NA,Society 18,1.0,1.0,2.0,Freehold,4638 sqft,NA,NA
Property 826,A nice property,66 Lac,6677874,Surat,2539 sqft,Ready,Ground,Ready to Move,Semi-Furnished,East,Main Road,Society 18,4.0,1.0,3.0,Freehold,5099 sqft,NA,645 sqft
Property 827,A nice property,68 Lac,6898591,Ludhiana,2989 sqft,Ready,6,Ready to Move,Semi-Furnished,South,NA,Society 20,5.0,3.0,3.0,Leasehold,1310 sqft,NA,3771 sqft
Property 828,A nice property,44 Lac,4456330,Ludhiana,2738 sqft,Resale,Ground,Under Construction,Unfurnished,North,Park,Society 33,4.0,3.0,1.0,Leasehold,2122 sqft,NA,2126 sqft
Property 829,A nice property,60 Lac,6098416,Ludhiana,3180 sqft,Under Construction,Ground,Under Construction,Unfurnished,West,Main Road,Society 7,5.0,3.0,0.0,Freehold,5050 sqft,NA,NA
Property 830,A nice property,48 Lac,4818981,Ahmedabad,3819 sqft,Resale,Ground,Under Construction,Semi-Furnished,North,Main Road,Society 20,4.0,3.0,3.0,Freehold,4883 sqft,NA,3695 sqft
Property 831,A nice property,31 Lac,3120573,Kochi,3272 sqft,Under Construction,12,Under Construction,Furnished,North,Main Road,NA,4.0,3.0,0.0,Leasehold,2693 sqft,NA,685 sqft
Property 832,A nice property,62 Lac,6263926,Bhopal,3205 sqft,Ready,Ground,Under Construction,Unfurnished,North,NA,Society 4,1.0,2.0,2.0,Leasehold,4339 sqft,NA,2609 sqft
Property 833,A nice property,69 Lac,6944550,Chandigarh,4308 sqft,Resale,8,Ready to Move,Semi-Furnished,West,Main Road,Society 45,2.0,2.0,0.0,Freehold,5693 sqft,NA,4850 sqft
Property 834,A nice property,60 Lac,6062790,Chandigarh,2827 sqft,Resale,25,Ready to Move,Furnished,East,Main Road,NA,4.0,3.0,,Leasehold,5891 sqft,NA,856 sqft
Property 835,A nice property,33 Lac,3358408,Lucknow,2513 sqft,Under Construction,23,Under Construction,Semi-Furnished,West,Park,NA,3.0,,1.0,Leasehold,2513 sqft,NA,3813 sqft
Property 836,A nice property,74 Lac,7466777,Ghaziabad,1211 sqft,Resale,3,Under Construction,Semi-Furnished,North,Park,Society 42,5.0,2.0,3.0,Leasehold,5629 sqft,NA,NA
Property 837,A nice property,45 Lac,4560078,Surat,2260 sqft,Resale,Ground,Ready to Move,Furnished,West,Main Road,Society 4,1.0,,,Leasehold,5124 sqft,NA,NA
Property 838,A nice property,47 Lac,4799529,Lucknow,1715 sqft,Resale,23,Under Construction,Semi-Furnished,West,Main Road,NA,1.0,0.0,3.0,Leasehold,3394 sqft,NA,2326 sqft
Property 839,A nice property,70 Lac,7092907,Ghaziabad,1492 sqft,Ready,16,Ready to Move,Furnished,North,NA,Society 29,5.0,1.0,0.0,Freehold,5895 sqft,NA,NA
Property 840,A nice property,58 Lac,5844067,Ludhiana,1873 sqft,Under Construction,Ground,Under Construction,Semi-Furnished,North,Main Road,NA,2.0,0.0,2.0,Leasehold,5347 sqft,NA,2149 sqft
Property 841,A nice property,1.5 Cr,15461031,Bangalore,1465 sqft,Resale,16,Under Construction,Furnished,South,Park,Society 26,2.0,2.0,2.0,Leasehold,2529 sqft,NA,636 sqft
Property 842,A nice property,66 Lac,6662830,Ludhiana,1946 sqft,Under Construction,Ground,Under Construction,Unfurnished,South,NA,Society 50,3.0,3.0,,Leasehold,1174 sqft,NA,1355 sqft
Property 843,A nice property,1.4 Cr,13891874,Hyderabad,4282 sqft,Ready,7,Ready to Move,Unfurnished,North,Main Road,Society 5,4.0,1.0,,Leasehold,5256 sqft,NA,2887 sqft
Property 844,A nice property,65 Lac,6556691,Kolkata,4417 sqft,Ready,21,Under Construction,Semi-Furnished,North,NA,Society 38,4.0,0.0,0.0,Freehold,1971 sqft,NA,NA
Property 845,A nice property,34 Lac,3497432,Kolkata,3172 sqft,Under Construction,9,Under Construction,Furnished,North,NA,Society 29,1.0,3.0,3.0,Leasehold,2205 sqft,NA,4730 sqft
Property 846,A nice property,35 Lac,3569806,Jaipur,3930 sqft,Resale,16,Under Construction,Furnished,East,Park,Society 35,1.0,0.0,0.0,Leasehold,4370 sqft,NA,687 sqft
Property 847,A nice property,1.8 Cr,18381682,Delhi,1589 sqft,Resale,7,Ready to Move,Unfurnished,West,Park,NA,3.0,0.0,,Leasehold,5994 sqft,NA,1008 sqft
Property 848,A nice property,44 Lac,4413700,Chennai,4990 sqft,Ready,19,Ready to Move,Furnished,North,Park,Society 15,2.0,,,Freehold,4934 sqft,NA,2350 sqft
Property 849,A nice property,48 Lac,4851010,Ahmedabad,3535 sqft,Ready,20,Under Construction,Furnished,South,NA,Society 20,1.0,,0.0,Leasehold,1489 sqft,NA,NA
Property 850,A nice property,48 Lac,4892588,Chennai,2300 sqft,Ready,3,Ready to Move,Furnished,North,NA,Society 41,3.0,0.0,0.0,Freehold,2943 sqft,NA,2770 sqft
Property 851,A nice property,78 Lac,7804366,Vadodara,4302 sqft,Ready,24,Under Construction,Unfurnished,South,Main Road,Society 28,5.0,0.0,2.0,Freehold,4187 sqft,NA,NA
Property 852,A nice property,99 Lac,9950912,Delhi,3125 sqft,Resale,9,Ready to Move,Unfurnished,West,NA,Society 17,,1.0,3.0,Leasehold,5387 sqft,NA,4823 sqft
Property 853,A nice property,22 Lac,2221295,Chennai,4395 sqft,Ready,Ground,Ready to Move,Semi-Furnished,East,Park,Society 31,4.0,3.0,1.0,Leasehold,3553 sqft,NA,2560 sqft
Property 854,A nice property,1.7 Cr,17380688,Mumbai,2770 sqft,Under Construction,Ground,Ready to Move,Furnished,West,NA,Society 19,2.0,3.0,3.0,Leasehold,2747 sqft,NA,1212 sqft
Property 855,A nice property,32 Lac,3269853,Surat,1582 sqft,Under Construction,Ground,Ready to Move,Semi-Furnished,West,NA,NA,3.0,0.0,3.0,Freehold,5562 sqft,NA,2132 sqft
Property 856,A nice property,30 Lac,3024410,Chandigarh,1340 sqft,Under Construction,9,Ready to Move,Unfurnished,East,Main Road,Society 15,1.0,0.0,1.0,Leasehold,3294 sqft,NA,NA
Property 857,A nice property,21 Lac,2178922,Ludhiana,1891 sqft,Resale,22,Ready to Move,Semi-Furnished,East,Main Road,Society 28,5.0,,0.0,Leasehold,2707 sqft,NA,1385 sqft
Property 858,A nice property,20 Lac,2079053,Visakhapatnam,3092 sqft,Under Construction,23,Under Construction,Furnished,North,Park,Society 28,1.0,3.0,2.0,Leasehold,4154 sqft,NA,4525 sqft
Property 859,A nice property,29 Lac,2945943,Lucknow,930 sqft,Under Construction,20,Ready to Move,Unfurnished,West,NA,Society 2,1.0,,,Freehold,5533 sqft,NA,NA
Property 860,A nice property,1.1 Cr,11036632,Bangalore,2361 sqft,Resale,18,Ready to Move,Semi-Furnished,North,Main Road,NA,3.0,2.0,,Leasehold,4931 sqft,NA,NA
Property 861,A nice property,73 Lac,7336648,Ahmedabad,3285 sqft,Ready,Ground,Under Construction,Unfurnished,South,Park,Society 9,1.0,0.0,3.0,Leasehold,1917 sqft,NA,3367 sqft
Property 862,A nice property,69 Lac,6962292,Lucknow,1815 sqft,Ready,14,Under Construction,Furnished,West,Main Road,Society 31,5.0,0.0,1.0,Leasehold,2690 sqft,NA,3027 sqft
Property 863,A nice property,71 Lac,7126170,Lucknow,1347 sqft,Ready,21,Ready to Move,Semi-Furnished,East,Park,Society 32,4.0,3.0,,Freehold,2128 sqft,NA,1588 sqft
Property 864,A nice property,53 Lac,5350869,Chandigarh,2633 sqft,Ready,11,Under Construction,Unfurnished,East,NA,Society 14,1.0,0.0,0.0,Freehold,1050 sqft,NA,2138 sqft
Property 865,A nice property,69 Lac,6987312,Delhi,3514 sqft,Ready,14,Ready to Move,Furnished,South,Park,Society 23,2.0,3.0,1.0,Leasehold,4293 sqft,NA,987 sqft
Property 866,A nice property,29 Lac,2918684,Ahmedabad,3846 sqft,Resale,22,Under Construction,Semi-Furnished,North,Main Road,Society 32,3.0,1.0,2.0,Leasehold,2071 sqft,NA,954 sqft
Property 867,A nice property,59 Lac,5969682,Jaipur,4806 sqft,Under Construction,16,Under Construction,Semi-Furnished,North,Main Road,Society 46,1.0,1.0,1.0,Freehold,5880 sqft,NA,4004 sqft
Property 868,A nice property,57 Lac,5737319,Ghaziabad,1001 sqft,Ready,25,Ready to Move,Furnished,East,NA,Society 39,4.0,3.0,0.0,Freehold,3161 sqft,NA,3227 sqft
Property 869,A nice property,64 Lac,6418665,Kolkata,3048 sqft,Under Construction,24,Under Construction,Furnished,North,NA,Society 43,3.0,,,Leasehold,4891 sqft,NA,783 sqft
Property 870,A nice property,46 Lac,4698809,Surat,2731 sqft,Under Construction,9,Ready to Move,Semi-Furnished,North,Main Road,NA,4.0,1.0,0.0,Freehold,4094 sqft,NA,NA
Property 871,A nice property,86 Lac,8693686,Hyderabad,2024 sqft,Under Construction,Ground,Under Construction,Unfurnished,East,NA,Society 7,2.0,3.0,,Leasehold,1512 sqft,NA,3110 sqft
Property 872,A nice property,51 Lac,5118589,Vadodara,854 sqft,Resale,11,Under Construction,Semi-Furnished,North,Park,Society 36,4.0,1.0,2.0,Freehold,1400 sqft,NA,3643 sqft
Property 873,A nice property,37 Lac,3751061,Ahmedabad,3912 sqft,Ready,7,Under Construction,Semi-Furnished,East,NA,Society 14,1.0,,0.0,Leasehold,3490 sqft,NA,NA
Property 874,A nice property,40 Lac,4025908,Pune,4304 sqft,Resale,19,Under Construction,Unfurnished,South,Main Road,Society 9,5.0,3.0,1.0,Freehold,4237 sqft,NA,3715 sqft
Property 875,A nice property,49 Lac,4905766,Jaipur,2646 sqft,Under Construction,Ground,Under Construction,Semi-Furnished,South,Park,Society 6,3.0,3.0,2.0,Freehold,2004 sqft,NA,NA
Property 876,A nice property,1.1 Cr,10885086,Pune,1375 sqft,Ready,Ground,Ready to Move,Furnished,West,NA,Society 24,2.0,2.0,,Leasehold,2593 sqft,NA,3687 sqft
Property 877,A nice property,1.7 Cr,16802166,Delhi,4385 sqft,Ready,23,Ready to Move,Unfurnished,West,Main Road,Society 43,5.0,3.0,,Leasehold,1125 sqft,NA,1980 sqft
Property 878,A nice property,1.6 Cr,16400962,Bangalore,1434 sqft,Resale,3,Under Construction,Semi-Furnished,East,Main Road,Society 11,3.0,,0.0,Leasehold,3885 sqft,NA,NA
Property 879,A nice property,65 Lac,6583476,Chennai,1745 sqft,Resale,Ground,Ready to Move,Unfurnished,North,NA,Society 15,5.0,2.0,1.0,Leasehold,4782 sqft,NA,1192 sqft
Property 880,A nice property,51 Lac,5189991,Lucknow,1594 sqft,Under Construction,11,Under Construction,Semi-Furnished,South,Park,Society 20,2.0,3.0,1.0,Freehold,5226 sqft,NA,NA
Property 881,A nice property,52 Lac,5224052,Ludhiana,697 sqft,Under Construction,21,Under Construction,Unfurnished,West,NA,NA,5.0,1.0,3.0,Freehold,940 sqft,NA,NA
Property 882,A nice property,30 Lac,3074184,Ghaziabad,1105 sqft,Under Construction,1,Under Construction,Unfurnished,South,NA,Society 48,1.0,3.0,3.0,Leasehold,1228 sqft,NA,4059 sqft
Property 883,A nice property,56 Lac,5616466,Lucknow,2420 sqft,Under Construction,1,Under Construction,Furnished,South,Park,Society 36,4.0,0.0,3.0,Leasehold,5418 sqft,NA,NA
Property 884,A nice property,69 Lac,6987491,Chandigarh,1670 sqft,Ready,21,Ready to Move,Unfurnished,South,NA,Society 48,3.0,,,Leasehold,2989 sqft,NA,3088 sqft
Property 885,A nice property,69 Lac,6964973,Hyderabad,2223 sqft,Resale,Ground,Under Construction,Semi-Furnished,South,NA,Society 16,4.0,0.0,1.0,Leasehold,3859 sqft,NA,1027 sqft
Property 886,A nice property,38 Lac,3803158,Chandigarh,3881 sqft,Resale,Ground,Ready to Move,Semi-Furnished,South,Park,Society 25,3.0,3.0,2.0,Freehold,4724 sqft,NA,4664 sqft
Property 887,A nice property,39 Lac,3987382,Lucknow,3649 sqft,Ready,16,Ready to Move,Furnished,North,NA,NA,2.0,1.0,0.0,Leasehold,1006 sqft,NA,NA
Property 888,A nice property,67 Lac,6752299,Bhopal,1288 sqft,Ready,11,Under Construction,Semi-Furnished,South,Park,Society 14,3.0,1.0,2.0,Leasehold,1393 sqft,NA,NA
Property 889,A nice property,48 Lac,4838737,Jaipur,2720 sqft,Resale,Ground,Ready to Move,Furnished,West,NA,Society 25,2.0,3.0,,Leasehold,2968 sqft,NA,2666 sqft
Property 890,A nice property,40 Lac,4023663,Kochi,1214 sqft,Under Construction,Ground,Under Construction,Unfurnished,East,NA,Society 46,3.0,,3.0,Freehold,1334 sqft,NA,3912 sqft
Property 891,A nice property,20 Lac,2070411,Vadodara,778 sqft,Resale,8,Under Construction,Semi-Furnished,East,Main Road,Society 12,,3.0,3.0,Leasehold,1932 sqft,NA,3301 sqft
Property 892,A nice property,22 Lac,2272873,Visakhapatnam,1128 sqft,Resale,Ground,Ready to Move,Semi-Furnished,East,NA,Society 23,1.0,3.0,1.0,Leasehold,5298 sqft,NA,4821 sqft
Property 893,A nice property,76 Lac,7634408,Chandigarh,2219 sqft,Resale,20,Ready to Move,Semi-Furnished,West,Main Road,Society 37,5.0,3.0,,Freehold,707 sqft,NA,4183 sqft
Property 894,A nice property,1.6 Cr,15550104,Delhi,4232 sqft,Ready,4,Under Construction,Semi-Furnished,North,Main Road,Society 19,1.0,0.0,,Leasehold,2791 sqft,NA,4558 sqft
Property 895,A nice property,30 Lac,3072489,Ludhiana,1655 sqft,Ready,19,Ready to Move,Furnished,North,Park,Society 41,3.0,2.0,,Freehold,3115 sqft,NA,992 sqft
Property 896,A nice property,1.7 Cr,16978241,Bangalore,1353 sqft,Ready,2,Ready to Move,Furnished,East,Main Road,Society 48,5.0,3.0,1.0,Leasehold,4284 sqft,NA,NA
Property 897,A nice property,49 Lac,4905891,Surat,3316 sqft,Ready,Ground,Under Construction,Unfurnished,North,NA,Society 40,5.0,2.0,3.0,Leasehold,1561 sqft,NA,3703 sqft
Property 898,A nice property,49 Lac,4946473,Indore,1603 sqft,Ready,23,Ready to Move,Furnished,East,Main Road,NA,2.0,3.0,1.0,Freehold,1998 sqft,NA,4535 sqft
Property 899,A nice property,36 Lac,3638557,Ludhiana,949 sqft,Resale,5,Ready to Move,Unfurnished,South,Main Road,NA,5.0,2.0,3.0,Freehold,1004 sqft,NA,1204 sqft
Property 900,A nice property,69 Lac,6989932,Jaipur,4376 sqft,Under Construction,15,Ready to Move,Furnished,West,NA,NA,4.0,1.0,1.0,Leasehold,5302 sqft,NA,3011 sqft
Property 901,A nice property,1.9 Cr,19229822,Mumbai,1014 sqft,Ready,20,Under Construction,Furnished,North,Park,NA,1.0,3.0,3.0,Freehold,2351 sqft,NA,993 sqft
Property 902,A nice property,1.9 Cr,19439386,Delhi,1976 sqft,Ready,3,Under Construction,Unfurnished,East,NA,NA,1.0,3.0,,Freehold,4139 sqft,NA,1770 sqft
Property 903,A nice property,75 Lac,7526136,Ahmedabad,4148 sqft,Ready,2,Ready to Move,Semi-Furnished,North,Park,NA,3.0,,0.0,Leasehold,1749 sqft,NA,4684 sqft
Property 904,A nice property,35 Lac,3537647,Ghaziabad,3835 sqft,Resale,10,Ready to Move,Furnished,East,NA,Society 7,4.0,1.0,0.0,Freehold,3034 sqft,NA,NA
Property 905,A nice property,73 Lac,7365341,Ghaziabad,4664 sqft,Resale,Ground,Under Construction,Unfurnished,South,Park,Society 36,5.0,3.0,0.0,Freehold,5193 sqft,NA,NA
Property 906,A nice property,2.0 Cr,20389386,Mumbai,841 sqft,Resale,20,Ready to Move,Furnished,West,Main Road,NA,2.0,2.0,,Leasehold,4357 sqft,NA,3994 sqft
Property 907,A nice property,53 Lac,5358055,Jaipur,3735 sqft,Under Construction,8,Ready to Move,Unfurnished,West,Park,Society 19,4.0,2.0,3.0,Leasehold,3219 sqft,NA,NA
Property 908,A nice property,78 Lac,7814926,Ghaziabad,4095 sqft,Under Construction,Ground,Under Construction,Furnished,West,NA,Society 7,,3.0,,Freehold,4827 sqft,NA,2543 sqft
Property 909,A nice property,94 Lac,9458540,Bangalore,2015 sqft,Ready,20,Ready to Move,Furnished,West,NA,Society 49,,3.0,3.0,Leasehold,3401 sqft,NA,4381 sqft
Property 910,A nice property,58 Lac,5812038,Chennai,3499 sqft,Ready,13,Under Construction,Semi-Furnished,North,Park,Society 18,5.0,2.0,3.0,Leasehold,3998 sqft,NA,3632 sqft
Property 911,A nice property,60 Lac,6089353,Visakhapatnam,2358 sqft,Ready,14,Ready to Move,Unfurnished,North,NA,Society 25,5.0,2.0,1.0,Leasehold,2222 sqft,NA,501 sqft
Property 912,A nice property,76 Lac,7605209,Kochi,2133 sqft,Under Construction,Ground,Ready to Move,Semi-Furnished,North,Main Road,Society 4,2.0,0.0,1.0,Freehold,2453 sqft,NA,2938 sqft
Property 913,A nice property,38 Lac,3830361,Chandigarh,2852 sqft,Ready,11,Under Construction,Semi-Furnished,South,NA,Society 17,4.0,1.0,1.0,Leasehold,4375 sqft,NA,NA
Property 914,A nice property,28 Lac,2885089,Jaipur,2892 sqft,Ready,22,Under Construction,Furnished,West,Park,Society 14,1.0,3.0,,Freehold,5160 sqft,NA,1494 sqft
Property 915,A nice property,34 Lac,3473970,Chennai,4253 sqft,Resale,15,Under Construction,Unfurnished,North,NA,Society 29,4.0,2.0,,Leasehold,5996 sqft,NA,1437 sqft
Property 916,A nice property,50 Lac,5009807,Ghaziabad,1817 sqft,Under Construction,19,Under Construction,Semi-Furnished,North,Park,Society 48,4.0,1.0,3.0,Freehold,5256 sqft,NA,NA
Property 917,A nice property,33 Lac,3326391,Surat,883 sqft,Resale,4,Under Construction,Semi-Furnished,South,Park,Society 38,4.0,2.0,3.0,Leasehold,4187 sqft,NA,553 sqft
Property 918,A nice property,46 Lac,4612674,Visakhapatnam,2613 sqft,Resale,23,Under Construction,Unfurnished,North,NA,Society 9,1.0,3.0,2.0,Freehold,1275 sqft,NA,NA
Property 919,A nice property,1.1 Cr,11075877,Delhi,3017 sqft,Resale,7,Under Construction,Unfurnished,South,Park,Society 19,2.0,0.0,1.0,Leasehold,4629 sqft,NA,1838 sqft
Property 920,A nice property,64 Lac,6452966,Visakhapatnam,4686 sqft,Resale,Ground,Ready to Move,Semi-Furnished,East,Main Road,Society 16,5.0,2.0,0.0,Freehold,2513 sqft,NA,3416 sqft
Property 921,A nice property,61 Lac,6106194,Nagpur,3975 sqft,Resale,17,Ready to Move,Unfurnished,West,Main Road,Society 50,4.0,3.0,0.0,Freehold,1764 sqft,NA,NA
Property 922,A nice property,22 Lac,2268011,Surat,4524 sqft,Resale,14,Ready to Move,Unfurnished,West,Main Road,Society 10,2.0,1.0,3.0,Leasehold,4403 sqft,NA,4035 sqft
Property 923,A nice property,30 Lac,3031908,Indore,1099 sqft,Resale,20,Ready to Move,Furnished,North,Park,Society 41,4.0,2.0,0.0,Leasehold,4461 sqft,NA,NA
Property 924,A nice property,38 Lac,3852902,Indore,1318 sqft,Ready,8,Ready to Move,Furnished,North,Main Road,Society 48,1.0,0.0,1.0,Freehold,4036 sqft,NA,2324 sqft
Property 925,A nice property,55 Lac,5593349,Hyderabad,2891 sqft,Under Construction,2,Under Construction,Semi-Furnished,West,Main Road,NA,2.0,2.0,3.0,Leasehold,907 sqft,NA,NA
Property 926,A nice property,29 Lac,2981237,Chennai,3737 sqft,Resale,10,Ready to Move,Unfurnished,South,Main Road,Society 38,4.0,0.0,1.0,Freehold,4107 sqft,NA,3465 sqft
Property 927,A nice property,25 Lac,2524377,Indore,1724 sqft,Resale,17,Under Construction,Semi-Furnished,West,Park,Society 12,4.0,3.0,2.0,Freehold,2242 sqft,NA,4221 sqft
Property 928,A nice property,57 Lac,5732159,Surat,4034 sqft,Under Construction,Ground,Ready to Move,Semi-Furnished,North,Park,NA,4.0,2.0,3.0,Leasehold,5707 sqft,NA,2562 sqft
Property 929,A nice property,49 Lac,4944867,Visakhapatnam,2233 sqft,Ready,10,Ready to Move,Unfurnished,East,Park,Society 27,3.0,1.0,,Freehold,3418 sqft,NA,2617 sqft
Property 930,A nice property,30 Lac,3022753,Lucknow,4907 sqft,Ready,18,Under Construction,Semi-Furnished,South,Main Road,Society 30,3.0,2.0,2.0,Leasehold,5947 sqft,NA,2998 sqft
Property 931,A nice property,61 Lac,6114889,Bhopal,2641 sqft,Under Construction,5,Under Construction,Furnished,North,NA,NA,1.0,1.0,3.0,Freehold,1242 sqft,NA,4679 sqft
Property 932,A nice property,39 Lac,3993267,Vadodara,759 sqft,Under Construction,20,Under Construction,Semi-Furnished,South,Park,Society 27,3.0,0.0,2.0,Leasehold,2667 sqft,NA,NA
Property 933,A nice property,1.7 Cr,17190995,Bangalore,3733 sqft,Under Construction,12,Under Construction,Furnished,South,Park,Society 5,1.0,3.0,0.0,Leasehold,4039 sqft,NA,NA
Property 934,A nice property,37 Lac,3730057,Chandigarh,3541 sqft,Under Construction,Ground,Ready to Move,Unfurnished,East,NA,NA,4.0,0.0,2.0,Leasehold,5265 sqft,NA,4177 sqft
Property 935,A nice property,1.1 Cr,11120990,Delhi,4529 sqft,Ready,22,Ready to Move,Furnished,East,Park,Society 48,2.0,2.0,3.0,Freehold,5361 sqft,NA,3432 sqft
Property 936,A nice property,66 Lac,6673999,Indore,4570 sqft,Under Construction,2,Ready to Move,Semi-Furnished,East,Main Road,Society 16,5.0,0.0,1.0,Freehold,5468 sqft,NA,3771 sqft
Property 937,A nice property,36 Lac,3645130,Jaipur,3418 sqft,Resale,18,Ready to Move,Semi-Furnished,North,Main Road,Society 3,,3.0,2.0,Leasehold,1103 sqft,NA,1888 sqft
Property 938,A nice property,54 Lac,5449866,Indore,4715 sqft,Ready,Ground,Ready to Move,Unfurnished,West,Park,NA,1.0,2.0,2.0,Leasehold,4195 sqft,NA,902 sqft
Property 939,A nice property,63 Lac,6383525,Hyderabad,3234 sqft,Under Construction,7,Ready to Move,Semi-Furnished,South,Main Road,Society 9,3.0,,1.0,Leasehold,3646 sqft,NA,NA
Property 940,A nice property,44 Lac,4466119,Bhopal,3781 sqft,Under Construction,Ground,Ready to Move,Semi-Furnished,West,NA,NA,1.0,,2.0,Freehold,4587 sqft,NA,775 sqft
Property 941,A nice property,67 Lac,6723721,Kochi,2815 sqft,Ready,7,Ready to Move,Semi-Furnished,North,NA,Society 15,5.0,1.0,,Freehold,3090 sqft,NA,2629 sqft
Property 942,A nice property,1.4 Cr,13917602,Mumbai,2073 sqft,Ready,11,Ready to Move,Unfurnished,West,Park,Society 38,3.0,2.0,0.0,Leasehold,1309 sqft,NA,3758 sqft
Property 943,A nice property,30 Lac,3042969,Vadodara,813 sqft,Resale,16,Under Construction,Furnished,West,Park,Society 5,3.0,2.0,2.0,Leasehold,4082 sqft,NA,2145 sqft
Property 944,A nice property,48 Lac,4826140,Chandigarh,3212 sqft,Under Construction,15,Ready to Move,Furnished,West,NA,Society 14,4.0,,0.0,Freehold,5563 sqft,NA,591 sqft
Property 945,A nice property,27 Lac,2725979,Surat,2394 sqft,Under Construction,11,Under Construction,Semi-Furnished,South,NA,Society 28,1.0,1.0,2.0,Leasehold,5195 sqft,NA,4337 sqft
Property 946,A nice property,1.2 Cr,11700785,Bangalore,840 sqft,Resale,Ground,Ready to Move,Semi-Furnished,South,NA,Society 27,4.0,1.0,3.0,Freehold,2756 sqft,NA,1846 sqft
Property 947,A nice property,55 Lac,5596533,Kolkata,2901 sqft,Under Construction,11,Ready to Move,Unfurnished,East,Park,Society 40,5.0,3.0,1.0,Leasehold,5979 sqft,NA,NA
Property 948,A nice property,68 Lac,6858205,Kochi,1079 sqft,Resale,14,Ready to Move,Furnished,East,NA,Society 7,3.0,3.0,2.0,Freehold,2496 sqft,NA,2466 sqft
Property 949,A nice property,45 Lac,4592293,Nagpur,4464 sqft,Ready,4,Under Construction,Unfurnished,North,Main Road,Society 29,3.0,2.0,,Freehold,4101 sqft,NA,3212 sqft
Property 950,A nice property,46 Lac,4612763,Ludhiana,4937 sqft,Resale,2,Under Construction,Semi-Furnished,North,Park,Society 21,3.0,3.0,2.0,Leasehold,4015 sqft,NA,NA
Property 951,A nice property,38 Lac,3847828,Visakhapatnam,3528 sqft,Ready,1,Under Construction,Unfurnished,South,Park,NA,4.0,3.0,3.0,Leasehold,2696 sqft,NA,4755 sqft
Property 952,A nice property,66 Lac,6640532,Chandigarh,2506 sqft,Resale,23,Under Construction,Unfurnished,East,Park,Society 26,5.0,3.0,2.0,Freehold,2720 sqft,NA,3393 sqft
Property 953,A nice property,1.4 Cr,14312640,Bangalore,1907 sqft,Ready,20,Under Construction,Unfurnished,North,Main Road,NA,2.0,0.0,,Freehold,4596 sqft,NA,NA
Property 954,A nice property,65 Lac,6593927,Kolkata,1420 sqft,Ready,16,Ready to Move,Semi-Furnished,West,NA,Society 40,5.0,1.0,0.0,Leasehold,3743 sqft,NA,2723 sqft
Property 955,A nice property,59 Lac,5989596,Jaipur,2630 sqft,Resale,11,Ready to Move,Furnished,South,NA,NA,5.0,1.0,1.0,Leasehold,4111 sqft,NA,2683 sqft
Property 956,A nice property,25 Lac,2586503,Vadodara,2575 sqft,Resale,Ground,Under Construction,Semi-Furnished,East,Park,Society 23,1.0,3.0,1.0,Freehold,1401 sqft,NA,1576 sqft
Property 957,A nice property,1.1 Cr,11177416,Pune,2783 sqft,Resale,13,Under Construction,Semi-Furnished,East,Main Road,NA,5.0,2.0,1.0,Freehold,4854 sqft,NA,NA
Property 958,A nice property,25 Lac,2574107,Lucknow,4971 sqft,Resale,1,Under Construction,Unfurnished,South,NA,Society 26,,0.0,2.0,Freehold,2931 sqft,NA,4318 sqft
Property 959,A nice property,39 Lac,3937602,Chandigarh,1058 sqft,Ready,3,Under Construction,Semi-Furnished,West,Main Road,Society 28,4.0,2.0,1.0,Leasehold,3596 sqft,NA,NA
Property 960,A nice property,47 Lac,4715038,Visakhapatnam,2397 sqft,Under Construction,18,Under Construction,Furnished,South,Park,Society 9,3.0,0.0,2.0,Leasehold,2513 sqft,NA,3104 sqft
Property 961,A nice property,1.4 Cr,14210096,Hyderabad,3781 sqft,Resale,10,Under Construction,Semi-Furnished,West,Park,Society 25,1.0,,3.0,Leasehold,3507 sqft,NA,1947 sqft
Property 962,A nice property,1.5 Cr,15239416,Mumbai,3506 sqft,Resale,21,Under Construction,Furnished,North,Park,Society 8,4.0,,,Freehold,4647 sqft,NA,NA
Property 963,A nice property,49 Lac,4923766,Ludhiana,2023 sqft,Resale,25,Ready to Move,Unfurnished,South,NA,Society 16,5.0,3.0,2.0,Leasehold,4410 sqft,NA,2626 sqft
Property 964,A nice property,78 Lac,7841087,Ahmedabad,2042 sqft,Resale,1,Ready to Move,Furnished,South,Main Road,Society 9,4.0,3.0,2.0,Leasehold,4645 sqft,NA,NA
Property 965,A nice property,76 Lac,7612374,Chennai,2537 sqft,Under Construction,10,Ready to Move,Semi-Furnished,East,Park,Society 5,,0.0,1.0,Leasehold,4762 sqft,NA,560 sqft
Property 966,A nice property,63 Lac,6307545,Lucknow,3205 sqft,Under Construction,9,Under Construction,Furnished,North,NA,Society 49,4.0,2.0,1.0,Leasehold,4997 sqft,NA,3975 sqft
Property 967,A nice property,77 Lac,7711435,Vadodara,3539 sqft,Resale,11,Ready to Move,Semi-Furnished,North,Park,Society 42,4.0,,2.0,Leasehold,3667 sqft,NA,3655 sqft
Property 968,A nice property,1.1 Cr,10812697,Mumbai,831 sqft,Under Construction,Ground,Under Construction,Semi-Furnished,North,NA,Society 40,,2.0,,Freehold,5310 sqft,NA,NA
Property 969,A nice property,24 Lac,2473167,Vadodara,3480 sqft,Under Construction,7,Under Construction,Unfurnished,East,Park,Society 23,4.0,3.0,3.0,Leasehold,1831 sqft,NA,NA
Property 970,A nice property,49 Lac,4934459,Surat,1764 sqft,Resale,9,Under Construction,Semi-Furnished,West,NA,Society 11,4.0,3.0,,Leasehold,5692 sqft,NA,883 sqft
Property 971,A nice property,1.8 Cr,18144259,Delhi,2142 sqft,Resale,Ground,Under Construction,Furnished,North,Main Road,Society 32,3.0,1.0,,Leasehold,2965 sqft,NA,4197 sqft
Property 972,A nice property,43 Lac,4337112,Ahmedabad,4632 sqft,Resale,22,Ready to Move,Unfurnished,North,Main Road,Society 25,2.0,0.0,2.0,Freehold,3478 sqft,NA,2588 sqft
Property 973,A nice property,1.3 Cr,13034815,Hyderabad,3131 sqft,Under Construction,21,Under Construction,Furnished,East,Main Road,Society 17,4.0,2.0,1.0,Leasehold,4837 sqft,NA,NA
Property 974,A nice property,34 Lac,3460496,Chandigarh,2038 sqft,Ready,4,Under Construction,Semi-Furnished,North,Park,Society 20,2.0,2.0,0.0,Leasehold,2614 sqft,NA,1856 sqft
Property 975,A nice property,95 Lac,9549843,Hyderabad,4617 sqft,Resale,7,Ready to Move,Semi-Furnished,East,Park,Society 2,5.0,2.0,1.0,Leasehold,4091 sqft,NA,4312 sqft
Property 976,A nice property,1.1 Cr,10768205,Pune,910 sqft,Resale,8,Ready to Move,Furnished,East,Park,Society 36,4.0,3.0,2.0,Freehold,1303 sqft,NA,3375 sqft
Property 977,A nice property,33 Lac,3334201,Visakhapatnam,1339 sqft,Under Construction,12,Under Construction,Furnished,South,NA,Society 12,,1.0,1.0,Freehold,5088 sqft,NA,4236 sqft
Property 978,A nice property,60 Lac,6059327,Lucknow,1060 sqft,Resale,17,Under Construction,Unfurnished,North,NA,Society 22,1.0,0.0,3.0,Freehold,4902 sqft,NA,4899 sqft
Property 979,A nice property,37 Lac,3786140,Kochi,2505 sqft,Resale,Ground,Under Construction,Furnished,West,Park,Society 47,2.0,2.0,,Freehold,2271 sqft,NA,3831 sqft
Property 980,A nice property,71 Lac,7124701,Jaipur,2392 sqft,Resale,Ground,Under Construction,Unfurnished,East,Main Road,Society 14,1.0,1.0,3.0,Freehold,4302 sqft,NA,3806 sqft
Property 981,A nice property,55 Lac,5561217,Surat,763 sqft,Under Construction,Ground,Ready to Move,Furnished,South,Main Road,Society 18,5.0,1.0,3.0,Leasehold,3089 sqft,NA,4504 sqft
Property 982,A nice property,43 Lac,4354021,Visakhapatnam,4912 sqft,Under Construction,Ground,Ready to Move,Furnished,West,NA,Society 44,2.0,0.0,3.0,Freehold,3256 sqft,NA,4380 sqft
Property 983,A nice property,36 Lac,3670231,Visakhapatnam,4515 sqft,Ready,5,Under Construction,Furnished,West,Park,Society 36,1.0,3.0,2.0,Leasehold,5134 sqft,NA,NA
Property 984,A nice property,76 Lac,7648181,Ahmedabad,605 sqft,Resale,Ground,Under Construction,Unfurnished,West,NA,Society 10,2.0,3.0,1.0,Freehold,5333 sqft,NA,4821 sqft
Property 985,A nice property,36 Lac,3695339,Chandigarh,3317 sqft,Ready,7,Ready to Move,Semi-Furnished,East,Main Road,NA,2.0,,1.0,Freehold,2061 sqft,NA,NA
Property 986,A nice property,30 Lac,3045782,Vadodara,2250 sqft,Resale,13,Ready to Move,Unfurnished,West,Main Road,Society 15,2.0,,0.0,Freehold,2257 sqft,NA,2890 sqft
Property 987,A nice property,1.1 Cr,10721938,Pune,1668 sqft,Under Construction,11,Ready to Move,Unfurnished,North,NA,Society 20,,0.0,2.0,Freehold,5774 sqft,NA,2265 sqft
Property 988,A nice property,26 Lac,2691606,Bhopal,3391 sqft,Ready,21,Under Construction,Unfurnished,East,Main Road,Society 16,5.0,1.0,2.0,Leasehold,3791 sqft,NA,NA
Property 989,A nice property,32 Lac,3293585,Kolkata,2053 sqft,Ready,2,Under Construction,Unfurnished,South,NA,Society 5,2.0,3.0,3.0,Freehold,1007 sqft,NA,1461 sqft
Property 990,A nice property,20 Lac,2001654,Ludhiana,3250 sqft,Ready,19,Ready to Move,Unfurnished,East,Main Road,Society 24,4.0,1.0,1.0,Leasehold,3010 sqft,NA,3902 sqft
Property 991,A nice property,74 Lac,7403250,Kochi,1087 sqft,Ready,18,Ready to Move,Furnished,West,NA,Society 47,,1.0,0.0,Freehold,1769 sqft,NA,NA
Property 992,A nice property,58 Lac,5868935,Pune,779 sqft,Under Construction,5,Under Construction,Unfurnished,South,Park,Society 6,1.0,3.0,1.0,Leasehold,2900 sqft,NA,NA
Property 993,A nice property,1.4 Cr,14217253,Delhi,1810 sqft,Resale,2,Under Construction,Furnished,South,Park,Society 31,4.0,2.0,1.0,Leasehold,2887 sqft,NA,3045 sqft
Property 994,A nice property,55 Lac,5529077,Jaipur,1760 sqft,Ready,9,Ready to Move,Unfurnished,East,NA,Society 13,3.0,0.0,,Freehold,3357 sqft,NA,NA
Property 995,A nice property,75 Lac,7544343,Surat,1508 sqft,Resale,Ground,Under Construction,Unfurnished,North,Main Road,NA,1.0,1.0,2.0,Freehold,735 sqft,NA,4969 sqft
Property 996,A nice property,64 Lac,6475598,Indore,4911 sqft,Ready,Ground,Under Construction,Semi-Furnished,East,Main Road,NA,3.0,1.0,,Leasehold,2194 sqft,NA,4035 sqft
Property 997,A nice property,75 Lac,7546658,Kochi,3589 sqft,Resale,Ground,Ready to Move,Semi-Furnished,North,NA,Society 38,2.0,3.0,1.0,Leasehold,3578 sqft,NA,3721 sqft
Property 998,A nice property,79 Lac,7902833,Jaipur,1194 sqft,Under Construction,Ground,Under Construction,Semi-Furnished,East,Main Road,Society 34,5.0,,1.0,Leasehold,3894 sqft,NA,1122 sqft
Property 999,A nice property,2.4 Cr,23959996,Mumbai,3660 sqft,Under Construction,3,Ready to Move,Unfurnished,South,Park,Society 21,3.0,0.0,,Freehold,4767 sqft,NA,1975 sqft
Property 1000,A nice property,66 Lac,6683823,Lucknow,3840 sqft,Ready,22,Under Construction,Semi-Furnished,South,NA,Society 9,5.0,0.0,0.0,Freehold,5946 sqft,NA,1985 sqft
Property 1001,A nice property,44 Lac,4460037,Lucknow,1427 sqft,Under Construction,6,Under Construction,Semi-Furnished,South,Park,Society 1,2.0,3.0,3.0,Freehold,1209 sqft,NA,4547 sqft
Property 1002,A nice property,32 Lac,3284883,Ghaziabad,3357 sqft,Under Construction,25,Under Construction,Unfurnished,North,NA,Society 38,2.0,2.0,,Freehold,1973 sqft,NA,3970 sqft
Property 1003,A nice property,75 Lac,7592199,Ghaziabad,3072 sqft,Resale,Ground,Ready to Move,Semi-Furnished,South,NA,Society 16,1.0,,2.0,Leasehold,1687 sqft,NA,4234 sqft
Property 1004,A nice property,78 Lac,7827088,Visakhapatnam,3242 sqft,Resale,12,Under Construction,Semi-Furnished,South,Park,Society 42,,,0.0,Leasehold,4627 sqft,NA,4130 sqft
Property 1005,A nice property,1.1 Cr,11420797,Pune,1717 sqft,Ready,15,Under Construction,Furnished,East,NA,Society 7,3.0,0.0,2.0,Leasehold,4935 sqft,NA,2692 sqft
Property 1006,A nice property,60 Lac,6038378,Chandigarh,1890 sqft,Ready,23,Ready to Move,Unfurnished,South,Park,Society 4,5.0,3.0,2.0,Leasehold,2117 sqft,NA,3443 sqft
Property 1007,A nice property,47 Lac,4772555,Vadodara,4178 sqft,Resale,23,Ready to Move,Furnished,West,Park,Society 24,5.0,2.0,1.0,Leasehold,5761 sqft,NA,1654 sqft
Property 1008,A nice property,28 Lac,2863181,Visakhapatnam,4591 sqft,Ready,16,Under Construction,Semi-Furnished,West,NA,Society 4,3.0,2.0,1.0,Freehold,3426 sqft,NA,4897 sqft
Property 1009,A nice property,46 Lac,4638142,Nagpur,3199 sqft,Resale,19,Under Construction,Furnished,North,NA,NA,1.0,1.0,,Freehold,5514 sqft,NA,1913 sqft
Property 1010,A nice property,38 Lac,3864221,Indore,2027 sqft,Under Construction,19,Under Construction,Semi-Furnished,West,NA,Society 31,5.0,1.0,0.0,Freehold,5249 sqft,NA,3084 sqft
Property 1011,A nice property,53 Lac,5330421,Vadodara,3523 sqft,Under Construction,7,Ready to Move,Furnished,North,Main Road,Society 6,3.0,2.0,2.0,Freehold,5177 sqft,NA,NA
Property 1012,A nice property,75 Lac,7513913,Vadodara,2428 sqft,Ready,7,Under Construction,Unfurnished,West,NA,Society 38,3.0,3.0,0.0,Leasehold,1286 sqft,NA,951 sqft
Property 1013,A nice property,56 Lac,5688798,Bhopal,2036 sqft,Under Construction,8,Ready to Move,Furnished,South,NA,NA,2.0,2.0,1.0,Leasehold,3960 sqft,NA,NA
Property 1014,A nice property,31 Lac,3147322,Chandigarh,3699 sqft,Under Construction,10,Ready to Move,Unfurnished,West,Main Road,NA,1.0,0.0,3.0,Freehold,1588 sqft,NA,2049 sqft
Property 1015,A nice property,23 Lac,2395435,Indore,3113 sqft,Resale,13,Under Construction,Unfurnished,North,NA,NA,4.0,2.0,2.0,Freehold,727 sqft,NA,1074 sqft
Property 1016,A nice property,78 Lac,7813306,Kolkata,3012 sqft,Resale,12,Ready to Move,Semi-Furnished,West,NA,Society 31,3.0,3.0,0.0,Freehold,2618 sqft,NA,4116 sqft
Property 1017,A nice property,69 Lac,6948631,Ahmedabad,1643 sqft,Under Construction,3,Ready to Move,Unfurnished,West,Park,Society 11,3.0,0.0,3.0,Leasehold,4289 sqft,NA,3294 sqft
Property 1018,A nice property,56 Lac,5687501,Ghaziabad,2055 sqft,Ready,3,Ready to Move,Unfurnished,North,Park,Society 1,1.0,1.0,3.0,Freehold,4067 sqft,NA,2842 sqft
Property 1019,A nice property,49 Lac,4967192,Bhopal,614 sqft,Ready,17,Ready to Move,Semi-Furnished,West,Main Road,Society 36,4.0,,0.0,Freehold,2406 sqft,NA,1285 sqft
Property 1020,A nice property,23 Lac,2303077,Ahmedabad,3807 sqft,Resale,19,Ready to Move,Unfurnished,South,Park,NA,4.0,1.0,3.0,Freehold,2025 sqft,NA,NA
Property 1021,A nice property,52 Lac,5219781,Surat,865 sqft,Under Construction,17,Under Construction,Unfurnished,South,NA,Society 3,1.0,3.0,0.0,Freehold,5525 sqft,NA,3077 sqft
Property 1022,A nice property,1.2 Cr,12299854,Bangalore,2091 sqft,Under Construction,14,Ready to Move,Unfurnished,East,Main Road,Society 26,1.0,2.0,,Leasehold,3090 sqft,NA,2021 sqft
Property 1023,A nice property,71 Lac,7167027,Indore,3206 sqft,Under Construction,14,Ready to Move,Furnished,South,Park,Society 21,5.0,0.0,2.0,Leasehold,720 sqft,NA,NA
Property 1024,A nice property,69 Lac,6972629,Visakhapatnam,2409 sqft,Resale,16,Under Construction,Furnished,South,Main Road,Society 9,2.0,2.0,,Freehold,2525 sqft,NA,NA
Property 1025,A nice property,28 Lac,2871086,Bhopal,1452 sqft,Resale,13,Ready to Move,Furnished,East,NA,Society 30,1.0,2.0,3.0,Freehold,4860 sqft,NA,3229 sqft
Property 1026,A nice property,77 Lac,7738374,Bhopal,4664 sqft,Resale,15,Under Construction,Unfurnished,East,NA,Society 27,1.0,2.0,2.0,Leasehold,953 sqft,NA,1254 sqft
Property 1027,A nice property,56 Lac,5654727,Pune,1752 sqft,Ready,21,Ready to Move,Unfurnished,South,NA,Society 42,1.0,2.0,1.0,Freehold,3190 sqft,NA,NA
Property 1028,A nice property,65 Lac,6584564,Visakhapatnam,3312 sqft,Ready,3,Under Construction,Furnished,South,Park,Society 10,3.0,1.0,3.0,Freehold,2452 sqft,NA,NA
Property 1029,A nice property,1.1 Cr,11263501,Bangalore,1237 sqft,Ready,17,Ready to Move,Furnished,North,NA,Society 38,4.0,,,Leasehold,4721 sqft,NA,713 sqft
Property 1030,A nice property,1.0 Cr,10140148,Pune,2549 sqft,Under Construction,21,Ready to Move,Unfurnished,East,Park,Society 16,5.0,0.0,1.0,Freehold,2792 sqft,NA,4367 sqft
Property 1031,A nice property,63 Lac,6345191,Kochi,3441 sqft,Under Construction,9,Under Construction,Semi-Furnished,North,Park,Society 47,2.0,2.0,1.0,Leasehold,1437 sqft,NA,2117 sqft
Property 1032,A nice property,47 Lac,4765137,Ghaziabad,3217 sqft,Resale,Ground,Under Construction,Unfurnished,East,NA,NA,4.0,2.0,3.0,Freehold,5821 sqft,NA,NA
Property 1033,A nice property,67 Lac,6742696,Indore,1975 sqft,Under Construction,3,Ready to Move,Unfurnished,West,Park,Society 12,4.0,0.0,,Freehold,1984 sqft,NA,1296 sqft
Property 1034,A nice property,86 Lac,8618613,Hyderabad,1326 sqft,Under Construction,18,Under Construction,Unfurnished,North,Park,Society 13,5.0,,2.0,Leasehold,4280 sqft,NA,NA
Property 1035,A nice property,44 Lac,4443680,Chandigarh,3350 sqft,Ready,7,Ready to Move,Unfurnished,South,Park,NA,1.0,1.0,1.0,Leasehold,5704 sqft,NA,2939 sqft
Property 1036,A nice property,53 Lac,5320723,Hyderabad,4258 sqft,Resale,9,Under Construction,Unfurnished,West,Main Road,NA,2.0,0.0,0.0,Leasehold,5196 sqft,NA,2109 sqft
Property 1037,A nice property,55 Lac,5526331,Kochi,693 sqft,Ready,25,Under Construction,Unfurnished,East,Park,NA,5.0,3.0,1.0,Freehold,778 sqft,NA,2924 sqft
Property 1038,A nice property,43 Lac,4396076,Chandigarh,2772 sqft,Under Construction,9,Ready to Move,Furnished,North,Park,NA,4.0,1.0,,Leasehold,4898 sqft,NA,3141 sqft
Property 1039,A nice property,1.6 Cr,15938078,Mumbai,2317 sqft,Ready,20,Ready to Move,Semi-Furnished,South,Main Road,Society 28,1.0,,3.0,Freehold,3774 sqft,NA,NA
Property 1040,A nice property,69 Lac,6947060,Pune,2644 sqft,Resale,Ground,Ready to Move,Semi-Furnished,West,Main Road,Society 42,5.0,1.0,,Leasehold,3311 sqft,NA,NA
Property 1041,A nice property,28 Lac,2833402,Surat,1155 sqft,Under Construction,Ground,Ready to Move,Semi-Furnished,East,NA,Society 22,3.0,2.0,3.0,Leasehold,3313 sqft,NA,NA
Property 1042,A nice property,49 Lac,4905840,Pune,3471 sqft,Resale,24,Under Construction,Furnished,South,NA,Society 2,1.0,3.0,1.0,Leasehold,1684 sqft,NA,1932 sqft
Property 1043,A nice property,64 Lac,6462149,Delhi,2702 sqft,Under Construction,9,Ready to Move,Furnished,West,Park,Society 9,2.0,0.0,0.0,Freehold,824 sqft,NA,NA
Property 1044,A nice property,46 Lac,4683026,Visakhapatnam,1485 sqft,Under Construction,10,Ready to Move,Semi-Furnished,East,Main Road,NA,5.0,0.0,1.0,Leasehold,4992 sqft,NA,1321 sqft
Property 1045,A nice property,52 Lac,5200427,Jaipur,610 sqft,Under Construction,12,Under Construction,Unfurnished,North,Park,Society 7,,0.0,3.0,Leasehold,4084 sqft,NA,2956 sqft
Property 1046,A nice property,73 Lac,7345360,Indore,994 sqft,Resale,13,Ready to Move,Furnished,West,Main Road,Society 10,,2.0,0.0,Freehold,1532 sqft,NA,4195 sqft
Property 1047,A nice property,79 Lac,7935040,Ludhiana,3761 sqft,Ready,Ground,Under Construction,Semi-Furnished,West,Park,NA,1.0,0.0,2.0,Leasehold,5735 sqft,NA,1065 sqft
Property 1048,A nice property,65 Lac,6546027,Bhopal,4189 sqft,Resale,Ground,Ready to Move,Semi-Furnished,East,NA,Society 3,4.0,3.0,3.0,Leasehold,5562 sqft,NA,3434 sqft
Property 1049,A nice property,1.0 Cr,10330313,Delhi,4037 sqft,Under Construction,1,Under Construction,Unfurnished,West,Main Road,NA,1.0,1.0,0.0,Leasehold,4488 sqft,NA,NA
Property 1050,A nice property,46 Lac,4618721,Indore,1962 sqft,Resale,17,Ready to Move,Furnished,North,Main Road,NA,1.0,,3.0,Freehold,725 sqft,NA,NA
Property 1051,A nice property,22 Lac,2238952,Vadodara,3991 sqft,Resale,Ground,Ready to Move,Furnished,South,NA,Society 38,2.0,,1.0,Leasehold,4763 sqft,NA,NA
Property 1052,A nice property,34 Lac,3427306,Bhopal,4639 sqft,Resale,Ground,Under Construction,Furnished,North,Main Road,Society 2,1.0,2.0,1.0,Freehold,4815 sqft,NA,2404 sqft
Property 1053,A nice property,52 Lac,5245053,Indore,3702 sqft,Under Construction,Ground,Under Construction,Semi-Furnished,West,Main Road,NA,,2.0,0.0,Freehold,2395 sqft,NA,4432 sqft
Property 1054,A nice property,30 Lac,3050102,Visakhapatnam,3477 sqft,Resale,24,Under Construction,Furnished,West,Main Road,Society 28,3.0,,0.0,Leasehold,5817 sqft,NA,4011 sqft
Property 1055,A nice property,28 Lac,2833695,Vadodara,3674 sqft,Resale,16,Ready to Move,Unfurnished,North,Main Road,Society 14,3.0,1.0,,Freehold,2392 sqft,NA,1531 sqft
Property 1056,A nice property,1.5 Cr,14688877,Bangalore,1430 sqft,Ready,19,Under Construction,Unfurnished,South,Park,Society 34,,,0.0,Leasehold,1355 sqft,NA,2107 sqft
Property 1057,A nice property,23 Lac,2346347,Ludhiana,4527 sqft,Ready,25,Under Construction,Unfurnished,South,Park,NA,4.0,1.0,1.0,Leasehold,2624 sqft,NA,1048 sqft
Property 1058,A nice property,1.2 Cr,11596470,Delhi,2447 sqft,Resale,15,Ready to Move,Furnished,East,NA,NA,1.0,3.0,3.0,Freehold,1747 sqft,NA,NA
Property 1059,A nice property,78 Lac,7814889,Ahmedabad,1932 sqft,Resale,3,Under Construction,Unfurnished,East,Park,NA,,1.0,,Freehold,5799 sqft,NA,NA
Property 1060,A nice property,75 Lac,7505677,Lucknow,4296 sqft,Under Construction,7,Ready to Move,Unfurnished,North,Main Road,NA,4.0,0.0,1.0,Freehold,3190 sqft,NA,3011 sqft
Property 1061,A nice property,20 Lac,2082059,Ahmedabad,1203 sqft,Under Construction,23,Ready to Move,Unfurnished,East,Park,Society 15,4.0,0.0,2.0,Freehold,964 sqft,NA,2080 sqft
Property 1062,A nice property,1.7 Cr,17008565,Delhi,873 sqft,Ready,15,Ready to Move,Furnished,South,NA,Society 38,1.0,0.0,2.0,Freehold,2063 sqft,NA,NA
Property 1063,A nice property,40 Lac,4059643,Surat,3015 sqft,Ready,18,Ready to Move,Semi-Furnished,East,NA,NA,3.0,0.0,,Leasehold,4558 sqft,NA,NA
Property 1064,A nice property,1.1 Cr,10858904,Hyderabad,764 sqft,Under Construction,5,Ready to Move,Unfurnished,West,Park,Society 4,5.0,2.0,2.0,Leasehold,3707 sqft,NA,4723 sqft
Property 1065,A nice property,81 Lac,8191334,Hyderabad,3210 sqft,Ready,5,Ready to Move,Semi-Furnished,South,NA,Society 9,3.0,2.0,3.0,Leasehold,5517 sqft,NA,2387 sqft
Property 1066,A nice property,34 Lac,3424229,Chandigarh,2739 sqft,Under Construction,24,Under Construction,Furnished,South,NA,Society 7,1.0,1.0,,Freehold,3083 sqft,NA,4051 sqft
Property 1067,A nice property,39 Lac,3936892,Chennai,1457 sqft,Under Construction,22,Ready to Move,Unfurnished,East,NA,Society 48,4.0,2.0,2.0,Freehold,2187 sqft,NA,2960 sqft
Property 1068,A nice property,77 Lac,7744026,Lucknow,1207 sqft,Resale,Ground,Ready to Move,Furnished,East,NA,Society 3,,3.0,,Leasehold,3640 sqft,NA,NA
Property 1069,A nice property,2.0 Cr,20392517,Mumbai,3400 sqft,Resale,14,Ready to Move,Semi-Furnished,North,Main Road,Society 8,3.0,1.0,0.0,Leasehold,1050 sqft,NA,3034 sqft
Property 1070,A nice property,80 Lac,8053624,Bangalore,1993 sqft,Ready,25,Ready to Move,Furnished,North,Park,Society 17,5.0,1.0,3.0,Freehold,1240 sqft,NA,NA
Property 1071,A nice property,66 Lac,6612594,Indore,3675 sqft,Resale,25,Under Construction,Unfurnished,South,NA,Society 14,2.0,2.0,,Leasehold,4005 sqft,NA,1459 sqft
Property 1072,A nice property,1.1 Cr,11458259,Bangalore,1918 sqft,Resale,10,Under Construction,Semi-Furnished,West,Main Road,Society 7,5.0,2.0,3.0,Leasehold,3759 sqft,NA,3807 sqft
Property 1073,A nice property,34 Lac,3440488,Lucknow,1214 sqft,Under Construction,1,Ready to Move,Unfurnished,South,NA,NA,5.0,0.0,0.0,Freehold,4372 sqft,NA,NA
Property 1074,A nice property,32 Lac,3213110,Nagpur,1362 sqft,Ready,2,Ready to Move,Unfurnished,North,Main Road,Society 24,2.0,0.0,,Leasehold,3685 sqft,NA,1583 sqft
Property 1075,A nice property,69 Lac,6988657,Nagpur,3368 sqft,Resale,Ground,Under Construction,Furnished,North,Park,NA,5.0,3.0,0.0,Freehold,3689 sqft,NA,NA
Property 1076,A nice property,75 Lac,7529560,Surat,4554 sqft,Ready,11,Ready to Move,Unfurnished,West,Park,Society 8,5.0,,0.0,Freehold,3316 sqft,NA,NA
Property 1077,A nice property,49 Lac,4992618,Pune,853 sqft,Under Construction,20,Ready to Move,Furnished,West,NA,Society 11,1.0,1.0,3.0,Leasehold,4589 sqft,NA,NA
Property 1078,A nice property,55 Lac,5586471,Ahmedabad,4133 sqft,Resale,Ground,Under Construction,Furnished,West,Park,Society 39,1.0,2.0,2.0,Freehold,3168 sqft,NA,722 sqft
Property 1079,A nice property,49 Lac,4970444,Kochi,1951 sqft,Under Construction,13,Ready to Move,Furnished,North,NA,Society 27,3.0,2.0,,Freehold,4971 sqft,NA,688 sqft
Property 1080,A nice property,53 Lac,5346860,Surat,4156 sqft,Resale,Ground,Under Construction,Semi-Furnished,North,Main Road,Society 22,5.0,0.0,0.0,Freehold,3796 sqft,NA,2912 sqft
Property 1081,A nice property,27 Lac,2782433,Ghaziabad,1886 sqft,Ready,13,Under Construction,Semi-Furnished,North,NA,NA,2.0,1.0,3.0,Freehold,2438 sqft,NA,1648 sqft
Property 1082,A nice property,36 Lac,3671598,Chennai,1038 sqft,Under Construction,13,Ready to Move,Furnished,West,Park,Society 33,1.0,2.0,1.0,Leasehold,5898 sqft,NA,NA
Property 1083,A nice property,78 Lac,7832196,Chennai,1429 sqft,Under Construction,4,Under Construction,Semi-Furnished,South,Park,Society 50,5.0,3.0,2.0,Leasehold,1916 sqft,NA,1932 sqft
Property 1084,A nice property,25 Lac,2518690,Chennai,3312 sqft,Ready,15,Ready to Move,Furnished,North,NA,Society 40,1.0,0.0,,Leasehold,5248 sqft,NA,2651 sqft
Property 1085,A nice property,1.9 Cr,19034471,Delhi,2283 sqft,Under Construction,10,Under Construction,Semi-Furnished,North,Park,Society 1,4.0,2.0,,Leasehold,1283 sqft,NA,NA
Property 1086,A nice property,56 Lac,5692792,Ludhiana,2156 sqft,Ready,4,Under Construction,Unfurnished,South,Park,NA,,1.0,3.0,Leasehold,788 sqft,NA,3295 sqft
Property 1087,A nice property,40 Lac,4017053,Bhopal,3952 sqft,Under Construction,6,Ready to Move,Unfurnished,East,Park,Society 28,1.0,,2.0,Freehold,4758 sqft,NA,4459 sqft
Property 1088,A nice property,72 Lac,7201941,Ludhiana,2773 sqft,Under Construction,23,Ready to Move,Furnished,North,Park,Society 18,4.0,3.0,3.0,Freehold,726 sqft,NA,1888 sqft
Property 1089,A nice property,63 Lac,6324834,Ahmedabad,2906 sqft,Under Construction,1,Under Construction,Semi-Furnished,North,Park,NA,4.0,2.0,1.0,Freehold,3492 sqft,NA,2196 sqft
Property 1090,A nice property,56 Lac,5672391,Visakhapatnam,3036 sqft,Ready,3,Ready to Move,Semi-Furnished,North,Park,NA,1.0,2.0,1.0,Freehold,3930 sqft,NA,1600 sqft
Property 1091,A nice property,26 Lac,2658793,Ghaziabad,2545 sqft,Resale,Ground,Ready to Move,Unfurnished,West,NA,Society 23,3.0,3.0,3.0,Leasehold,1185 sqft,NA,NA
Property 1092,A nice property,83 Lac,8381799,Pune,1385 sqft,Under Construction,7,Under Construction,Semi-Furnished,North,Park,Society 49,,2.0,1.0,Leasehold,3463 sqft,NA,651 sqft
Property 1093,A nice property,62 Lac,6287994,Ahmedabad,1006 sqft,Ready,22,Under Construction,Semi-Furnished,East,Park,Society 43,1.0,,2.0,Freehold,3276 sqft,NA,1737 sqft
Property 1094,A nice property,44 Lac,4425398,Chandigarh,3818 sqft,Ready,15,Under Construction,Semi-Furnished,North,Park,Society 16,2.0,2.0,,Freehold,4622 sqft,NA,NA
Property 1095,A nice property,77 Lac,7717802,Jaipur,4621 sqft,Under Construction,17,Under Construction,Unfurnished,East,Park,Society 37,3.0,2.0,1.0,Leasehold,2421 sqft,NA,2072 sqft
Property 1096,A nice property,46 Lac,4695366,Chandigarh,1858 sqft,Ready,11,Ready to Move,Furnished,North,Park,Society 41,2.0,0.0,2.0,Leasehold,4987 sqft,NA,835 sqft
Property 1097,A nice property,42 Lac,4272847,Jaipur,1046 sqft,Ready,Ground,Under Construction,Semi-Furnished,East,NA,Society 40,5.0,2.0,0.0,Freehold,5824 sqft,NA,521 sqft
Property 1098,A nice property,1.8 Cr,18332107,Mumbai,3555 sqft,Ready,6,Under Construction,Semi-Furnished,North,Main Road,Society 15,1.0,1.0,0.0,Leasehold,3025 sqft,NA,NA
Property 1099,A nice property,36 Lac,3667864,Chandigarh,631 sqft,Under Construction,Ground,Under Construction,Unfurnished,West,NA,Society 50,5.0,2.0,0.0,Freehold,1648 sqft,NA,NA
Property 1100,A nice property,22 Lac,2248764,Lucknow,4102 sqft,Resale,14,Under Construction,Semi-Furnished,West,Main Road,NA,2.0,2.0,1.0,Leasehold,1116 sqft,NA,3510 sqft
Property 1101,A nice property,20 Lac,2033356,Vadodara,1317 sqft,Ready,3,Under Construction,Furnished,South,Park,Society 25,5.0,,2.0,Leasehold,5387 sqft,NA,2941 sqft
Property 1102,A nice property,58 Lac,5894039,Chennai,3012 sqft,Under Construction,7,Ready to Move,Furnished,South,NA,Society 26,2.0,0.0,,Freehold,4015 sqft,NA,3988 sqft
Property 1103,A nice property,1.6 Cr,15833578,Delhi,4534 sqft,Resale,7,Ready to Move,Furnished,West,Park,Society 22,1.0,3.0,0.0,Leasehold,754 sqft,NA,998 sqft
Property 1104,A nice property,44 Lac,4451580,Chandigarh,2235 sqft,Ready,23,Under Construction,Furnished,West,Main Road,Society 5,3.0,2.0,0.0,Leasehold,934 sqft,NA,NA
Property 1105,A nice property,48 Lac,4826335,Nagpur,1394 sqft,Ready,6,Ready to Move,Semi-Furnished,South,Park,Society 49,1.0,2.0,3.0,Freehold,4235 sqft,NA,NA
Property 1106,A nice property,76 Lac,7666194,Ghaziabad,810 sqft,Under Construction,10,Ready to Move,Unfurnished,North,NA,Society 11,,1.0,2.0,Leasehold,3809 sqft,NA,2445 sqft
Property 1107,A nice property,57 Lac,5780987,Lucknow,2295 sqft,Under Construction,17,Under Construction,Unfurnished,East,Park,Society 16,5.0,2.0,1.0,Leasehold,1653 sqft,NA,752 sqft
Property 1108,A nice property,60 Lac,6099107,Surat,1999 sqft,Resale,15,Under Construction,Unfurnished,South,Park,Society 33,1.0,0.0,1.0,Leasehold,4042 sqft,NA,3176 sqft
Property 1109,A nice property,59 Lac,5933228,Jaipur,2990 sqft,Resale,1,Under Construction,Unfurnished,East,Main Road,NA,2.0,1.0,3.0,Freehold,1247 sqft,NA,2712 sqft
Property 1110,A nice property,44 Lac,4441160,Chandigarh,1271 sqft,Under Construction,Ground,Ready to Move,Semi-Furnished,East,NA,Society 27,4.0,3.0,2.0,Leasehold,3508 sqft,NA,NA
Property 1111,A nice property,30 Lac,3015910,Lucknow,4479 sqft,Under Construction,13,Under Construction,Unfurnished,North,Park,Society 18,4.0,2.0,2.0,Freehold,2286 sqft,NA,1149 sqft
Property 1112,A nice property,74 Lac,7437938,Kolkata,1546 sqft,Ready,8,Under Construction,Furnished,West,Main Road,Society 24,1.0,3.0,0.0,Freehold,1349 sqft,NA,NA
Property 1113,A nice property,44 Lac,4462071,Bhopal,3126 sqft,Ready,19,Ready to Move,Unfurnished,West,Park,Society 26,3.0,3.0,,Leasehold,4308 sqft,NA,NA
Property 1114,A nice property,55 Lac,5524126,Visakhapatnam,3856 sqft,Resale,Ground,Ready to Move,Unfurnished,West,NA,Society 45,3.0,1.0,1.0,Leasehold,3800 sqft,NA,2746 sqft
Property 1115,A nice property,98 Lac,9810442,Hyderabad,4457 sqft,Resale,19,Under Construction,Furnished,East,NA,Society 19,4.0,0.0,1.0,Freehold,4024 sqft,NA,2468 sqft
Property 1116,A nice property,28 Lac,2841185,Ahmedabad,4606 sqft,Ready,3,Ready to Move,Furnished,West,NA,Society 50,5.0,,,Freehold,870 sqft,NA,3430 sqft
Property 1117,A nice property,62 Lac,6206268,Bhopal,2770 sqft,Ready,15,Under Construction,Furnished,South,Park,Society 18,4.0,1.0,1.0,Leasehold,2047 sqft,NA,2105 sqft
Property 1118,A nice property,37 Lac,3761333,Ghaziabad,1346 sqft,Resale,23,Under Construction,Semi-Furnished,North,NA,Society 26,5.0,1.0,0.0,Freehold,3102 sqft,NA,1382 sqft
Property 1119,A nice property,28 Lac,2814462,Nagpur,3774 sqft,Ready,13,Ready to Move,Furnished,West,NA,Society 21,,3.0,1.0,Freehold,3091 sqft,NA,3318 sqft
Property 1120,A nice property,53 Lac,5366979,Ghaziabad,2114 sqft,Under Construction,6,Ready to Move,Furnished,South,Park,Society 22,2.0,0.0,,Leasehold,3768 sqft,NA,3222 sqft
Property 1121,A nice property,40 Lac,4050893,Lucknow,3639 sqft,Under Construction,6,Ready to Move,Unfurnished,West,Park,Society 38,2.0,2.0,2.0,Leasehold,3785 sqft,NA,1565 sqft
Property 1122,A nice property,36 Lac,3683089,Lucknow,3724 sqft,Resale,Ground,Under Construction,Furnished,West,Park,Society 45,5.0,2.0,,Leasehold,5621 sqft,NA,4382 sqft
Property 1123,A nice property,1.4 Cr,13872738,Mumbai,3626 sqft,Resale,15,Ready to Move,Semi-Furnished,South,Park,Society 9,4.0,2.0,3.0,Leasehold,4493 sqft,NA,1382 sqft
Property 1124,A nice property,50 Lac,5077675,Bhopal,2128 sqft,Ready,22,Under Construction,Semi-Furnished,South,Main Road,Society 50,2.0,2.0,0.0,Freehold,5532 sqft,NA,886 sqft
Property 1125,A nice property,38 Lac,3859679,Jaipur,4251 sqft,Ready,19,Under Construction,Semi-Furnished,East,Park,Society 22,4.0,3.0,1.0,Freehold,1448 sqft,NA,1044 sqft
Property 1126,A nice property,1.6 Cr,16127734,Mumbai,965 sqft,Under Construction,23,Under Construction,Unfurnished,North,Main Road,Society 10,4.0,2.0,3.0,Freehold,4880 sqft,NA,2898 sqft
Property 1127,A nice property,79 Lac,7920599,Ghaziabad,2756 sqft,Ready,Ground,Under Construction,Furnished,North,Park,Society 46,3.0,0.0,,Freehold,1393 sqft,NA,3910 sqft
Property 1128,A nice property,1.3 Cr,13273791,Bangalore,4202 sqft,Resale,6,Ready to Move,Furnished,West,Main Road,Society 25,3.0,1.0,2.0,Leasehold,3103 sqft,NA,1555 sqft
Property 1129,A nice property,36 Lac,3651322,Ludhiana,4409 sqft,Resale,21,Under Construction,Unfurnished,West,Main Road,Society 38,3.0,2.0,3.0,Freehold,2444 sqft,NA,3519 sqft
Property 1130,A nice property,23 Lac,2333513,Visakhapatnam,2757 sqft,Ready,22,Ready to Move,Furnished,West,Park,NA,5.0,3.0,1.0,Freehold,2585 sqft,NA,NA
Property 1131,A nice property,47 Lac,4789365,Lucknow,2453 sqft,Under Construction,Ground,Under Construction,Semi-Furnished,North,NA,NA,5.0,,0.0,Leasehold,3870 sqft,NA,2171 sqft
Property 1132,A nice property,58 Lac,5831569,Ahmedabad,2800 sqft,Under Construction,24,Ready to Move,Unfurnished,South,Park,Society 11,5.0,1.0,2.0,Leasehold,5777 sqft,NA,NA
Property 1133,A nice property,49 Lac,4962749,Ludhiana,1104 sqft,Ready,Ground,Ready to Move,Furnished,North,Main Road,Society 42,4.0,0.0,1.0,Leasehold,4399 sqft,NA,723 sqft
Property 1134,A nice property,58 Lac,5886719,Nagpur,1838 sqft,Ready,Ground,Under Construction,Unfurnished,East,NA,Society 27,1.0,3.0,1.0,Leasehold,3388 sqft,NA,NA
Property 1135,A nice property,77 Lac,7767177,Ahmedabad,1392 sqft,Resale,25,Under Construction,Semi-Furnished,North,NA,Society 48,4.0,2.0,1.0,Leasehold,4453 sqft,NA,NA
Property 1136,A nice property,62 Lac,6241672,Kolkata,1302 sqft,Resale,12,Under Construction,Unfurnished,West,NA,Society 15,3.0,0.0,3.0,Freehold,3423 sqft,NA,4758 sqft
Property 1137,A nice property,51 Lac,5185535,Ludhiana,3416 sqft,Resale,4,Under Construction,Unfurnished,East,Main Road,Society 14,5.0,0.0,1.0,Freehold,3665 sqft,NA,1172 sqft
Property 1138,A nice property,53 Lac,5387858,Jaipur,3991 sqft,Under Construction,25,Ready to Move,Unfurnished,North,NA,Society 19,1.0,1.0,2.0,Leasehold,2853 sqft,NA,2275 sqft
Property 1139,A nice property,44 Lac,4435741,Pune,2463 sqft,Ready,15,Ready to Move,Semi-Furnished,South,Park,Society 22,5.0,3.0,1.0,Freehold,3921 sqft,NA,NA
Property 1140,A nice property,1.2 Cr,11603674,Hyderabad,1099 sqft,Resale,7,Under Construction,Unfurnished,South,Main Road,Society 28,1.0,1.0,3.0,Leasehold,836 sqft,NA,3653 sqft
Property 1141,A nice property,69 Lac,6979059,Bangalore,3771 sqft,Under Construction,15,Under Construction,Semi-Furnished,South,Park,Society 37,2.0,2.0,1.0,Leasehold,3849 sqft,NA,2952 sqft
Property 1142,A nice property,35 Lac,3567320,Lucknow,4880 sqft,Resale,21,Ready to Move,Furnished,West,Main Road,NA,5.0,0.0,2.0,Freehold,5259 sqft,NA,2102 sqft
Property 1143,A nice property,48 Lac,4823257,Chandigarh,4029 sqft,Ready,24,Under Construction,Semi-Furnished,South,Main Road,Society 26,3.0,1.0,,Leasehold,2260 sqft,NA,4537 sqft
Property 1144,A nice property,63 Lac,6389705,Bangalore,4986 sqft,Under Construction,11,Ready to Move,Furnished,North,NA,Society 10,4.0,3.0,2.0,Freehold,2898 sqft,NA,981 sqft
Property 1145,A nice property,58 Lac,5829262,Ghaziabad,4489 sqft,Ready,7,Ready to Move,Semi-Furnished,South,Park,Society 31,4.0,0.0,0.0,Freehold,2179 sqft,NA,3891 sqft
Property 1146,A nice property,52 Lac,5202701,Nagpur,2530 sqft,Ready,1,Under Construction,Semi-Furnished,East,Main Road,Society 16,1.0,,,Leasehold,4123 sqft,NA,1454 sqft
Property 1147,A nice property,1.1 Cr,10675334,Pune,4501 sqft,Under Construction,23,Under Construction,Semi-Furnished,East,Main Road,Society 49,5.0,2.0,3.0,Freehold,875 sqft,NA,3242 sqft
Property 1148,A nice property,1.2 Cr,12159792,Delhi,3048 sqft,Under Construction,Ground,Under Construction,Furnished,South,Park,Society 35,5.0,1.0,0.0,Leasehold,3753 sqft,NA,737 sqft
Property 1149,A nice property,23 Lac,2374223,Lucknow,1246 sqft,Resale,24,Under Construction,Unfurnished,South,Main Road,Society 5,,2.0,3.0,Freehold,2292 sqft,NA,1966 sqft
Property 1150,A nice property,52 Lac,5242648,Indore,3834 sqft,Under Construction,15,Under Construction,Semi-Furnished,East,Park,Society 23,4.0,2.0,1.0,Leasehold,2628 sqft,NA,NA
Property 1151,A nice property,68 Lac,6828306,Surat,884 sqft,Under Construction,18,Ready to Move,Semi-Furnished,West,NA,Society 44,4.0,2.0,0.0,Leasehold,4999 sqft,NA,4039 sqft
Property 1152,A nice property,73 Lac,7374887,Chennai,4713 sqft,Resale,23,Under Construction,Furnished,North,Main Road,Society 6,2.0,1.0,0.0,Freehold,5177 sqft,NA,NA
Property 1153,A nice property,76 Lac,7652092,Kolkata,4833 sqft,Ready,Ground,Under Construction,Furnished,West,Park,NA,2.0,3.0,0.0,Freehold,1989 sqft,NA,NA
Property 1154,A nice property,94 Lac,9491540,Pune,1807 sqft,Under Construction,9,Under Construction,Semi-Furnished,North,Park,Society 33,3.0,1.0,2.0,Freehold,5858 sqft,NA,4979 sqft
Property 1155,A nice property,21 Lac,2161738,Vadodara,1585 sqft,Ready,Ground,Under Construction,Furnished,West,Main Road,Society 45,1.0,3.0,3.0,Leasehold,3241 sqft,NA,NA
Property 1156,A nice property,63 Lac,6325216,Nagpur,4278 sqft,Ready,1,Under Construction,Unfurnished,North,Park,Society 2,5.0,3.0,2.0,Freehold,5680 sqft,NA,4919 sqft
Property 1157,A nice property,50 Lac,5028511,Kochi,2016 sqft,Under Construction,6,Under Construction,Unfurnished,South,Main Road,Society 32,5.0,0.0,2.0,Leasehold,5523 sqft,NA,2961 sqft
Property 1158,A nice property,79 Lac,7971316,Kochi,1969 sqft,Ready,18,Ready to Move,Furnished,South,Park,Society 31,3.0,2.0,,Freehold,4265 sqft,NA,NA
Property 1159,A nice property,32 Lac,3241370,Jaipur,2335 sqft,Ready,6,Ready to Move,Unfurnished,North,Main Road,NA,1.0,2.0,,Leasehold,5520 sqft,NA,2668 sqft
Property 1160,A nice property,55 Lac,5578054,Chennai,2178 sqft,Resale,25,Ready to Move,Unfurnished,North,NA,NA,3.0,0.0,3.0,Leasehold,3978 sqft,NA,3207 sqft
Property 1161,A nice property,26 Lac,2686843,Jaipur,1633 sqft,Resale,9,Under Construction,Unfurnished,South,Main Road,Society 50,2.0,,,Freehold,3789 sqft,NA,1296 sqft
Property 1162,A nice property,23 Lac,2396387,Visakhapatnam,949 sqft,Resale,12,Under Construction,Furnished,North,Main Road,Society 1,1.0,0.0,,Freehold,1111 sqft,NA,2222 sqft
Property 1163,A nice property,55 Lac,5530439,Lucknow,4068 sqft,Ready,23,Under Construction,Unfurnished,West,NA,Society 18,2.0,0.0,,Freehold,5178 sqft,NA,2816 sqft
Property 1164,A nice property,63 Lac,6302489,Indore,1241 sqft,Ready,22,Under Construction,Unfurnished,North,Main Road,Society 28,4.0,2.0,2.0,Leasehold,1644 sqft,NA,3227 sqft
Property 1165,A nice property,1.4 Cr,14339493,Hyderabad,4166 sqft,Resale,15,Ready to Move,Semi-Furnished,South,Park,Society 36,1.0,3.0,1.0,Freehold,4909 sqft,NA,NA
Property 1166,A nice property,54 Lac,5437289,Chandigarh,2254 sqft,Under Construction,21,Ready to Move,Unfurnished,West,Main Road,Society 2,3.0,1.0,0.0,Leasehold,4519 sqft,NA,4190 sqft
Property 1167,A nice property,1.1 Cr,11248711,Delhi,1811 sqft,Resale,Ground,Ready to Move,Semi-Furnished,South,Main Road,Society 9,1.0,,3.0,Leasehold,3323 sqft,NA,NA
Property 1168,A nice property,93 Lac,9307290,Pune,2712 sqft,Under Construction,23,Under Construction,Semi-Furnished,East,NA,Society 18,1.0,3.0,0.0,Freehold,4939 sqft,NA,2869 sqft
Property 1169,A nice property,37 Lac,3754769,Ahmedabad,3219 sqft,Under Construction,4,Ready to Move,Semi-Furnished,South,Main Road,Society 8,2.0,1.0,,Freehold,5254 sqft,NA,2178 sqft
Property 1170,A nice property,31 Lac,3140389,Bhopal,1148 sqft,Ready,10,Ready to Move,Furnished,West,Park,NA,2.0,3.0,2.0,Leasehold,996 sqft,NA,1304 sqft
Property 1171,A nice property,52 Lac,5233737,Vadodara,1312 sqft,Resale,20,Ready to Move,Furnished,West,Park,NA,3.0,1.0,2.0,Leasehold,3062 sqft,NA,2420 sqft
Property 1172,A nice property,41 Lac,4136079,Nagpur,3779 sqft,Under Construction,25,Under Construction,Unfurnished,East,Main Road,Society 13,3.0,3.0,3.0,Leasehold,1584 sqft,NA,1102 sqft
Property 1173,A nice property,1.3 Cr,13329090,Delhi,3855 sqft,Resale,7,Ready to Move,Unfurnished,West,NA,Society 20,3.0,,3.0,Freehold,3068 sqft,NA,3779 sqft
Property 1174,A nice property,42 Lac,4274514,Bhopal,3271 sqft,Ready,Ground,Ready to Move,Unfurnished,North,Main Road,Society 29,5.0,2.0,3.0,Leasehold,5938 sqft,NA,717 sqft
Property 1175,A nice property,1.2 Cr,11600230,Mumbai,2862 sqft,Ready,8,Under Construction,Semi-Furnished,South,Main Road,Society 21,2.0,0.0,2.0,Freehold,860 sqft,NA,3451 sqft
Property 1176,A nice property,74 Lac,7440090,Jaipur,4857 sqft,Ready,1,Ready to Move,Unfurnished,South,NA,Society 10,3.0,0.0,3.0,Freehold,2280 sqft,NA,4656 sqft
Property 1177,A nice property,79 Lac,7948685,Vadodara,4353 sqft,Under Construction,1,Under Construction,Furnished,West,Park,Society 41,4.0,1.0,0.0,Freehold,4132 sqft,NA,NA
Property 1178,A nice property,83 Lac,8356797,Hyderabad,701 sqft,Resale,7,Under Construction,Unfurnished,North,Main Road,NA,4.0,0.0,1.0,Leasehold,2527 sqft,NA,4631 sqft
Property 1179,A nice property,25 Lac,2537805,Chandigarh,4880 sqft,Under Construction,3,Under Construction,Semi-Furnished,East,Park,Society 19,1.0,,0.0,Freehold,3205 sqft,NA,NA
Property 1180,A nice property,35 Lac,3515283,Nagpur,4037 sqft,Resale,4,Ready to Move,Furnished,East,NA,Society 26,2.0,1.0,3.0,Freehold,5012 sqft,NA,850 sqft
Property 1181,A nice property,76 Lac,7641238,Jaipur,1521 sqft,Under Construction,22,Under Construction,Semi-Furnished,East,Park,Society 13,1.0,,1.0,Leasehold,4344 sqft,NA,2049 sqft
Property 1182,A nice property,42 Lac,4281887,Ghaziabad,3995 sqft,Ready,6,Ready to Move,Unfurnished,North,Main Road,Society 30,2.0,0.0,,Freehold,2830 sqft,NA,1682 sqft
Property 1183,A nice property,21 Lac,2117441,Bhopal,1825 sqft,Ready,17,Ready to Move,Semi-Furnished,South,Main Road,NA,2.0,,,Leasehold,3433 sqft,NA,767 sqft
Property 1184,A nice property,76 Lac,7657036,Nagpur,1814 sqft,Ready,11,Ready to Move,Semi-Furnished,East,Park,Society 38,4.0,1.0,,Freehold,1562 sqft,NA,NA
Property 1185,A nice property,83 Lac,8361998,Hyderabad,1420 sqft,Under Construction,21,Ready to Move,Furnished,North,Park,Society 20,2.0,3.0,1.0,Freehold,1831 sqft,NA,4850 sqft
Property 1186,A nice property,36 Lac,3639925,Ahmedabad,1465 sqft,Resale,7,Under Construction,Unfurnished,South,NA,NA,1.0,0.0,1.0,Freehold,3897 sqft,NA,1670 sqft
Property 1187,A nice property,67 Lac,6771479,Visakhapatnam,1427 sqft,Ready,Ground,Under Construction,Semi-Furnished,West,NA,Society 37,,0.0,1.0,Freehold,1690 sqft,NA,4922 sqft
Property 1188,A nice property,2.3 Cr,22628108,Mumbai,2943 sqft,Ready,14,Ready to Move,Unfurnished,East,Main Road,Society 43,5.0,1.0,2.0,Leasehold,5318 sqft,NA,NA
Property 1189,A nice property,63 Lac,6365315,Ludhiana,4987 sqft,Under Construction,7,Ready to Move,Unfurnished,North,Park,NA,5.0,3.0,,Leasehold,2675 sqft,NA,4710 sqft
Property 1190,A nice property,43 Lac,4378452,Vadodara,3416 sqft,Ready,11,Ready to Move,Semi-Furnished,North,NA,Society 12,,0.0,1.0,Freehold,4387 sqft,NA,NA
Property 1191,A nice property,63 Lac,6318432,Indore,3966 sqft,Ready,13,Ready to Move,Unfurnished,West,Main Road,Society 45,1.0,1.0,0.0,Leasehold,5717 sqft,NA,4959 sqft
Property 1192,A nice property,37 Lac,3764544,Ludhiana,2763 sqft,Under Construction,1,Under Construction,Semi-Furnished,East,Main Road,Society 46,4.0,2.0,1.0,Leasehold,1163 sqft,NA,4417 sqft
Property 1193,A nice property,46 Lac,4670536,Ahmedabad,3737 sqft,Under Construction,15,Ready to Move,Semi-Furnished,East,Park,Society 30,3.0,3.0,2.0,Freehold,2049 sqft,NA,4204 sqft
Property 1194,A nice property,1.5 Cr,14782249,Delhi,4577 sqft,Ready,22,Ready to Move,Unfurnished,North,Park,NA,4.0,3.0,3.0,Leasehold,1995 sqft,NA,1176 sqft
Property 1195,A nice property,52 Lac,5252901,Chandigarh,4475 sqft,Resale,Ground,Ready to Move,Unfurnished,South,Park,Society 44,2.0,3.0,3.0,Leasehold,5675 sqft,NA,3516 sqft
Property 1196,A nice property,24 Lac,2420135,Lucknow,906 sqft,Resale,12,Under Construction,Furnished,West,Park,NA,3.0,2.0,2.0,Freehold,2406 sqft,NA,NA
Property 1197,A nice property,20 Lac,2059755,Surat,2010 sqft,Resale,7,Ready to Move,Furnished,South,Main Road,Society 36,1.0,1.0,0.0,Freehold,880 sqft,NA,NA
Property 1198,A nice property,40 Lac,4089686,Hyderabad,2856 sqft,Resale,25,Under Construction,Furnished,East,Park,Society 22,3.0,1.0,0.0,Freehold,5620 sqft,NA,3005 sqft
Property 1199,A nice property,46 Lac,4628350,Pune,3901 sqft,Resale,4,Ready to Move,Unfurnished,North,Main Road,Society 8,2.0,0.0,3.0,Leasehold,5996 sqft,NA,2181 sqft
Property 1200,A nice property,1.5 Cr,15263935,Bangalore,1778 sqft,Resale,19,Under Construction,Semi-Furnished,West,NA,NA,5.0,1.0,0.0,Leasehold,3085 sqft,NA,4243 sqft
Property 1201,A nice property,1.7 Cr,17074429,Bangalore,3890 sqft,Under Construction,4,Ready to Move,Unfurnished,West,Park,Society 7,2.0,3.0,1.0,Freehold,3110 sqft,NA,4258 sqft
Property 1202,A nice property,77 Lac,7757927,Lucknow,917 sqft,Resale,21,Under Construction,Unfurnished,North,Main Road,NA,1.0,3.0,0.0,Leasehold,2464 sqft,NA,NA
Property 1203,A nice property,33 Lac,3303435,Visakhapatnam,3842 sqft,Under Construction,22,Under Construction,Unfurnished,South,Park,Society 37,4.0,3.0,1.0,Leasehold,1274 sqft,NA,2047 sqft
Property 1204,A nice property,41 Lac,4129687,Hyderabad,3315 sqft,Under Construction,Ground,Ready to Move,Unfurnished,West,NA,NA,3.0,0.0,2.0,Leasehold,2037 sqft,NA,683 sqft
Property 1205,A nice property,1.3 Cr,12617527,Hyderabad,2546 sqft,Under Construction,5,Under Construction,Furnished,West,Main Road,Society 46,2.0,1.0,,Freehold,1394 sqft,NA,NA
Property 1206,A nice property,60 Lac,6095901,Ahmedabad,1003 sqft,Ready,21,Under Construction,Unfurnished,South,Park,Society 39,3.0,1.0,1.0,Leasehold,2316 sqft,NA,1463 sqft
Property 1207,A nice property,28 Lac,2886465,Vadodara,4492 sqft,Resale,23,Under Construction,Semi-Furnished,South,NA,Society 38,5.0,3.0,1.0,Freehold,2950 sqft,NA,NA
Property 1208,A nice property,1.0 Cr,10000795,Pune,2800 sqft,Resale,22,Ready to Move,Furnished,North,NA,NA,1.0,3.0,,Freehold,3350 sqft,NA,969 sqft
Property 1209,A nice property,73 Lac,7303103,Bhopal,3651 sqft,Resale,11,Ready to Move,Furnished,North,Main Road,Society 13,2.0,2.0,2.0,Freehold,3406 sqft,NA,NA
Property 1210,A nice property,38 Lac,3818071,Chandigarh,765 sqft,Ready,19,Under Construction,Furnished,South,Main Road,Society 18,5.0,3.0,2.0,Leasehold,4300 sqft,NA,2488 sqft
Property 1211,A nice property,64 Lac,6455716,Nagpur,3367 sqft,Under Construction,17,Ready to Move,Semi-Furnished,North,NA,Society 14,3.0,2.0,,Freehold,5669 sqft,NA,NA
Property 1212,A nice property,66 Lac,6625480,Vadodara,3082 sqft,Resale,8,Under Construction,Semi-Furnished,West,Main Road,Society 43,4.0,1.0,3.0,Freehold,5703 sqft,NA,NA
Property 1213,A nice property,30 Lac,3021334,Surat,3147 sqft,Ready,23,Ready to Move,Unfurnished,South,Park,Society 31,2.0,3.0,,Freehold,5587 sqft,NA,774 sqft
Property 1214,A nice property,69 Lac,6969552,Ghaziabad,2896 sqft,Ready,Ground,Under Construction,Furnished,North,Main Road,Society 14,2.0,2.0,2.0,Leasehold,950 sqft,NA,2762 sqft
Property 1215,A nice property,71 Lac,7115893,Pune,4627 sqft,Resale,20,Under Construction,Furnished,South,Park,Society 18,5.0,2.0,,Freehold,1035 sqft,NA,3431 sqft
Property 1216,A nice property,79 Lac,7963666,Surat,1404 sqft,Under Construction,4,Under Construction,Semi-Furnished,East,Park,Society 7,,1.0,3.0,Leasehold,4594 sqft,NA,1394 sqft
Property 1217,A nice property,1.4 Cr,13759735,Hyderabad,2467 sqft,Ready,24,Under Construction,Unfurnished,West,Main Road,Society 37,1.0,2.0,2.0,Leasehold,2219 sqft,NA,NA
Property 1218,A nice property,72 Lac,7296605,Visakhapatnam,1700 sqft,Under Construction,8,Under Construction,Furnished,South,Park,Society 45,2.0,2.0,0.0,Freehold,3506 sqft,NA,NA
Property 1219,A nice property,73 Lac,7376550,Ludhiana,3061 sqft,Under Construction,2,Ready to Move,Furnished,East,Main Road,Society 47,2.0,3.0,,Leasehold,3985 sqft,NA,NA
Property 1220,A nice property,32 Lac,3217150,Surat,4229 sqft,Resale,16,Under Construction,Unfurnished,West,Park,NA,2.0,1.0,3.0,Freehold,3873 sqft,NA,2554 sqft
Property 1221,A nice property,59 Lac,5999311,Jaipur,3228 sqft,Resale,5,Under Construction,Unfurnished,West,Main Road,NA,,2.0,2.0,Leasehold,5263 sqft,NA,1348 sqft
Property 1222,A nice property,73 Lac,7362706,Bangalore,2807 sqft,Resale,21,Ready to Move,Unfurnished,South,NA,Society 39,4.0,,2.0,Freehold,4674 sqft,NA,2829 sqft
Property 1223,A nice property,67 Lac,6751181,Nagpur,4014 sqft,Under Construction,24,Ready to Move,Semi-Furnished,West,Park,Society 5,2.0,3.0,3.0,Freehold,1774 sqft,NA,1855 sqft
Property 1224,A nice property,27 Lac,2797672,Kolkata,1331 sqft,Under Construction,15,Ready to Move,Furnished,South,NA,Society 35,4.0,0.0,3.0,Leasehold,2744 sqft,NA,2539 sqft
Property 1225,A nice property,62 Lac,6244244,Chandigarh,2139 sqft,Ready,11,Ready to Move,Semi-Furnished,South,Park,NA,1.0,3.0,0.0,Freehold,1170 sqft,NA,3655 sqft
Property 1226,A nice property,69 Lac,6969526,Chandigarh,4218 sqft,Ready,11,Under Construction,Unfurnished,North,Park,Society 19,5.0,3.0,0.0,Freehold,3825 sqft,NA,3458 sqft
Property 1227,A nice property,68 Lac,6829331,Ahmedabad,2331 sqft,Ready,25,Under Construction,Unfurnished,South,NA,Society 46,4.0,0.0,3.0,Leasehold,5948 sqft,NA,2724 sqft
Property 1228,A nice property,38 Lac,3848730,Nagpur,3935 sqft,Resale,14,Under Construction,Semi-Furnished,East,NA,Society 43,2.0,0.0,0.0,Freehold,2418 sqft,NA,1772 sqft
Property 1229,A nice property,1.3 Cr,13378998,Hyderabad,4568 sqft,Under Construction,10,Ready to Move,Semi-Furnished,West,NA,NA,1.0,1.0,2.0,Leasehold,4133 sqft,NA,4940 sqft
Property 1230,A nice property,28 Lac,2887386,Nagpur,4831 sqft,Under Construction,8,Under Construction,Semi-Furnished,North,Main Road,NA,1.0,1.0,3.0,Freehold,3554 sqft,NA,1013 sqft
Property 1231,A nice property,71 Lac,7120000,Vadodara,3663 sqft,Under Construction,Ground,Ready to Move,Semi-Furnished,East,NA,Society 42,2.0,1.0,2.0,Freehold,4359 sqft,NA,NA
Property 1232,A nice property,64 Lac,6481914,Nagpur,1060 sqft,Ready,8,Ready to Move,Unfurnished,South,Park,Society 11,2.0,3.0,3.0,Leasehold,5016 sqft,NA,2062 sqft
Property 1233,A nice property,1.4 Cr,14017408,Bangalore,4821 sqft,Resale,2,Ready to Move,Unfurnished,West,Main Road,Society 3,1.0,,3.0,Freehold,2322 sqft,NA,1492 sqft
Property 1234,A nice property,70 Lac,7066148,Bhopal,1902 sqft,Resale,Ground,Under Construction,Furnished,North,Main Road,NA,1.0,1.0,,Freehold,4321 sqft,NA,2595 sqft
Property 1235,A nice property,30 Lac,3078568,Jaipur,1137 sqft,Under Construction,8,Ready to Move,Unfurnished,West,Main Road,Society 27,3.0,1.0,1.0,Leasehold,1303 sqft,NA,4033 sqft
Property 1236,A nice property,28 Lac,2808024,Kolkata,3148 sqft,Under Construction,Ground,Ready to Move,Furnished,West,Main Road,Society 8,4.0,2.0,2.0,Leasehold,3733 sqft,NA,1288 sqft
Property 1237,A nice property,1.1 Cr,10934281,Hyderabad,4751 sqft,Under Construction,8,Ready to Move,Unfurnished,West,NA,Society 35,,,,Leasehold,1594 sqft,NA,NA
Property 1238,A nice property,47 Lac,4788976,Chandigarh,3904 sqft,Under Construction,13,Under Construction,Semi-Furnished,North,Main Road,Society 48,3.0,0.0,3.0,Freehold,1130 sqft,NA,2418 sqft
Property 1239,A nice property,50 Lac,5045760,Delhi,1711 sqft,Ready,6,Under Construction,Furnished,West,NA,Society 40,1.0,3.0,0.0,Leasehold,3033 sqft,NA,809 sqft
Property 1240,A nice property,28 Lac,2816435,Kolkata,4894 sqft,Ready,1,Ready to Move,Semi-Furnished,West,Park,Society 16,2.0,2.0,0.0,Leasehold,1511 sqft,NA,3308 sqft
Property 1241,A nice property,64 Lac,6401776,Ludhiana,837 sqft,Under Construction,16,Under Construction,Furnished,North,Main Road,Society 8,3.0,2.0,0.0,Freehold,2634 sqft,NA,NA
Property 1242,A nice property,1.0 Cr,10483278,Mumbai,2023 sqft,Ready,7,Under Construction,Semi-Furnished,West,Main Road,Society 50,4.0,1.0,3.0,Leasehold,3968 sqft,NA,3869 sqft
Property 1243,A nice property,1.4 Cr,13807387,Bangalore,2179 sqft,Under Construction,5,Ready to Move,Unfurnished,West,Park,Society 33,1.0,,2.0,Leasehold,4678 sqft,NA,NA
Property 1244,A nice property,50 Lac,5037008,Indore,2244 sqft,Under Construction,Ground,Under Construction,Semi-Furnished,South,Main Road,Society 22,2.0,2.0,2.0,Freehold,4430 sqft,NA,3678 sqft
Property 1245,A nice property,58 Lac,5830237,Ahmedabad,1072 sqft,Under Construction,6,Ready to Move,Unfurnished,West,Park,Society 17,3.0,3.0,0.0,Freehold,4658 sqft,NA,NA
Property 1246,A nice property,1.1 Cr,10562924,Pune,2643 sqft,Ready,7,Under Construction,Furnished,South,Park,Society 4,2.0,2.0,1.0,Leasehold,3810 sqft,NA,2945 sqft
Property 1247,A nice property,20 Lac,2066809,Ghaziabad,870 sqft,Under Construction,3,Under Construction,Semi-Furnished,North,NA,Society 13,5.0,3.0,3.0,Leasehold,4686 sqft,NA,994 sqft
Property 1248,A nice property,28 Lac,2860219,Kolkata,4339 sqft,Under Construction,15,Under Construction,Unfurnished,East,NA,NA,1.0,2.0,0.0,Leasehold,5666 sqft,NA,1026 sqft
Property 1249,A nice property,1.4 Cr,13580143,Delhi,1014 sqft,Resale,24,Under Construction,Unfurnished,North,NA,NA,5.0,3.0,3.0,Leasehold,3659 sqft,NA,2196 sqft
Property 1250,A nice property,22 Lac,2268312,Vadodara,3552 sqft,Resale,14,Ready to Move,Furnished,West,Main Road,Society 43,,0.0,0.0,Leasehold,5451 sqft,NA,687 sqft
Property 1251,A nice property,63 Lac,6361435,Kolkata,2231 sqft,Ready,8,Under Construction,Semi-Furnished,South,Park,NA,,,3.0,Freehold,5973 sqft,NA,4225 sqft
Property 1252,A nice property,56 Lac,5615832,Ghaziabad,2844 sqft,Resale,19,Under Construction,Unfurnished,North,NA,Society 38,3.0,0.0,,Leasehold,2352 sqft,NA,3625 sqft
Property 1253,A nice property,79 Lac,7979348,Kolkata,3617 sqft,Ready,21,Ready to Move,Furnished,South,Main Road,NA,3.0,1.0,2.0,Freehold,1753 sqft,NA,3520 sqft
Property 1254,A nice property,56 Lac,5687096,Ahmedabad,4402 sqft,Under Construction,16,Ready to Move,Unfurnished,South,Main Road,Society 25,2.0,3.0,0.0,Leasehold,1786 sqft,NA,3696 sqft
Property 1255,A nice property,77 Lac,7735076,Indore,4737 sqft,Resale,12,Under Construction,Furnished,South,Main Road,NA,3.0,2.0,,Freehold,2922 sqft,NA,2513 sqft
Property 1256,A nice property,88 Lac,8858756,Pune,3851 sqft,Ready,6,Ready to Move,Semi-Furnished,East,Park,Society 31,3.0,2.0,2.0,Leasehold,5627 sqft,NA,4992 sqft
Property 1257,A nice property,30 Lac,3049616,Ludhiana,1614 sqft,Under Construction,14,Under Construction,Furnished,East,Main Road,NA,1.0,3.0,3.0,Leasehold,3837 sqft,NA,NA
Property 1258,A nice property,1.2 Cr,12232577,Mumbai,850 sqft,Resale,24,Ready to Move,Furnished,South,NA,Society 6,4.0,1.0,0.0,Freehold,4627 sqft,NA,NA
Property 1259,A nice property,54 Lac,5451886,Jaipur,2581 sqft,Resale,5,Under Construction,Semi-Furnished,North,Park,Society 8,4.0,2.0,3.0,Freehold,2486 sqft,NA,NA
Property 1260,A nice property,57 Lac,5700624,Pune,3651 sqft,Ready,Ground,Ready to Move,Unfurnished,West,Main Road,Society 9,3.0,2.0,3.0,Leasehold,4533 sqft,NA,3018 sqft
Property 1261,A nice property,86 Lac,8637400,Pune,4604 sqft,Under Construction,1,Under Construction,Furnished,East,NA,Society 7,1.0,2.0,0.0,Leasehold,1351 sqft,NA,2473 sqft
Property 1262,A nice property,70 Lac,7008850,Vadodara,4254 sqft,Resale,14,Ready to Move,Furnished,North,Park,Society 20,4.0,2.0,1.0,Leasehold,5527 sqft,NA,3720 sqft
Property 1263,A nice property,27 Lac,2725679,Jaipur,2054 sqft,Under Construction,Ground,Ready to Move,Unfurnished,East,NA,Society 2,2.0,1.0,0.0,Freehold,4154 sqft,NA,NA
Property 1264,A nice property,48 Lac,4800044,Chennai,4487 sqft,Under Construction,10,Under Construction,Semi-Furnished,West,Park,Society 20,5.0,,,Freehold,4563 sqft,NA,4639 sqft
Property 1265,A nice property,61 Lac,6159163,Hyderabad,3465 sqft,Resale,5,Ready to Move,Semi-Furnished,North,NA,Society 43,2.0,0.0,2.0,Freehold,3269 sqft,NA,4486 sqft
Property 1266,A nice property,1.6 Cr,15544569,Mumbai,3420 sqft,Under Construction,6,Under Construction,Unfurnished,East,Park,Society 11,4.0,3.0,1.0,Freehold,3390 sqft,NA,956 sqft
Property 1267,A nice property,63 Lac,6319499,Pune,1939 sqft,Ready,15,Under Construction,Furnished,West,NA,Society 34,4.0,3.0,0.0,Freehold,4399 sqft,NA,2136 sqft
Property 1268,A nice property,1.2 Cr,11602206,Mumbai,2718 sqft,Resale,10,Ready to Move,Semi-Furnished,South,NA,Society 42,4.0,2.0,3.0,Freehold,5472 sqft,NA,611 sqft
Property 1269,A nice property,53 Lac,5386508,Nagpur,1340 sqft,Ready,20,Under Construction,Semi-Furnished,North,NA,NA,1.0,,,Leasehold,1668 sqft,NA,3508 sqft
Property 1270,A nice property,56 Lac,5661495,Ahmedabad,2935 sqft,Resale,11,Under Construction,Semi-Furnished,South,NA,NA,5.0,0.0,0.0,Freehold,1782 sqft,NA,2714 sqft
Property 1271,A nice property,48 Lac,4826925,Ghaziabad,824 sqft,Ready,16,Under Construction,Furnished,North,NA,NA,4.0,0.0,2.0,Freehold,946 sqft,NA,1062 sqft
Property 1272,A nice property,26 Lac,2674653,Indore,3766 sqft,Under Construction,7,Ready to Move,Unfurnished,South,Main Road,Society 41,2.0,2.0,2.0,Freehold,5654 sqft,NA,2395 sqft
Property 1273,A nice property,2.4 Cr,24357543,Mumbai,1006 sqft,Under Construction,17,Under Construction,Semi-Furnished,East,NA,Society 9,,0.0,1.0,Freehold,3204 sqft,NA,3214 sqft
Property 1274,A nice property,61 Lac,6104000,Chennai,1934 sqft,Ready,12,Under Construction,Furnished,West,Park,Society 45,4.0,3.0,1.0,Freehold,3440 sqft,NA,NA
Property 1275,A nice property,36 Lac,3685404,Jaipur,2355 sqft,Under Construction,14,Under Construction,Semi-Furnished,West,Main Road,NA,1.0,0.0,,Freehold,2862 sqft,NA,1202 sqft
Property 1276,A nice property,73 Lac,7303527,Bangalore,2413 sqft,Ready,Ground,Ready to Move,Furnished,North,Main Road,Society 14,3.0,2.0,1.0,Leasehold,895 sqft,NA,4611 sqft
Property 1277,A nice property,69 Lac,6959915,Pune,2444 sqft,Resale,Ground,Under Construction,Furnished,East,Park,Society 31,3.0,2.0,3.0,Freehold,2037 sqft,NA,4324 sqft
Property 1278,A nice property,26 Lac,2699996,Surat,2293 sqft,Resale,16,Under Construction,Furnished,South,Main Road,Society 24,4.0,,2.0,Freehold,5108 sqft,NA,1501 sqft
Property 1279,A nice property,71 Lac,7153037,Kochi,2804 sqft,Under Construction,19,Under Construction,Unfurnished,West,Main Road,Society 19,3.0,,3.0,Leasehold,5816 sqft,NA,NA
Property 1280,A nice property,1.2 Cr,11732456,Hyderabad,3954 sqft,Under Construction,2,Under Construction,Semi-Furnished,East,Park,Society 13,4.0,1.0,0.0,Freehold,2975 sqft,NA,NA
Property 1281,A nice property,98 Lac,9859413,Delhi,4804 sqft,Resale,Ground,Under Construction,Furnished,North,NA,Society 16,4.0,1.0,0.0,Freehold,3142 sqft,NA,1151 sqft
Property 1282,A nice property,67 Lac,6776114,Visakhapatnam,764 sqft,Under Construction,19,Ready to Move,Furnished,South,Park,Society 6,3.0,3.0,2.0,Leasehold,2366 sqft,NA,NA
Property 1283,A nice property,40 Lac,4063405,Chandigarh,672 sqft,Resale,25,Ready to Move,Semi-Furnished,South,Main Road,NA,2.0,3.0,0.0,Freehold,5286 sqft,NA,NA
Property 1284,A nice property,29 Lac,2970737,Nagpur,4483 sqft,Resale,9,Under Construction,Semi-Furnished,North,NA,Society 20,4.0,1.0,2.0,Leasehold,5028 sqft,NA,NA
Property 1285,A nice property,40 Lac,4007305,Kochi,1683 sqft,Ready,25,Under Construction,Unfurnished,East,Park,Society 8,,3.0,,Freehold,1832 sqft,NA,NA
Property 1286,A nice property,47 Lac,4735995,Ghaziabad,2018 sqft,Ready,17,Ready to Move,Furnished,North,Main Road,Society 25,1.0,0.0,,Freehold,3788 sqft,NA,1188 sqft
Property 1287,A nice property,63 Lac,6308935,Hyderabad,669 sqft,Resale,21,Ready to Move,Semi-Furnished,South,Park,NA,5.0,1.0,0.0,Leasehold,5516 sqft,NA,3253 sqft
Property 1288,A nice property,79 Lac,7982695,Chandigarh,2433 sqft,Resale,23,Ready to Move,Semi-Furnished,West,Park,Society 19,,0.0,2.0,Freehold,4360 sqft,NA,3055 sqft
Property 1289,A nice property,61 Lac,6101275,Kochi,2667 sqft,Ready,13,Under Construction,Semi-Furnished,East,Park,NA,,,1.0,Leasehold,4006 sqft,NA,3515 sqft
Property 1290,A nice property,76 Lac,7673779,Ahmedabad,3102 sqft,Resale,Ground,Under Construction,Semi-Furnished,East,Park,Society 8,4.0,,0.0,Leasehold,5381 sqft,NA,3974 sqft
Property 1291,A nice property,55 Lac,5579637,Ludhiana,2855 sqft,Resale,8,Ready to Move,Semi-Furnished,South,Park,Society 4,1.0,0.0,,Leasehold,2984 sqft,NA,3100 sqft
Property 1292,A nice property,90 Lac,9059586,Bangalore,4071 sqft,Resale,12,Under Construction,Unfurnished,East,NA,NA,5.0,3.0,0.0,Leasehold,1691 sqft,NA,1286 sqft
Property 1293,A nice property,48 Lac,4890971,Kochi,3684 sqft,Under Construction,22,Under Construction,Furnished,East,Main Road,Society 22,5.0,,3.0,Leasehold,2629 sqft,NA,1550 sqft
Property 1294,A nice property,48 Lac,4874664,Lucknow,3456 sqft,Ready,22,Ready to Move,Semi-Furnished,North,Main Road,Society 4,5.0,1.0,,Freehold,3883 sqft,NA,1659 sqft
Property 1295,A nice property,71 Lac,7174510,Chandigarh,4360 sqft,Resale,9,Under Construction,Furnished,North,Main Road,Society 43,,2.0,1.0,Leasehold,3869 sqft,NA,4796 sqft
Property 1296,A nice property,1.6 Cr,16289220,Mumbai,2664 sqft,Resale,22,Under Construction,Furnished,East,Main Road,Society 43,1.0,2.0,,Freehold,4688 sqft,NA,1905 sqft
Property 1297,A nice property,1.4 Cr,14251938,Bangalore,2387 sqft,Under Construction,8,Ready to Move,Semi-Furnished,East,Main Road,NA,4.0,3.0,2.0,Leasehold,2908 sqft,NA,989 sqft
Property 1298,A nice property,55 Lac,5548996,Visakhapatnam,4423 sqft,Under Construction,22,Ready to Move,Semi-Furnished,West,NA,NA,4.0,0.0,2.0,Freehold,5172 sqft,NA,684 sqft
Property 1299,A nice property,75 Lac,7530098,Bhopal,3075 sqft,Resale,Ground,Under Construction,Semi-Furnished,West,Main Road,Society 23,5.0,1.0,,Freehold,4967 sqft,NA,NA
Property 1300,A nice property,51 Lac,5102898,Surat,4865 sqft,Ready,25,Under Construction,Unfurnished,North,NA,Society 21,4.0,1.0,2.0,Leasehold,4193 sqft,NA,4259 sqft
Property 1301,A nice property,50 Lac,5050411,Hyderabad,3853 sqft,Under Construction,23,Under Construction,Furnished,West,Main Road,NA,4.0,3.0,3.0,Leasehold,4846 sqft,NA,NA
Property 1302,A nice property,27 Lac,2778695,Visakhapatnam,1438 sqft,Ready,Ground,Ready to Move,Semi-Furnished,North,NA,Society 48,3.0,,1.0,Leasehold,5650 sqft,NA,1371 sqft
Property 1303,A nice property,63 Lac,6350964,Chandigarh,660 sqft,Under Construction,19,Under Construction,Unfurnished,East,NA,Society 5,,,2.0,Leasehold,5476 sqft,NA,2498 sqft
Property 1304,A nice property,2.0 Cr,19732861,Delhi,4790 sqft,Under Construction,Ground,Under Construction,Semi-Furnished,South,Park,NA,3.0,2.0,,Leasehold,3901 sqft,NA,NA
Property 1305,A nice property,71 Lac,7139760,Delhi,3665 sqft,Ready,7,Under Construction,Semi-Furnished,South,NA,Society 19,5.0,1.0,3.0,Freehold,5635 sqft,NA,3058 sqft
Property 1306,A nice property,46 Lac,4688448,Indore,2915 sqft,Resale,Ground,Under Construction,Furnished,West,NA,Society 5,,,3.0,Leasehold,766 sqft,NA,4519 sqft
Property 1307,A nice property,56 Lac,5668287,Ludhiana,3045 sqft,Ready,14,Under Construction,Semi-Furnished,West,Park,Society 30,1.0,0.0,2.0,Freehold,4954 sqft,NA,1411 sqft
Property 1308,A nice property,1.1 Cr,10611168,Pune,1485 sqft,Resale,10,Ready to Move,Semi-Furnished,West,NA,Society 39,4.0,3.0,3.0,Leasehold,4623 sqft,NA,NA
Property 1309,A nice property,1.6 Cr,15503237,Delhi,4546 sqft,Resale,18,Under Construction,Furnished,West,NA,Society 18,4.0,2.0,2.0,Freehold,4945 sqft,NA,2883 sqft
Property 1310,A nice property,91 Lac,9163342,Pune,1122 sqft,Under Construction,13,Ready to Move,Furnished,South,NA,Society 23,5.0,,3.0,Leasehold,4172 sqft,NA,3610 sqft
Property 1311,A nice property,29 Lac,2924848,Jaipur,3354 sqft,Under Construction,24,Under Construction,Unfurnished,South,NA,Society 39,4.0,,1.0,Freehold,2600 sqft,NA,3554 sqft
Property 1312,A nice property,52 Lac,5215964,Ludhiana,2864 sqft,Under Construction,24,Under Construction,Unfurnished,North,Park,Society 37,5.0,,3.0,Freehold,5327 sqft,NA,2291 sqft
Property 1313,A nice property,37 Lac,3799340,Ghaziabad,3263 sqft,Resale,Ground,Under Construction,Semi-Furnished,West,NA,Society 39,,1.0,0.0,Freehold,1344 sqft,NA,1634 sqft
Property 1314,A nice property,70 Lac,7000773,Vadodara,2868 sqft,Resale,19,Ready to Move,Furnished,East,Park,Society 4,2.0,1.0,2.0,Freehold,3133 sqft,NA,1035 sqft
Property 1315,A nice property,29 Lac,2920328,Indore,2739 sqft,Ready,12,Under Construction,Furnished,West,Park,NA,2.0,,,Freehold,1701 sqft,NA,624 sqft
Property 1316,A nice property,58 Lac,5823202,Bhopal,3047 sqft,Ready,Ground,Under Construction,Unfurnished,North,Park,NA,5.0,3.0,1.0,Freehold,5117 sqft,NA,2227 sqft
Property 1317,A nice property,34 Lac,3421926,Ludhiana,2143 sqft,Ready,7,Under Construction,Furnished,North,Park,Society 45,3.0,1.0,0.0,Leasehold,2660 sqft,NA,3975 sqft
Property 1318,A nice property,59 Lac,5932592,Kochi,1828 sqft,Ready,Ground,Ready to Move,Semi-Furnished,West,Park,Society 28,2.0,0.0,3.0,Freehold,3350 sqft,NA,3018 sqft
Property 1319,A nice property,28 Lac,2802279,Lucknow,4837 sqft,Resale,10,Ready to Move,Furnished,West,Main Road,Society 43,3.0,3.0,2.0,Freehold,5484 sqft,NA,2810 sqft
Property 1320,A nice property,47 Lac,4765858,Chandigarh,2568 sqft,Resale,6,Under Construction,Furnished,West,NA,Society 14,1.0,1.0,,Freehold,1012 sqft,NA,4416 sqft
Property 1321,A nice property,41 Lac,4112525,Kochi,1065 sqft,Ready,Ground,Ready to Move,Furnished,West,NA,Society 50,2.0,,0.0,Leasehold,5805 sqft,NA,727 sqft
Property 1322,A nice property,64 Lac,6486241,Ludhiana,3910 sqft,Ready,3,Under Construction,Unfurnished,South,Park,Society 10,1.0,1.0,1.0,Leasehold,3037 sqft,NA,NA
Property 1323,A nice property,78 Lac,7815228,Surat,3218 sqft,Resale,14,Ready to Move,Furnished,West,Park,Society 12,2.0,1.0,2.0,Leasehold,5696 sqft,NA,1631 sqft
Property 1324,A nice property,72 Lac,7259690,Hyderabad,1746 sqft,Ready,21,Ready to Move,Unfurnished,West,Park,Society 47,,1.0,,Freehold,1133 sqft,NA,NA
Property 1325,A nice property,1.1 Cr,10935836,Hyderabad,808 sqft,Under Construction,14,Ready to Move,Unfurnished,South,Main Road,NA,4.0,3.0,2.0,Leasehold,3005 sqft,NA,NA
Property 1326,A nice property,34 Lac,3444141,Vadodara,4674 sqft,Resale,12,Ready to Move,Furnished,South,Park,NA,5.0,0.0,0.0,Leasehold,3084 sqft,NA,NA
Property 1327,A nice property,64 Lac,6487942,Kolkata,3021 sqft,Under Construction,5,Ready to Move,Semi-Furnished,East,Park,Society 49,5.0,1.0,,Freehold,2833 sqft,NA,1539 sqft
Property 1328,A nice property,27 Lac,2780155,Surat,2725 sqft,Under Construction,6,Ready to Move,Unfurnished,South,Park,Society 26,5.0,3.0,,Leasehold,4521 sqft,NA,3004 sqft
Property 1329,A nice property,36 Lac,3637642,Chandigarh,4028 sqft,Resale,4,Under Construction,Semi-Furnished,West,NA,Society 17,3.0,2.0,3.0,Freehold,2984 sqft,NA,3772 sqft
Property 1330,A nice property,44 Lac,4410256,Ahmedabad,3914 sqft,Resale,7,Under Construction,Unfurnished,North,Park,Society 1,3.0,3.0,3.0,Freehold,2225 sqft,NA,4375 sqft
Property 1331,A nice property,30 Lac,3019080,Surat,3780 sqft,Under Construction,2,Under Construction,Furnished,East,Main Road,Society 43,2.0,2.0,1.0,Freehold,4452 sqft,NA,4744 sqft
Property 1332,A nice property,39 Lac,3965228,Indore,889 sqft,Ready,25,Under Construction,Furnished,North,NA,NA,1.0,2.0,0.0,Leasehold,1136 sqft,NA,NA
Property 1333,A nice property,47 Lac,4799678,Chandigarh,2155 sqft,Ready,14,Under Construction,Unfurnished,West,NA,Society 42,4.0,3.0,1.0,Freehold,4408 sqft,NA,3379 sqft
Property 1334,A nice property,21 Lac,2197068,Bhopal,3411 sqft,Resale,20,Ready to Move,Furnished,South,Park,Society 8,1.0,1.0,3.0,Leasehold,1828 sqft,NA,4072 sqft
Property 1335,A nice property,35 Lac,3575627,Surat,2421 sqft,Under Construction,21,Under Construction,Unfurnished,South,Main Road,Society 1,4.0,1.0,,Leasehold,3667 sqft,NA,3004 sqft
Property 1336,A nice property,73 Lac,7383722,Hyderabad,4979 sqft,Under Construction,10,Ready to Move,Furnished,East,Park,Society 25,4.0,3.0,2.0,Freehold,3158 sqft,NA,2234 sqft
Property 1337,A nice property,43 Lac,4376078,Indore,4497 sqft,Resale,4,Ready to Move,Unfurnished,North,Main Road,Society 27,1.0,1.0,,Freehold,2933 sqft,NA,4168 sqft
Property 1338,A nice property,53 Lac,5374330,Surat,3536 sqft,Resale,11,Under Construction,Semi-Furnished,East,Park,Society 17,3.0,2.0,2.0,Leasehold,3514 sqft,NA,2875 sqft
Property 1339,A nice property,21 Lac,2103811,Indore,4755 sqft,Under Construction,8,Under Construction,Furnished,North,Park,NA,1.0,,,Leasehold,1933 sqft,NA,3615 sqft
Property 1340,A nice property,79 Lac,7986172,Jaipur,3059 sqft,Under Construction,22,Ready to Move,Furnished,East,NA,Society 29,,,1.0,Freehold,4635 sqft,NA,4163 sqft
Property 1341,A nice property,59 Lac,5971083,Nagpur,1992 sqft,Resale,1,Ready to Move,Unfurnished,West,Main Road,Society 7,4.0,3.0,0.0,Freehold,5293 sqft,NA,NA
Property 1342,A nice property,87 Lac,8720480,Pune,2083 sqft,Under Construction,25,Ready to Move,Furnished,West,Main Road,Society 1,,0.0,1.0,Leasehold,4074 sqft,NA,3865 sqft
Property 1343,A nice property,69 Lac,6972394,Visakhapatnam,3006 sqft,Ready,Ground,Under Construction,Unfurnished,East,NA,Society 27,3.0,0.0,0.0,Leasehold,1222 sqft,NA,828 sqft
Property 1344,A nice property,1.2 Cr,11976268,Delhi,1399 sqft,Resale,2,Ready to Move,Furnished,West,Park,Society 39,2.0,0.0,3.0,Freehold,1198 sqft,NA,1368 sqft
Property 1345,A nice property,1.9 Cr,19186079,Delhi,4456 sqft,Ready,17,Under Construction,Furnished,North,Park,NA,2.0,1.0,1.0,Freehold,5628 sqft,NA,2815 sqft
Property 1346,A nice property,1.6 Cr,15648550,Delhi,1648 sqft,Resale,13,Under Construction,Semi-Furnished,North,Park,Society 49,1.0,,1.0,Leasehold,3436 sqft,NA,890 sqft
Property 1347,A nice property,1.3 Cr,13472695,Delhi,2718 sqft,Resale,25,Under Construction,Semi-Furnished,North,NA,NA,4.0,3.0,3.0,Freehold,2768 sqft,NA,3417 sqft
Property 1348,A nice property,56 Lac,5699192,Surat,2099 sqft,Under Construction,16,Under Construction,Unfurnished,South,Main Road,NA,2.0,1.0,,Leasehold,4468 sqft,NA,1549 sqft
Property 1349,A nice property,94 Lac,9465406,Hyderabad,3349 sqft,Ready,11,Ready to Move,Semi-Furnished,East,Park,NA,,1.0,2.0,Freehold,2036 sqft,NA,1041 sqft
Property 1350,A nice property,57 Lac,5740077,Nagpur,1331 sqft,Under Construction,11,Ready to Move,Furnished,South,Park,Society 11,,1.0,0.0,Leasehold,5202 sqft,NA,4461 sqft
Property 1351,A nice property,85 Lac,8558706,Pune,2420 sqft,Ready,11,Under Construction,Semi-Furnished,East,Main Road,NA,3.0,1.0,1.0,Freehold,4593 sqft,NA,NA
Property 1352,A nice property,74 Lac,7416707,Vadodara,3510 sqft,Under Construction,Ground,Ready to Move,Furnished,East,NA,Society 8,2.0,1.0,2.0,Leasehold,2971 sqft,NA,NA
Property 1353,A nice property,1.1 Cr,10962252,Bangalore,2429 sqft,Resale,Ground,Under Construction,Semi-Furnished,East,Main Road,Society 43,4.0,,3.0,Leasehold,1149 sqft,NA,NA
Property 1354,A nice property,55 Lac,5589437,Ghaziabad,3115 sqft,Ready,Ground,Ready to Move,Furnished,East,Main Road,NA,4.0,2.0,3.0,Leasehold,4438 sqft,NA,3525 sqft
Property 1355,A nice property,78 Lac,7870739,Vadodara,4044 sqft,Ready,13,Ready to Move,Furnished,South,Park,Society 36,1.0,2.0,,Freehold,3301 sqft,NA,NA
Property 1356,A nice property,46 Lac,4644956,Vadodara,3314 sqft,Resale,12,Under Construction,Semi-Furnished,West,Main Road,NA,1.0,3.0,2.0,Leasehold,1440 sqft,NA,NA
Property 1357,A nice property,45 Lac,4554890,Indore,3644 sqft,Resale,Ground,Under Construction,Unfurnished,West,NA,NA,5.0,0.0,3.0,Freehold,5726 sqft,NA,1632 sqft
Property 1358,A nice property,82 Lac,8243759,Hyderabad,2734 sqft,Under Construction,Ground,Ready to Move,Furnished,West,Main Road,NA,5.0,2.0,1.0,Leasehold,2712 sqft,NA,1202 sqft
Property 1359,A nice property,65 Lac,6520166,Surat,3008 sqft,Ready,23,Ready to Move,Semi-Furnished,South,Main Road,NA,4.0,0.0,0.0,Freehold,5704 sqft,NA,NA
Property 1360,A nice property,31 Lac,3194621,Nagpur,4399 sqft,Under Construction,5,Under Construction,Furnished,South,Main Road,Society 21,3.0,1.0,3.0,Freehold,1715 sqft,NA,1415 sqft
Property 1361,A nice property,29 Lac,2963854,Surat,1564 sqft,Ready,4,Under Construction,Semi-Furnished,East,NA,Society 34,2.0,,3.0,Leasehold,2768 sqft,NA,1109 sqft
Property 1362,A nice property,1.5 Cr,14644997,Bangalore,4454 sqft,Ready,Ground,Ready to Move,Furnished,East,Main Road,NA,,3.0,0.0,Freehold,3827 sqft,NA,3826 sqft
Property 1363,A nice property,60 Lac,6097222,Lucknow,1039 sqft,Under Construction,23,Under Construction,Unfurnished,South,Main Road,Society 38,3.0,3.0,2.0,Leasehold,759 sqft,NA,NA
Property 1364,A nice property,38 Lac,3825956,Ludhiana,1183 sqft,Resale,8,Under Construction,Unfurnished,South,Main Road,Society 3,2.0,2.0,,Leasehold,2659 sqft,NA,4363 sqft
Property 1365,A nice property,71 Lac,7157235,Lucknow,4468 sqft,Resale,20,Ready to Move,Furnished,South,Park,NA,3.0,2.0,3.0,Freehold,4376 sqft,NA,3018 sqft
Property 1366,A nice property,66 Lac,6678534,Nagpur,2193 sqft,Under Construction,16,Under Construction,Furnished,East,Park,NA,1.0,0.0,1.0,Freehold,5173 sqft,NA,NA
Property 1367,A nice property,69 Lac,6967778,Hyderabad,4699 sqft,Resale,22,Ready to Move,Semi-Furnished,West,Park,Society 36,3.0,,3.0,Freehold,2079 sqft,NA,4485 sqft
Property 1368,A nice property,28 Lac,2886946,Ghaziabad,1581 sqft,Under Construction,21,Under Construction,Unfurnished,South,NA,Society 39,1.0,,1.0,Freehold,5278 sqft,NA,1437 sqft
Property 1369,A nice property,30 Lac,3066156,Kochi,3726 sqft,Resale,Ground,Ready to Move,Furnished,South,NA,Society 15,1.0,,,Freehold,953 sqft,NA,4817 sqft
Property 1370,A nice property,47 Lac,4767576,Kolkata,4940 sqft,Under Construction,Ground,Under Construction,Unfurnished,North,Main Road,Society 7,5.0,0.0,0.0,Freehold,2570 sqft,NA,NA
Property 1371,A nice property,89 Lac,8969050,Pune,3044 sqft,Under Construction,12,Under Construction,Furnished,East,Park,Society 16,2.0,2.0,3.0,Leasehold,3273 sqft,NA,1056 sqft
Property 1372,A nice property,62 Lac,6279058,Visakhapatnam,3984 sqft,Under Construction,Ground,Ready to Move,Unfurnished,West,Main Road,Society 2,4.0,0.0,3.0,Freehold,4090 sqft,NA,NA
Property 1373,A nice property,65 Lac,6557537,Ahmedabad,1042 sqft,Under Construction,Ground,Under Construction,Furnished,South,Park,Society 50,4.0,0.0,2.0,Leasehold,4986 sqft,NA,4547 sqft
Property 1374,A nice property,1.2 Cr,12214263,Hyderabad,1835 sqft,Resale,22,Ready to Move,Unfurnished,East,Main Road,Society 21,5.0,,0.0,Leasehold,5601 sqft,NA,4216 sqft
Property 1375,A nice property,59 Lac,5951647,Nagpur,1725 sqft,Ready,20,Ready to Move,Semi-Furnished,North,Main Road,Society 29,3.0,2.0,1.0,Leasehold,5691 sqft,NA,991 sqft
Property 1376,A nice property,43 Lac,4344577,Vadodara,2240 sqft,Resale,24,Under Construction,Unfurnished,East,NA,Society 11,4.0,2.0,0.0,Leasehold,1643 sqft,NA,NA
Property 1377,A nice property,23 Lac,2335426,Nagpur,3407 sqft,Ready,3,Ready to Move,Unfurnished,South,Main Road,Society 34,2.0,1.0,3.0,Freehold,852 sqft,NA,3137 sqft
Property 1378,A nice property,98 Lac,9894863,Hyderabad,3952 sqft,Under Construction,16,Under Construction,Furnished,East,Main Road,Society 1,3.0,1.0,2.0,Leasehold,5286 sqft,NA,4725 sqft
Property 1379,A nice property,24 Lac,2487244,Jaipur,4348 sqft,Ready,Ground,Under Construction,Semi-Furnished,West,Park,Society 28,2.0,0.0,1.0,Freehold,5998 sqft,NA,1989 sqft
Property 1380,A nice property,38 Lac,3828204,Ghaziabad,1773 sqft,Ready,Ground,Under Construction,Unfurnished,South,Park,Society 41,1.0,2.0,3.0,Freehold,3748 sqft,NA,1566 sqft
Property 1381,A nice property,25 Lac,2546303,Ahmedabad,3191 sqft,Resale,Ground,Under Construction,Semi-Furnished,East,Park,Society 43,,1.0,3.0,Leasehold,5082 sqft,NA,1956 sqft
Property 1382,A nice property,48 Lac,4855831,Surat,2077 sqft,Under Construction,10,Ready to Move,Semi-Furnished,West,Main Road,Society 32,3.0,0.0,0.0,Leasehold,4753 sqft,NA,NA
Property 1383,A nice property,25 Lac,2556062,Vadodara,1262 sqft,Under Construction,23,Ready to Move,Unfurnished,South,Park,Society 3,2.0,,0.0,Leasehold,4634 sqft,NA,4673 sqft
Property 1384,A nice property,37 Lac,3744810,Ludhiana,4594 sqft,Under Construction,17,Ready to Move,Furnished,South,NA,Society 30,5.0,2.0,0.0,Leasehold,4460 sqft,NA,2839 sqft
Property 1385,A nice property,46 Lac,4603341,Ludhiana,3324 sqft,Ready,Ground,Ready to Move,Furnished,West,Park,Society 2,1.0,,3.0,Leasehold,703 sqft,NA,NA
Property 1386,A nice property,75 Lac,7581256,Vadodara,2048 sqft,Under Construction,23,Under Construction,Unfurnished,South,NA,NA,3.0,2.0,0.0,Freehold,4547 sqft,NA,NA
Property 1387,A nice property,2.1 Cr,20725349,Mumbai,3167 sqft,Resale,5,Ready to Move,Unfurnished,South,Main Road,Society 5,5.0,3.0,3.0,Leasehold,3634 sqft,NA,NA
Property 1388,A nice property,51 Lac,5132444,Ludhiana,1075 sqft,Ready,3,Ready to Move,Unfurnished,East,Park,NA,4.0,,3.0,Freehold,940 sqft,NA,2803 sqft
Property 1389,A nice property,24 Lac,2452033,Jaipur,638 sqft,Ready,22,Under Construction,Unfurnished,East,Park,Society 40,3.0,0.0,2.0,Freehold,1570 sqft,NA,4570 sqft
Property 1390,A nice property,2.2 Cr,21951541,Mumbai,4303 sqft,Ready,Ground,Under Construction,Unfurnished,North,Main Road,Society 46,4.0,0.0,1.0,Freehold,2267 sqft,NA,711 sqft
Property 1391,A nice property,47 Lac,4711337,Chennai,2840 sqft,Ready,Ground,Under Construction,Semi-Furnished,South,Park,Society 16,5.0,2.0,2.0,Freehold,5416 sqft,NA,688 sqft
Property 1392,A nice property,78 Lac,7815900,Jaipur,2315 sqft,Resale,15,Under Construction,Unfurnished,North,NA,Society 40,2.0,0.0,,Freehold,5812 sqft,NA,4264 sqft
Property 1393,A nice property,55 Lac,5507469,Lucknow,1981 sqft,Ready,Ground,Under Construction,Unfurnished,West,Park,Society 49,5.0,2.0,2.0,Freehold,2465 sqft,NA,1052 sqft
Property 1394,A nice property,71 Lac,7198078,Indore,1897 sqft,Ready,18,Under Construction,Unfurnished,East,Park,NA,4.0,1.0,3.0,Leasehold,5620 sqft,NA,NA
Property 1395,A nice property,67 Lac,6719908,Nagpur,4610 sqft,Resale,7,Ready to Move,Furnished,East,Park,Society 49,3.0,1.0,,Leasehold,5843 sqft,NA,NA
Property 1396,A nice property,2.2 Cr,22389153,Mumbai,1321 sqft,Under Construction,22,Under Construction,Unfurnished,North,Main Road,Society 42,3.0,3.0,1.0,Leasehold,2120 sqft,NA,2614 sqft
Property 1397,A nice property,77 Lac,7785900,Chennai,1660 sqft,Resale,4,Under Construction,Unfurnished,West,Park,Society 31,1.0,,2.0,Leasehold,3340 sqft,NA,2786 sqft
Property 1398,A nice property,71 Lac,7176605,Pune,4152 sqft,Under Construction,23,Under Construction,Semi-Furnished,East,Park,Society 30,,2.0,,Freehold,3925 sqft,NA,1779 sqft
Property 1399,A nice property,65 Lac,6576095,Ghaziabad,4117 sqft,Ready,11,Under Construction,Semi-Furnished,West,Main Road,Society 41,1.0,0.0,3.0,Leasehold,4401 sqft,NA,NA
Property 1400,A nice property,61 Lac,6113671,Bhopal,3904 sqft,Ready,Ground,Under Construction,Unfurnished,East,Park,NA,3.0,3.0,2.0,Leasehold,5713 sqft,NA,NA
Property 1401,A nice property,1.8 Cr,18240627,Delhi,4114 sqft,Ready,8,Ready to Move,Semi-Furnished,North,NA,NA,,2.0,1.0,Leasehold,4616 sqft,NA,NA
Property 1402,A nice property,79 Lac,7970948,Pune,4510 sqft,Resale,22,Under Construction,Semi-Furnished,East,Park,NA,4.0,3.0,2.0,Freehold,3194 sqft,NA,1892 sqft
Property 1403,A nice property,1.8 Cr,17836664,Mumbai,3740 sqft,Under Construction,22,Under Construction,Furnished,West,Main Road,Society 36,1.0,1.0,3.0,Freehold,3931 sqft,NA,2392 sqft
Property 1404,A nice property,1.3 Cr,13041643,Delhi,638 sqft,Under Construction,5,Ready to Move,Semi-Furnished,East,Park,Society 15,1.0,1.0,2.0,Leasehold,2705 sqft,NA,2178 sqft
Property 1405,A nice property,61 Lac,6126845,Kochi,909 sqft,Resale,Ground,Ready to Move,Unfurnished,East,Main Road,NA,5.0,,1.0,Freehold,1453 sqft,NA,4004 sqft
Property 1406,A nice property,26 Lac,2656095,Kolkata,4972 sqft,Resale,16,Under Construction,Furnished,South,Park,Society 23,1.0,0.0,1.0,Freehold,4625 sqft,NA,NA
Property 1407,A nice property,39 Lac,3916566,Bhopal,2233 sqft,Under Construction,23,Under Construction,Furnished,North,Main Road,Society 36,1.0,2.0,0.0,Leasehold,4651 sqft,NA,4913 sqft
Property 1408,A nice property,45 Lac,4583047,Surat,3656 sqft,Resale,8,Under Construction,Semi-Furnished,South,NA,Society 2,2.0,0.0,,Freehold,1249 sqft,NA,NA
Property 1409,A nice property,27 Lac,2727952,Chandigarh,715 sqft,Ready,Ground,Ready to Move,Semi-Furnished,East,Park,Society 15,5.0,1.0,2.0,Leasehold,4949 sqft,NA,NA
Property 1410,A nice property,33 Lac,3386981,Indore,3239 sqft,Under Construction,20,Ready to Move,Semi-Furnished,North,Park,Society 38,1.0,0.0,0.0,Freehold,4003 sqft,NA,NA
Property 1411,A nice property,48 Lac,4847628,Chennai,4950 sqft,Resale,11,Under Construction,Semi-Furnished,North,NA,Society 43,4.0,1.0,3.0,Leasehold,2185 sqft,NA,4911 sqft
Property 1412,A nice property,39 Lac,3999462,Nagpur,2161 sqft,Under Construction,23,Under Construction,Unfurnished,North,NA,NA,1.0,3.0,3.0,Freehold,4028 sqft,NA,3835 sqft
Property 1413,A nice property,73 Lac,7378843,Lucknow,746 sqft,Resale,24,Ready to Move,Semi-Furnished,West,Park,Society 43,1.0,3.0,2.0,Freehold,4029 sqft,NA,1882 sqft
Property 1414,A nice property,63 Lac,6350616,Indore,633 sqft,Under Construction,21,Ready to Move,Semi-Furnished,West,NA,Society 46,2.0,,,Leasehold,4301 sqft,NA,NA
Property 1415,A nice property,78 Lac,7839192,Ghaziabad,2638 sqft,Under Construction,14,Under Construction,Furnished,South,Park,Society 16,4.0,2.0,3.0,Leasehold,5021 sqft,NA,NA
Property 1416,A nice property,73 Lac,7369739,Ludhiana,2453 sqft,Under Construction,Ground,Under Construction,Furnished,North,Main Road,Society 26,3.0,0.0,2.0,Freehold,4068 sqft,NA,2923 sqft
Property 1417,A nice property,91 Lac,9175927,Delhi,3420 sqft,Ready,4,Under Construction,Semi-Furnished,South,Main Road,Society 1,4.0,2.0,1.0,Leasehold,1273 sqft,NA,NA
Property 1418,A nice property,1.0 Cr,10422836,Bangalore,3156 sqft,Ready,4,Under Construction,Furnished,East,Park,Society 22,1.0,2.0,,Freehold,4007 sqft,NA,3921 sqft
Property 1419,A nice property,49 Lac,4964190,Pune,1656 sqft,Under Construction,24,Under Construction,Furnished,South,Park,Society 23,4.0,2.0,3.0,Leasehold,2604 sqft,NA,4742 sqft
Property 1420,A nice property,22 Lac,2214004,Chennai,1441 sqft,Resale,7,Under Construction,Furnished,East,Main Road,Society 24,4.0,2.0,2.0,Leasehold,2555 sqft,NA,NA
Property 1421,A nice property,55 Lac,5556206,Ludhiana,3742 sqft,Ready,4,Ready to Move,Unfurnished,North,Park,Society 20,,3.0,2.0,Leasehold,5301 sqft,NA,1527 sqft
Property 1422,A nice property,1.2 Cr,12184824,Bangalore,4723 sqft,Resale,5,Ready to Move,Furnished,North,Park,Society 2,4.0,3.0,2.0,Freehold,3913 sqft,NA,2425 sqft
Property 1423,A nice property,1.8 Cr,18028103,Delhi,3107 sqft,Under Construction,Ground,Ready to Move,Semi-Furnished,East,NA,Society 18,5.0,0.0,0.0,Freehold,2400 sqft,NA,2485 sqft
Property 1424,A nice property,58 Lac,5848066,Jaipur,1968 sqft,Resale,Ground,Under Construction,Unfurnished,South,Park,NA,3.0,3.0,3.0,Leasehold,5075 sqft,NA,1338 sqft
Property 1425,A nice property,31 Lac,3135321,Chandigarh,1134 sqft,Ready,1,Under Construction,Semi-Furnished,West,NA,Society 1,2.0,0.0,1.0,Freehold,1677 sqft,NA,4759 sqft
Property 1426,A nice property,71 Lac,7124408,Surat,974 sqft,Resale,19,Under Construction,Semi-Furnished,East,Park,Society 39,,2.0,,Freehold,2680 sqft,NA,3902 sqft
Property 1427,A nice property,72 Lac,7207419,Visakhapatnam,3042 sqft,Resale,13,Ready to Move,Semi-Furnished,North,Main Road,Society 37,3.0,1.0,3.0,Leasehold,784 sqft,NA,2833 sqft
Property 1428,A nice property,57 Lac,5737421,Ludhiana,2982 sqft,Under Construction,Ground,Under Construction,Unfurnished,East,Main Road,Society 45,2.0,1.0,3.0,Freehold,2321 sqft,NA,2249 sqft
Property 1429,A nice property,55 Lac,5536479,Chandigarh,4334 sqft,Under Construction,12,Under Construction,Semi-Furnished,East,NA,Society 10,5.0,1.0,3.0,Freehold,1866 sqft,NA,NA
Property 1430,A nice property,52 Lac,5208166,Surat,4862 sqft,Resale,5,Ready to Move,Furnished,West,Park,Society 35,2.0,3.0,,Leasehold,4059 sqft,NA,3382 sqft
Property 1431,A nice property,50 Lac,5075972,Jaipur,4893 sqft,Resale,20,Under Construction,Semi-Furnished,North,Park,Society 25,2.0,0.0,,Leasehold,1763 sqft,NA,4089 sqft
Property 1432,A nice property,55 Lac,5538369,Kolkata,3367 sqft,Under Construction,4,Ready to Move,Semi-Furnished,East,NA,NA,2.0,,3.0,Leasehold,3182 sqft,NA,744 sqft
Property 1433,A nice property,33 Lac,3317011,Kochi,4152 sqft,Ready,18,Under Construction,Furnished,East,Main Road,NA,3.0,0.0,1.0,Freehold,5737 sqft,NA,NA
Property 1434,A nice property,47 Lac,4715141,Hyderabad,1696 sqft,Ready,Ground,Ready to Move,Unfurnished,South,Park,Society 30,2.0,0.0,,Leasehold,4924 sqft,NA,999 sqft
Property 1435,A nice property,55 Lac,5531572,Nagpur,3407 sqft,Resale,10,Ready to Move,Semi-Furnished,North,Park,Society 29,1.0,1.0,,Leasehold,4151 sqft,NA,4120 sqft
Property 1436,A nice property,61 Lac,6184516,Surat,4615 sqft,Under Construction,Ground,Under Construction,Furnished,South,Main Road,Society 24,1.0,0.0,2.0,Leasehold,3183 sqft,NA,3029 sqft
Property 1437,A nice property,1.5 Cr,14599395,Hyderabad,3542 sqft,Resale,15,Ready to Move,Furnished,South,Main Road,Society 3,4.0,0.0,3.0,Leasehold,923 sqft,NA,3557 sqft
Property 1438,A nice property,24 Lac,2413206,Lucknow,2143 sqft,Under Construction,10,Ready to Move,Furnished,East,NA,NA,5.0,0.0,,Freehold,5697 sqft,NA,2224 sqft
Property 1439,A nice property,39 Lac,3982317,Ghaziabad,1950 sqft,Ready,22,Ready to Move,Semi-Furnished,South,Main Road,Society 29,3.0,0.0,0.0,Freehold,2771 sqft,NA,661 sqft
Property 1440,A nice property,70 Lac,7090914,Visakhapatnam,3904 sqft,Resale,Ground,Under Construction,Furnished,West,Park,Society 15,5.0,0.0,0.0,Freehold,3996 sqft,NA,2104 sqft
Property 1441,A nice property,39 Lac,3955354,Kochi,756 sqft,Under Construction,Ground,Ready to Move,Semi-Furnished,West,NA,Society 36,5.0,,,Leasehold,3948 sqft,NA,2647 sqft
Property 1442,A nice property,37 Lac,3795175,Lucknow,2471 sqft,Resale,11,Ready to Move,Unfurnished,North,Main Road,NA,4.0,1.0,0.0,Freehold,3700 sqft,NA,4356 sqft
Property 1443,A nice property,1.2 Cr,12305824,Bangalore,2437 sqft,Ready,23,Under Construction,Semi-Furnished,South,Park,Society 36,,3.0,,Leasehold,2967 sqft,NA,3379 sqft
Property 1444,A nice property,56 Lac,5696021,Ahmedabad,1674 sqft,Ready,23,Under Construction,Unfurnished,West,Park,NA,1.0,0.0,0.0,Freehold,5345 sqft,NA,1388 sqft
Property 1445,A nice property,77 Lac,7705095,Bhopal,2330 sqft,Resale,21,Under Construction,Semi-Furnished,West,Park,Society 41,5.0,3.0,2.0,Freehold,4685 sqft,NA,3427 sqft
Property 1446,A nice property,60 Lac,6085193,Ludhiana,779 sqft,Resale,Ground,Ready to Move,Unfurnished,East,NA,NA,1.0,3.0,,Leasehold,4406 sqft,NA,1541 sqft
Property 1447,A nice property,1.4 Cr,13619313,Bangalore,4733 sqft,Resale,23,Under Construction,Semi-Furnished,North,NA,Society 31,5.0,0.0,2.0,Leasehold,948 sqft,NA,3504 sqft
Property 1448,A nice property,1.7 Cr,16587344,Mumbai,1984 sqft,Under Construction,Ground,Under Construction,Semi-Furnished,North,Park,Society 40,5.0,,2.0,Leasehold,3262 sqft,NA,1831 sqft
Property 1449,A nice property,46 Lac,4612157,Kolkata,1608 sqft,Under Construction,11,Under Construction,Furnished,East,Park,Society 41,3.0,3.0,0.0,Leasehold,2543 sqft,NA,1356 sqft
Property 1450,A nice property,27 Lac,2796573,Lucknow,3603 sqft,Resale,23,Under Construction,Unfurnished,South,Park,Society 26,4.0,,3.0,Freehold,3928 sqft,NA,2865 sqft
Property 1451,A nice property,22 Lac,2280780,Kolkata,906 sqft,Ready,24,Ready to Move,Unfurnished,North,Park,Society 20,5.0,1.0,3.0,Freehold,3132 sqft,NA,3409 sqft
Property 1452,A nice property,77 Lac,7726632,Pune,3673 sqft,Resale,Ground,Under Construction,Unfurnished,East,Main Road,Society 32,3.0,0.0,1.0,Leasehold,2903 sqft,NA,1778 sqft
Property 1453,A nice property,37 Lac,3702659,Jaipur,2695 sqft,Resale,24,Under Construction,Furnished,North,Main Road,Society 12,4.0,,,Freehold,2735 sqft,NA,NA
Property 1454,A nice property,69 Lac,6910772,Lucknow,4980 sqft,Ready,25,Ready to Move,Furnished,North,Main Road,Society 1,2.0,3.0,,Leasehold,2802 sqft,NA,1775 sqft
Property 1455,A nice property,59 Lac,5935265,Indore,998 sqft,Ready,16,Under Construction,Furnished,East,Main Road,Society 44,1.0,0.0,2.0,Leasehold,5313 sqft,NA,NA
Property 1456,A nice property,60 Lac,6046881,Hyderabad,992 sqft,Under Construction,10,Under Construction,Unfurnished,South,NA,NA,1.0,3.0,0.0,Leasehold,3456 sqft,NA,NA
Property 1457,A nice property,1.2 Cr,11757147,Mumbai,1485 sqft,Resale,Ground,Under Construction,Semi-Furnished,West,NA,Society 17,2.0,2.0,0.0,Leasehold,3053 sqft,NA,3021 sqft
Property 1458,A nice property,63 Lac,6360163,Visakhapatnam,761 sqft,Resale,6,Under Construction,Semi-Furnished,West,Main Road,NA,5.0,2.0,2.0,Freehold,1545 sqft,NA,1607 sqft
Property 1459,A nice property,35 Lac,3560365,Surat,995 sqft,Resale,Ground,Under Construction,Furnished,North,NA,Society 1,5.0,0.0,,Freehold,1780 sqft,NA,NA
Property 1460,A nice property,79 Lac,7910731,Chennai,1548 sqft,Resale,11,Ready to Move,Semi-Furnished,West,Main Road,Society 18,3.0,1.0,0.0,Leasehold,1592 sqft,NA,1541 sqft
Property 1461,A nice property,44 Lac,4422233,Pune,4014 sqft,Ready,16,Ready to Move,Unfurnished,North,NA,NA,,,0.0,Leasehold,4509 sqft,NA,1096 sqft
Property 1462,A nice property,21 Lac,2102697,Bhopal,4239 sqft,Resale,Ground,Under Construction,Furnished,South,Main Road,Society 20,1.0,0.0,0.0,Leasehold,3815 sqft,NA,2896 sqft
Property 1463,A nice property,38 Lac,3827339,Vadodara,3715 sqft,Resale,13,Under Construction,Semi-Furnished,West,Main Road,NA,2.0,2.0,0.0,Leasehold,2095 sqft,NA,NA
Property 1464,A nice property,76 Lac,7630998,Ahmedabad,1612 sqft,Resale,24,Ready to Move,Unfurnished,North,Park,Society 16,1.0,3.0,1.0,Leasehold,1096 sqft,NA,4248 sqft
Property 1465,A nice property,43 Lac,4309910,Kochi,2670 sqft,Resale,23,Under Construction,Semi-Furnished,East,Main Road,Society 26,5.0,1.0,3.0,Leasehold,5130 sqft,NA,3289 sqft
Property 1466,A nice property,22 Lac,2295054,Vadodara,4486 sqft,Under Construction,Ground,Under Construction,Semi-Furnished,East,Main Road,Society 21,3.0,0.0,0.0,Freehold,957 sqft,NA,1005 sqft
Property 1467,A nice property,72 Lac,7219978,Nagpur,1854 sqft,Resale,18,Ready to Move,Furnished,South,NA,Society 21,1.0,0.0,0.0,Freehold,1324 sqft,NA,NA
Property 1468,A nice property,1.7 Cr,17343640,Delhi,2283 sqft,Ready,5,Ready to Move,Furnished,South,Park,Society 38,4.0,2.0,0.0,Leasehold,2146 sqft,NA,NA
Property 1469,A nice property,40 Lac,4059489,Bhopal,676 sqft,Under Construction,19,Under Construction,Semi-Furnished,East,NA,Society 25,,3.0,,Leasehold,5050 sqft,NA,2782 sqft
Property 1470,A nice property,1.2 Cr,11625935,Bangalore,3066 sqft,Resale,Ground,Under Construction,Unfurnished,West,Park,NA,1.0,1.0,2.0,Leasehold,5744 sqft,NA,3935 sqft
Property 1471,A nice property,62 Lac,6287769,Surat,4047 sqft,Ready,23,Under Construction,Furnished,South,NA,Society 25,4.0,0.0,1.0,Leasehold,2744 sqft,NA,3868 sqft
Property 1472,A nice property,1.4 Cr,14146391,Mumbai,1427 sqft,Under Construction,21,Under Construction,Semi-Furnished,South,Park,NA,3.0,0.0,0.0,Freehold,2786 sqft,NA,2399 sqft
Property 1473,A nice property,60 Lac,6004339,Chandigarh,4862 sqft,Under Construction,5,Ready to Move,Unfurnished,East,NA,Society 24,5.0,3.0,,Leasehold,4858 sqft,NA,3563 sqft
Property 1474,A nice property,1.7 Cr,17348132,Delhi,2811 sqft,Resale,16,Ready to Move,Unfurnished,West,Park,Society 16,2.0,3.0,2.0,Leasehold,2039 sqft,NA,2454 sqft
Property 1475,A nice property,77 Lac,7739291,Indore,1723 sqft,Under Construction,5,Ready to Move,Furnished,West,Park,Society 14,,2.0,3.0,Leasehold,5063 sqft,NA,NA
Property 1476,A nice property,29 Lac,2950877,Ghaziabad,4031 sqft,Resale,24,Ready to Move,Unfurnished,North,NA,Society 10,3.0,1.0,2.0,Freehold,774 sqft,NA,NA
Property 1477,A nice property,60 Lac,6073746,Surat,1459 sqft,Resale,21,Ready to Move,Furnished,East,NA,Society 22,3.0,2.0,,Leasehold,893 sqft,NA,NA
Property 1478,A nice property,36 Lac,3661760,Ghaziabad,4790 sqft,Under Construction,24,Under Construction,Furnished,West,NA,Society 19,4.0,2.0,,Leasehold,5526 sqft,NA,2098 sqft
Property 1479,A nice property,77 Lac,7767018,Bhopal,1564 sqft,Under Construction,Ground,Ready to Move,Unfurnished,West,NA,Society 15,4.0,1.0,2.0,Leasehold,2034 sqft,NA,NA
Property 1480,A nice property,31 Lac,3134220,Surat,2915 sqft,Under Construction,5,Under Construction,Furnished,West,Park,Society 21,2.0,3.0,1.0,Leasehold,853 sqft,NA,508 sqft
Property 1481,A nice property,24 Lac,2444421,Lucknow,1533 sqft,Under Construction,14,Ready to Move,Semi-Furnished,East,Park,Society 9,4.0,1.0,1.0,Leasehold,3611 sqft,NA,3345 sqft
Property 1482,A nice property,75 Lac,7542763,Hyderabad,1470 sqft,Under Construction,6,Ready to Move,Unfurnished,East,Main Road,Society 15,1.0,0.0,,Freehold,2716 sqft,NA,3680 sqft
Property 1483,A nice property,26 Lac,2668861,Bhopal,4677 sqft,Ready,Ground,Under Construction,Furnished,South,Park,NA,3.0,1.0,2.0,Freehold,3856 sqft,NA,NA
Property 1484,A nice property,83 Lac,8361206,Mumbai,2227 sqft,Ready,16,Ready to Move,Unfurnished,South,Main Road,NA,,,2.0,Freehold,3332 sqft,NA,3250 sqft
Property 1485,A nice property,56 Lac,5667018,Indore,2236 sqft,Resale,2,Under Construction,Semi-Furnished,West,NA,Society 39,4.0,2.0,2.0,Leasehold,912 sqft,NA,NA
Property 1486,A nice property,53 Lac,5333477,Chennai,2754 sqft,Resale,17,Ready to Move,Semi-Furnished,East,Park,Society 12,5.0,0.0,1.0,Freehold,3066 sqft,NA,2732 sqft
Property 1487,A nice property,53 Lac,5309871,Ludhiana,4885 sqft,Resale,19,Under Construction,Furnished,East,Park,Society 45,5.0,,1.0,Freehold,5885 sqft,NA,1537 sqft
Property 1488,A nice property,43 Lac,4360870,Chandigarh,2252 sqft,Under Construction,5,Ready to Move,Furnished,East,Main Road,Society 6,5.0,0.0,,Leasehold,3607 sqft,NA,2548 sqft
Property 1489,A nice property,56 Lac,5653966,Nagpur,3532 sqft,Resale,13,Ready to Move,Semi-Furnished,East,Main Road,Society 7,5.0,3.0,2.0,Leasehold,3971 sqft,NA,2665 sqft
Property 1490,A nice property,1.7 Cr,16783038,Delhi,3956 sqft,Resale,4,Under Construction,Furnished,West,Main Road,Society 11,2.0,1.0,2.0,Leasehold,4997 sqft,NA,723 sqft
Property 1491,A nice property,50 Lac,5016865,Surat,3019 sqft,Under Construction,16,Under Construction,Furnished,East,Main Road,Society 9,2.0,1.0,2.0,Freehold,4192 sqft,NA,NA
Property 1492,A nice property,56 Lac,5618062,Hyderabad,1913 sqft,Ready,20,Ready to Move,Furnished,East,NA,NA,5.0,1.0,0.0,Leasehold,5770 sqft,NA,NA
Property 1493,A nice property,62 Lac,6207390,Ahmedabad,922 sqft,Resale,Ground,Ready to Move,Unfurnished,East,Main Road,NA,2.0,1.0,3.0,Freehold,4130 sqft,NA,771 sqft
Property 1494,A nice property,42 Lac,4237908,Surat,4666 sqft,Under Construction,13,Under Construction,Semi-Furnished,South,Main Road,Society 50,4.0,3.0,0.0,Freehold,5604 sqft,NA,3574 sqft
Property 1495,A nice property,59 Lac,5983664,Ghaziabad,2301 sqft,Resale,22,Ready to Move,Furnished,South,NA,NA,1.0,0.0,2.0,Leasehold,1023 sqft,NA,779 sqft
Property 1496,A nice property,62 Lac,6267911,Bhopal,4537 sqft,Ready,25,Under Construction,Unfurnished,East,Main Road,NA,,3.0,2.0,Leasehold,1014 sqft,NA,3874 sqft
Property 1497,A nice property,62 Lac,6263185,Kochi,3308 sqft,Resale,21,Ready to Move,Furnished,North,NA,Society 38,2.0,3.0,2.0,Freehold,1352 sqft,NA,2027 sqft
Property 1498,A nice property,1.3 Cr,13361447,Delhi,2521 sqft,Ready,21,Under Construction,Furnished,North,NA,NA,4.0,1.0,3.0,Freehold,5624 sqft,NA,3470 sqft
Property 1499,A nice property,73 Lac,7389636,Bhopal,622 sqft,Resale,12,Ready to Move,Semi-Furnished,West,Main Road,Society 39,1.0,2.0,0.0,Freehold,2087 sqft,NA,4319 sqft
Property 1500,A nice property,72 Lac,7219326,Lucknow,704 sqft,Under Construction,4,Ready to Move,Unfurnished,East,Park,Society 1,5.0,1.0,2.0,Leasehold,2489 sqft,NA,3582 sqft
Property 1501,A nice property,59 Lac,5917504,Indore,1329 sqft,Resale,16,Ready to Move,Semi-Furnished,North,Main Road,Society 9,,,,Freehold,2241 sqft,NA,1964 sqft
Property 1502,A nice property,64 Lac,6412013,Ahmedabad,1504 sqft,Resale,17,Under Construction,Semi-Furnished,South,Main Road,Society 49,4.0,2.0,2.0,Leasehold,1432 sqft,NA,NA
Property 1503,A nice property,66 Lac,6606247,Indore,4647 sqft,Ready,19,Under Construction,Unfurnished,North,Park,NA,1.0,3.0,,Freehold,3289 sqft,NA,3263 sqft
Property 1504,A nice property,62 Lac,6294897,Chennai,1821 sqft,Under Construction,19,Ready to Move,Unfurnished,North,NA,Society 15,,0.0,1.0,Freehold,1789 sqft,NA,3397 sqft
Property 1505,A nice property,1.0 Cr,10109684,Delhi,1337 sqft,Under Construction,23,Under Construction,Semi-Furnished,North,Park,Society 33,5.0,,0.0,Freehold,3161 sqft,NA,2716 sqft
Property 1506,A nice property,49 Lac,4933129,Kochi,4791 sqft,Ready,19,Ready to Move,Furnished,South,Park,NA,3.0,3.0,1.0,Freehold,819 sqft,NA,2235 sqft
Property 1507,A nice property,1.2 Cr,12398177,Hyderabad,1214 sqft,Ready,16,Ready to Move,Semi-Furnished,East,Main Road,Society 23,1.0,1.0,3.0,Leasehold,2931 sqft,NA,1959 sqft
Property 1508,A nice property,72 Lac,7248965,Kochi,1429 sqft,Resale,Ground,Under Construction,Semi-Furnished,East,Main Road,NA,2.0,2.0,0.0,Freehold,1706 sqft,NA,4557 sqft
Property 1509,A nice property,79 Lac,7910110,Kochi,2696 sqft,Ready,10,Ready to Move,Unfurnished,South,Park,NA,4.0,,3.0,Freehold,3266 sqft,NA,NA
Property 1510,A nice property,61 Lac,6123844,Kolkata,2493 sqft,Under Construction,4,Under Construction,Furnished,South,Park,Society 43,1.0,1.0,,Leasehold,5920 sqft,NA,NA
Property 1511,A nice property,71 Lac,7194380,Nagpur,4341 sqft,Under Construction,23,Ready to Move,Unfurnished,North,Main Road,Society 7,,1.0,2.0,Leasehold,4436 sqft,NA,870 sqft
Property 1512,A nice property,49 Lac,4982310,Nagpur,3025 sqft,Ready,Ground,Ready to Move,Unfurnished,South,Main Road,Society 42,5.0,0.0,2.0,Leasehold,3379 sqft,NA,NA
Property 1513,A nice property,1.1 Cr,11305479,Pune,2763 sqft,Resale,6,Under Construction,Unfurnished,South,NA,Society 24,5.0,3.0,2.0,Leasehold,4910 sqft,NA,1859 sqft
Property 1514,A nice property,78 Lac,7876811,Ahmedabad,4403 sqft,Under Construction,23,Ready to Move,Semi-Furnished,North,Park,Society 32,5.0,2.0,0.0,Freehold,2886 sqft,NA,4323 sqft
Property 1515,A nice property,1.4 Cr,13747140,Hyderabad,1010 sqft,Under Construction,18,Ready to Move,Semi-Furnished,East,Park,Society 6,5.0,0.0,0.0,Leasehold,1891 sqft,NA,3223 sqft
Property 1516,A nice property,1.2 Cr,11504235,Pune,1417 sqft,Under Construction,Ground,Ready to Move,Unfurnished,East,Main Road,Society 1,5.0,2.0,1.0,Leasehold,4486 sqft,NA,NA
Property 1517,A nice property,27 Lac,2715566,Jaipur,2031 sqft,Ready,17,Under Construction,Unfurnished,North,NA,NA,3.0,3.0,2.0,Freehold,4166 sqft,NA,3778 sqft
Property 1518,A nice property,28 Lac,2830082,Kolkata,923 sqft,Resale,17,Under Construction,Semi-Furnished,South,Main Road,NA,4.0,0.0,0.0,Freehold,4937 sqft,NA,2900 sqft
Property 1519,A nice property,44 Lac,4451762,Chennai,2980 sqft,Ready,Ground,Under Construction,Furnished,North,Park,Society 42,,3.0,2.0,Freehold,4118 sqft,NA,3756 sqft
Property 1520,A nice property,70 Lac,7023031,Ludhiana,3550 sqft,Resale,21,Ready to Move,Furnished,East,Main Road,Society 7,4.0,3.0,2.0,Leasehold,1463 sqft,NA,4482 sqft
Property 1521,A nice property,49 Lac,4952972,Pune,3161 sqft,Ready,25,Under Construction,Unfurnished,East,NA,Society 12,1.0,0.0,3.0,Leasehold,2129 sqft,NA,NA
Property 1522,A nice property,1.3 Cr,12685711,Delhi,4089 sqft,Resale,22,Under Construction,Semi-Furnished,West,NA,Society 25,4.0,1.0,2.0,Leasehold,4635 sqft,NA,NA
Property 1523,A nice property,70 Lac,7046721,Chennai,1549 sqft,Resale,Ground,Ready to Move,Unfurnished,North,NA,Society 44,1.0,,0.0,Leasehold,4378 sqft,NA,4359 sqft
Property 1524,A nice property,44 Lac,4463806,Visakhapatnam,1378 sqft,Ready,20,Ready to Move,Semi-Furnished,South,NA,Society 32,4.0,,0.0,Leasehold,5374 sqft,NA,4840 sqft
Property 1525,A nice property,54 Lac,5495839,Chandigarh,975 sqft,Resale,1,Under Construction,Unfurnished,West,NA,NA,2.0,2.0,3.0,Freehold,2316 sqft,NA,2248 sqft
Property 1526,A nice property,25 Lac,2562341,Ghaziabad,679 sqft,Under Construction,11,Under Construction,Unfurnished,South,Park,Society 23,3.0,1.0,1.0,Leasehold,2678 sqft,NA,NA
Property 1527,A nice property,74 Lac,7429998,Ghaziabad,1733 sqft,Under Construction,5,Ready to Move,Semi-Furnished,North,Park,Society 20,3.0,0.0,,Freehold,2553 sqft,NA,NA
Property 1528,A nice property,71 Lac,7134963,Chandigarh,1996 sqft,Ready,21,Under Construction,Furnished,East,Park,NA,2.0,,3.0,Leasehold,2658 sqft,NA,1467 sqft
Property 1529,A nice property,24 Lac,2454334,Ghaziabad,3292 sqft,Under Construction,18,Under Construction,Furnished,East,Main Road,Society 40,1.0,2.0,3.0,Freehold,3392 sqft,NA,2192 sqft
Property 1530,A nice property,51 Lac,5150545,Ludhiana,3528 sqft,Resale,25,Ready to Move,Semi-Furnished,East,Park,Society 10,1.0,,1.0,Leasehold,4270 sqft,NA,3367 sqft
Property 1531,A nice property,69 Lac,6940102,Indore,4185 sqft,Ready,4,Under Construction,Unfurnished,West,NA,Society 19,1.0,3.0,,Freehold,5742 sqft,NA,1732 sqft
Property 1532,A nice property,79 Lac,7943110,Indore,2797 sqft,Under Construction,12,Under Construction,Furnished,West,Park,Society 23,5.0,2.0,1.0,Leasehold,3245 sqft,NA,NA
Property 1533,A nice property,64 Lac,6468215,Pune,1361 sqft,Ready,Ground,Under Construction,Semi-Furnished,West,NA,Society 14,4.0,1.0,,Freehold,1967 sqft,NA,3482 sqft
Property 1534,A nice property,38 Lac,3889970,Chandigarh,3652 sqft,Resale,22,Under Construction,Furnished,South,Main Road,NA,1.0,2.0,,Leasehold,863 sqft,NA,NA
Property 1535,A nice property,1.6 Cr,15714216,Delhi,3407 sqft,Ready,10,Ready to Move,Unfurnished,West,Main Road,Society 25,1.0,2.0,2.0,Freehold,1467 sqft,NA,2223 sqft
Property 1536,A nice property,67 Lac,6790471,Visakhapatnam,2098 sqft,Under Construction,17,Ready to Move,Unfurnished,South,NA,Society 30,1.0,1.0,,Leasehold,5217 sqft,NA,3247 sqft
Property 1537,A nice property,49 Lac,4972508,Chandigarh,1532 sqft,Ready,Ground,Ready to Move,Unfurnished,West,NA,Society 35,3.0,2.0,2.0,Freehold,2893 sqft,NA,2847 sqft
Property 1538,A nice property,28 Lac,2808946,Lucknow,3883 sqft,Ready,18,Under Construction,Unfurnished,West,NA,Society 19,,0.0,3.0,Leasehold,2801 sqft,NA,NA
Property 1539,A nice property,21 Lac,2174073,Jaipur,3878 sqft,Resale,19,Ready to Move,Unfurnished,West,Park,Society 19,3.0,3.0,0.0,Freehold,3325 sqft,NA,NA
Property 1540,A nice property,65 Lac,6520697,Ghaziabad,4339 sqft,Ready,11,Ready to Move,Furnished,East,Park,Society 19,5.0,3.0,,Freehold,4367 sqft,NA,2483 sqft
Property 1541,A nice property,1.7 Cr,16893376,Bangalore,2826 sqft,Under Construction,12,Under Construction,Furnished,West,NA,Society 29,3.0,2.0,1.0,Freehold,3925 sqft,NA,2662 sqft
Property 1542,A nice property,37 Lac,3713118,Nagpur,3759 sqft,Under Construction,17,Under Construction,Furnished,South,Main Road,NA,2.0,3.0,0.0,Freehold,3798 sqft,NA,3769 sqft
Property 1543,A nice property,31 Lac,3114817,Kochi,4517 sqft,Under Construction,4,Under Construction,Unfurnished,North,NA,Society 40,5.0,2.0,,Leasehold,1387 sqft,NA,3856 sqft
Property 1544,A nice property,1.8 Cr,17782978,Delhi,4054 sqft,Ready,2,Ready to Move,Semi-Furnished,South,Park,Society 49,5.0,2.0,0.0,Leasehold,4092 sqft,NA,1398 sqft
Property 1545,A nice property,61 Lac,6137040,Lucknow,1966 sqft,Resale,7,Ready to Move,Semi-Furnished,East,NA,Society 44,3.0,0.0,0.0,Leasehold,2135 sqft,NA,NA
Property 1546,A nice property,76 Lac,7625482,Chandigarh,1526 sqft,Under Construction,7,Under Construction,Semi-Furnished,South,NA,Society 7,2.0,,2.0,Leasehold,5412 sqft,NA,NA
Property 1547,A nice property,63 Lac,6334774,Chandigarh,1685 sqft,Resale,Ground,Ready to Move,Furnished,East,Park,Society 43,1.0,0.0,0.0,Freehold,3681 sqft,NA,3744 sqft
Property 1548,A nice property,1.3 Cr,12672450,Bangalore,1080 sqft,Resale,7,Under Construction,Semi-Furnished,East,Main Road,Society 32,1.0,3.0,,Leasehold,1134 sqft,NA,NA
Property 1549,A nice property,1.3 Cr,12584757,Bangalore,1905 sqft,Ready,9,Ready to Move,Unfurnished,South,NA,Society 27,2.0,3.0,2.0,Freehold,4094 sqft,NA,3047 sqft
Property 1550,A nice property,63 Lac,6363958,Nagpur,1449 sqft,Ready,20,Under Construction,Furnished,North,Main Road,Society 22,1.0,1.0,1.0,Leasehold,3004 sqft,NA,2528 sqft
Property 1551,A nice property,55 Lac,5570682,Lucknow,4008 sqft,Resale,18,Ready to Move,Furnished,South,Main Road,NA,1.0,1.0,1.0,Freehold,1235 sqft,NA,4340 sqft
Property 1552,A nice property,1.4 Cr,14093226,Delhi,4554 sqft,Resale,13,Under Construction,Furnished,South,NA,NA,5.0,,2.0,Freehold,813 sqft,NA,1489 sqft
Property 1553,A nice property,1.6 Cr,16077673,Delhi,4189 sqft,Under Construction,6,Under Construction,Semi-Furnished,North,NA,Society 49,4.0,0.0,0.0,Freehold,2451 sqft,NA,NA
Property 1554,A nice property,70 Lac,7087206,Ludhiana,2084 sqft,Ready,3,Ready to Move,Furnished,South,NA,Society 9,3.0,0.0,,Freehold,1337 sqft,NA,3620 sqft
Property 1555,A nice property,67 Lac,6792427,Ludhiana,3710 sqft,Resale,Ground,Under Construction,Furnished,South,Main Road,NA,4.0,3.0,1.0,Freehold,5079 sqft,NA,3658 sqft
Property 1556,A nice property,64 Lac,6405311,Kochi,3537 sqft,Under Construction,23,Under Construction,Unfurnished,North,Park,Society 36,5.0,0.0,0.0,Leasehold,3214 sqft,NA,785 sqft
Property 1557,A nice property,45 Lac,4530593,Bhopal,836 sqft,Ready,7,Under Construction,Semi-Furnished,South,NA,NA,4.0,1.0,3.0,Leasehold,1216 sqft,NA,3613 sqft
Property 1558,A nice property,32 Lac,3225580,Chandigarh,1670 sqft,Ready,24,Under Construction,Semi-Furnished,South,NA,Society 21,4.0,1.0,3.0,Leasehold,5912 sqft,NA,1719 sqft
Property 1559,A nice property,21 Lac,2148816,Ghaziabad,4557 sqft,Ready,21,Under Construction,Unfurnished,South,Park,Society 4,5.0,2.0,0.0,Leasehold,4688 sqft,NA,NA
Property 1560,A nice property,21 Lac,2175113,Vadodara,4598 sqft,Under Construction,7,Under Construction,Semi-Furnished,North,NA,Society 5,4.0,2.0,3.0,Leasehold,2712 sqft,NA,NA
Property 1561,A nice property,98 Lac,9841589,Bangalore,1525 sqft,Under Construction,19,Under Construction,Semi-Furnished,East,NA,Society 40,2.0,0.0,2.0,Leasehold,2179 sqft,NA,3504 sqft
Property 1562,A nice property,35 Lac,3571056,Chandigarh,3969 sqft,Under Construction,17,Under Construction,Furnished,North,Park,NA,4.0,,1.0,Leasehold,5930 sqft,NA,1176 sqft
Property 1563,A nice property,52 Lac,5231846,Ghaziabad,4210 sqft,Under Construction,14,Ready to Move,Furnished,North,NA,NA,2.0,3.0,0.0,Freehold,4041 sqft,NA,864 sqft
Property 1564,A nice property,47 Lac,4776285,Kolkata,976 sqft,Under Construction,Ground,Ready to Move,Semi-Furnished,West,Main Road,NA,2.0,,,Freehold,3719 sqft,NA,NA
Property 1565,A nice property,25 Lac,2507263,Indore,1118 sqft,Resale,14,Ready to Move,Unfurnished,North,NA,NA,5.0,3.0,2.0,Freehold,1851 sqft,NA,4508 sqft
Property 1566,A nice property,73 Lac,7381097,Ludhiana,2743 sqft,Resale,20,Under Construction,Unfurnished,North,Park,Society 36,5.0,0.0,,Freehold,2436 sqft,NA,771 sqft
Property 1567,A nice property,39 Lac,3915226,Visakhapatnam,3174 sqft,Ready,9,Ready to Move,Unfurnished,South,Park,Society 29,3.0,3.0,2.0,Leasehold,2794 sqft,NA,3895 sqft
Property 1568,A nice property,24 Lac,2416904,Kochi,701 sqft,Under Construction,4,Ready to Move,Semi-Furnished,West,Main Road,NA,2.0,1.0,3.0,Leasehold,5898 sqft,NA,769 sqft
Property 1569,A nice property,88 Lac,8815916,Pune,4899 sqft,Resale,14,Under Construction,Furnished,East,Park,Society 31,2.0,2.0,1.0,Leasehold,4206 sqft,NA,2184 sqft
Property 1570,A nice property,83 Lac,8345628,Bangalore,2434 sqft,Resale,21,Under Construction,Semi-Furnished,West,NA,Society 14,4.0,2.0,0.0,Freehold,3726 sqft,NA,1879 sqft
Property 1571,A nice property,41 Lac,4193848,Chandigarh,3371 sqft,Under Construction,11,Under Construction,Semi-Furnished,South,Park,Society 9,1.0,2.0,3.0,Leasehold,3665 sqft,NA,4195 sqft
Property 1572,A nice property,55 Lac,5573407,Hyderabad,4852 sqft,Under Construction,5,Under Construction,Semi-Furnished,South,NA,NA,1.0,1.0,3.0,Leasehold,3005 sqft,NA,NA
Property 1573,A nice property,28 Lac,2810676,Indore,4885 sqft,Under Construction,Ground,Ready to Move,Furnished,West,Park,Society 8,2.0,,2.0,Freehold,4218 sqft,NA,NA
Property 1574,A nice property,95 Lac,9573154,Delhi,1380 sqft,Ready,1,Under Construction,Unfurnished,East,Main Road,Society 38,2.0,0.0,1.0,Freehold,1220 sqft,NA,2699 sqft
Property 1575,A nice property,34 Lac,3412639,Kochi,4145 sqft,Resale,8,Under Construction,Unfurnished,North,Park,NA,4.0,2.0,2.0,Leasehold,1744 sqft,NA,NA
Property 1576,A nice property,23 Lac,2329981,Chennai,2636 sqft,Under Construction,4,Under Construction,Unfurnished,South,Park,Society 25,4.0,3.0,,Freehold,1204 sqft,NA,NA
Property 1577,A nice property,1.3 Cr,13431975,Bangalore,4547 sqft,Ready,4,Under Construction,Unfurnished,West,Park,Society 34,1.0,1.0,1.0,Freehold,2505 sqft,NA,NA
Property 1578,A nice property,54 Lac,5414198,Ahmedabad,3432 sqft,Under Construction,24,Ready to Move,Unfurnished,West,NA,Society 42,3.0,,1.0,Leasehold,5137 sqft,NA,4901 sqft
Property 1579,A nice property,51 Lac,5136656,Chandigarh,3752 sqft,Under Construction,Ground,Ready to Move,Unfurnished,North,Main Road,Society 27,1.0,2.0,,Leasehold,2997 sqft,NA,NA
Property 1580,A nice property,27 Lac,2798494,Chandigarh,1817 sqft,Under Construction,16,Ready to Move,Furnished,West,NA,Society 32,2.0,,,Freehold,4069 sqft,NA,NA
Property 1581,A nice property,38 Lac,3870283,Kochi,1047 sqft,Resale,12,Under Construction,Unfurnished,South,NA,NA,4.0,0.0,3.0,Freehold,4427 sqft,NA,NA
Property 1582,A nice property,38 Lac,3811952,Kochi,695 sqft,Under Construction,10,Under Construction,Furnished,South,NA,Society 10,1.0,1.0,1.0,Leasehold,2121 sqft,NA,756 sqft
Property 1583,A nice property,48 Lac,4829552,Ludhiana,1885 sqft,Resale,20,Under Construction,Unfurnished,East,Park,Society 13,1.0,1.0,2.0,Freehold,4268 sqft,NA,NA
Property 1584,A nice property,34 Lac,3491339,Chennai,4741 sqft,Resale,2,Ready to Move,Semi-Furnished,West,NA,NA,3.0,3.0,2.0,Freehold,2832 sqft,NA,3718 sqft
Property 1585,A nice property,67 Lac,6721543,Nagpur,4444 sqft,Ready,25,Ready to Move,Furnished,West,Main Road,NA,,2.0,,Freehold,3179 sqft,NA,NA
Property 1586,A nice property,43 Lac,4367539,Nagpur,4661 sqft,Ready,12,Ready to Move,Furnished,East,NA,Society 30,5.0,2.0,2.0,Leasehold,1124 sqft,NA,2024 sqft
Property 1587,A nice property,70 Lac,7034750,Lucknow,1954 sqft,Resale,Ground,Under Construction,Semi-Furnished,East,Park,Society 50,2.0,0.0,,Leasehold,1323 sqft,NA,4474 sqft
Property 1588,A nice property,51 Lac,5133668,Bhopal,1213 sqft,Resale,18,Ready to Move,Furnished,East,Park,Society 37,3.0,0.0,,Leasehold,5631 sqft,NA,1445 sqft
Property 1589,A nice property,59 Lac,5996221,Surat,4627 sqft,Under Construction,13,Ready to Move,Semi-Furnished,East,NA,Society 37,4.0,1.0,2.0,Leasehold,4902 sqft,NA,4525 sqft
Property 1590,A nice property,56 Lac,5667857,Indore,3226 sqft,Under Construction,5,Under Construction,Semi-Furnished,West,NA,Society 10,2.0,0.0,0.0,Freehold,5759 sqft,NA,1434 sqft
Property 1591,A nice property,24 Lac,2444968,Ludhiana,2573 sqft,Resale,22,Under Construction,Unfurnished,South,Main Road,Society 45,5.0,,3.0,Freehold,2116 sqft,NA,1903 sqft
Property 1592,A nice property,1.0 Cr,10172632,Bangalore,3310 sqft,Resale,5,Under Construction,Furnished,West,Main Road,Society 14,4.0,2.0,,Leasehold,4879 sqft,NA,1962 sqft
Property 1593,A nice property,79 Lac,7972668,Indore,2878 sqft,Under Construction,5,Under Construction,Unfurnished,South,Main Road,NA,,,3.0,Freehold,5628 sqft,NA,NA
Property 1594,A nice property,1.6 Cr,15577057,Delhi,1012 sqft,Under Construction,24,Ready to Move,Furnished,North,Park,Society 39,3.0,1.0,3.0,Leasehold,1638 sqft,NA,3821 sqft
Property 1595,A nice property,67 Lac,6779120,Indore,4752 sqft,Under Construction,24,Under Construction,Semi-Furnished,East,NA,Society 33,1.0,,2.0,Freehold,3158 sqft,NA,1643 sqft
Property 1596,A nice property,1.1 Cr,11005851,Hyderabad,2424 sqft,Under Construction,12,Ready to Move,Unfurnished,South,Main Road,Society 25,2.0,0.0,,Freehold,2421 sqft,NA,NA
Property 1597,A nice property,77 Lac,7782666,Vadodara,3701 sqft,Ready,8,Under Construction,Furnished,North,Main Road,Society 9,2.0,0.0,2.0,Leasehold,3435 sqft,NA,1663 sqft
Property 1598,A nice property,25 Lac,2592698,Bhopal,3903 sqft,Under Construction,14,Under Construction,Unfurnished,West,Park,Society 49,2.0,1.0,1.0,Freehold,2436 sqft,NA,NA
Property 1599,A nice property,22 Lac,2253972,Lucknow,2525 sqft,Resale,6,Under Construction,Unfurnished,West,Park,Society 46,1.0,0.0,2.0,Freehold,3482 sqft,NA,2607 sqft
Property 1600,A nice property,65 Lac,6529364,Jaipur,1245 sqft,Resale,12,Under Construction,Unfurnished,South,Park,Society 32,4.0,3.0,3.0,Leasehold,5947 sqft,NA,4129 sqft
Property 1601,A nice property,42 Lac,4268898,Ludhiana,4360 sqft,Under Construction,17,Ready to Move,Unfurnished,North,Park,Society 13,5.0,,,Freehold,2847 sqft,NA,4419 sqft
Property 1602,A nice property,62 Lac,6261308,Pune,4238 sqft,Under Construction,14,Under Construction,Semi-Furnished,West,Main Road,Society 32,3.0,2.0,1.0,Freehold,2175 sqft,NA,NA
Property 1603,A nice property,69 Lac,6954209,Indore,4270 sqft,Resale,23,Ready to Move,Unfurnished,North,NA,Society 37,5.0,0.0,1.0,Leasehold,3508 sqft,NA,4513 sqft
Property 1604,A nice property,1.3 Cr,13017050,Delhi,1321 sqft,Resale,Ground,Under Construction,Furnished,South,NA,NA,1.0,2.0,1.0,Freehold,5857 sqft,NA,4469 sqft
Property 1605,A nice property,24 Lac,2450781,Ghaziabad,4683 sqft,Ready,Ground,Under Construction,Furnished,West,Park,Society 14,5.0,1.0,,Freehold,4220 sqft,NA,2616 sqft
Property 1606,A nice property,85 Lac,8550335,Pune,4262 sqft,Resale,3,Ready to Move,Semi-Furnished,North,Main Road,Society 9,4.0,1.0,1.0,Leasehold,1727 sqft,NA,NA
Property 1607,A nice property,46 Lac,4662034,Nagpur,3189 sqft,Resale,Ground,Ready to Move,Unfurnished,West,Park,NA,1.0,2.0,2.0,Leasehold,5065 sqft,NA,NA
Property 1608,A nice property,37 Lac,3728119,Lucknow,1572 sqft,Resale,11,Under Construction,Semi-Furnished,South,NA,NA,,0.0,0.0,Freehold,4163 sqft,NA,NA
Property 1609,A nice property,63 Lac,6374728,Bhopal,4674 sqft,Ready,Ground,Ready to Move,Unfurnished,North,NA,Society 2,,,3.0,Freehold,5996 sqft,NA,NA
Property 1610,A nice property,1.1 Cr,10616204,Pune,745 sqft,Resale,3,Under Construction,Furnished,West,Park,Society 23,1.0,0.0,2.0,Leasehold,719 sqft,NA,2429 sqft
Property 1611,A nice property,65 Lac,6552882,Ludhiana,1440 sqft,Under Construction,3,Ready to Move,Unfurnished,South,NA,NA,1.0,3.0,3.0,Leasehold,4767 sqft,NA,615 sqft
Property 1612,A nice property,1.2 Cr,12452783,Delhi,3904 sqft,Resale,2,Ready to Move,Unfurnished,South,NA,Society 19,,2.0,0.0,Leasehold,4887 sqft,NA,2271 sqft
Property 1613,A nice property,53 Lac,5342280,Lucknow,3977 sqft,Resale,10,Ready to Move,Furnished,West,Main Road,NA,1.0,3.0,3.0,Freehold,1393 sqft,NA,2815 sqft
Property 1614,A nice property,25 Lac,2586026,Vadodara,893 sqft,Ready,16,Under Construction,Furnished,South,Park,Society 15,5.0,0.0,3.0,Leasehold,2732 sqft,NA,2146 sqft
Property 1615,A nice property,32 Lac,3203576,Bhopal,601 sqft,Under Construction,Ground,Ready to Move,Semi-Furnished,South,Park,Society 24,5.0,3.0,0.0,Leasehold,4851 sqft,NA,NA
Property 1616,A nice property,78 Lac,7828018,Indore,1344 sqft,Resale,14,Ready to Move,Furnished,North,Main Road,NA,3.0,0.0,2.0,Leasehold,3024 sqft,NA,NA
Property 1617,A nice property,1.1 Cr,11026994,Pune,3095 sqft,Ready,24,Under Construction,Furnished,East,Main Road,NA,5.0,1.0,2.0,Leasehold,4424 sqft,NA,2287 sqft
Property 1618,A nice property,54 Lac,5449195,Kochi,4764 sqft,Resale,16,Under Construction,Unfurnished,South,Main Road,NA,1.0,2.0,2.0,Freehold,3428 sqft,NA,1420 sqft
Property 1619,A nice property,1.3 Cr,13236169,Delhi,2294 sqft,Ready,22,Under Construction,Semi-Furnished,South,Main Road,Society 23,1.0,1.0,1.0,Leasehold,1297 sqft,NA,1995 sqft
Property 1620,A nice property,51 Lac,5160407,Surat,4337 sqft,Ready,Ground,Ready to Move,Unfurnished,South,Park,Society 16,1.0,,0.0,Leasehold,2705 sqft,NA,NA
Property 1621,A nice property,32 Lac,3277912,Kochi,3392 sqft,Ready,13,Ready to Move,Semi-Furnished,South,Main Road,Society 24,,0.0,,Freehold,2807 sqft,NA,3824 sqft
Property 1622,A nice property,29 Lac,2952394,Nagpur,3576 sqft,Under Construction,7,Ready to Move,Unfurnished,West,Main Road,Society 21,5.0,0.0,3.0,Leasehold,1055 sqft,NA,4740 sqft
Property 1623,A nice property,1.5 Cr,14582053,Mumbai,1044 sqft,Ready,Ground,Under Construction,Semi-Furnished,South,Park,Society 25,2.0,1.0,,Freehold,4494 sqft,NA,681 sqft
Property 1624,A nice property,48 Lac,4812461,Nagpur,2426 sqft,Resale,23,Ready to Move,Unfurnished,North,Main Road,Society 27,3.0,2.0,2.0,Leasehold,2938 sqft,NA,3524 sqft
Property 1625,A nice property,45 Lac,4516761,Lucknow,4322 sqft,Ready,18,Under Construction,Unfurnished,West,Main Road,Society 29,4.0,2.0,0.0,Leasehold,5766 sqft,NA,2454 sqft
Property 1626,A nice property,72 Lac,7293392,Chennai,3319 sqft,Resale,8,Ready to Move,Furnished,East,Main Road,Society 38,5.0,,,Leasehold,1422 sqft,NA,905 sqft
Property 1627,A nice property,46 Lac,4691618,Kolkata,4475 sqft,Under Construction,Ground,Under Construction,Semi-Furnished,North,Park,Society 11,,,1.0,Leasehold,4820 sqft,NA,1672 sqft
Property 1628,A nice property,53 Lac,5389220,Indore,3576 sqft,Under Construction,17,Ready to Move,Semi-Furnished,East,Park,Society 37,5.0,,3.0,Freehold,3299 sqft,NA,3486 sqft
Property 1629,A nice property,25 Lac,2572482,Visakhapatnam,4307 sqft,Ready,2,Under Construction,Semi-Furnished,South,NA,Society 24,4.0,2.0,,Freehold,851 sqft,NA,2152 sqft
Property 1630,A nice property,43 Lac,4355052,Kolkata,1534 sqft,Resale,6,Ready to Move,Unfurnished,South,Main Road,Society 2,2.0,3.0,3.0,Leasehold,3766 sqft,NA,629 sqft
Property 1631,A nice property,39 Lac,3901527,Ahmedabad,1398 sqft,Under Construction,25,Ready to Move,Unfurnished,South,Main Road,Society 41,,1.0,2.0,Freehold,5088 sqft,NA,546 sqft
Property 1632,A nice property,55 Lac,5521533,Pune,2416 sqft,Under Construction,8,Under Construction,Unfurnished,South,NA,NA,3.0,2.0,3.0,Freehold,1835 sqft,NA,792 sqft
Property 1633,A nice property,92 Lac,9278881,Pune,617 sqft,Ready,12,Ready to Move,Semi-Furnished,East,NA,NA,4.0,3.0,0.0,Leasehold,2833 sqft,NA,2319 sqft
Property 1634,A nice property,1.7 Cr,17432535,Delhi,3396 sqft,Ready,Ground,Ready to Move,Furnished,East,NA,Society 9,4.0,0.0,1.0,Leasehold,1124 sqft,NA,1212 sqft
Property 1635,A nice property,36 Lac,3655729,Lucknow,3509 sqft,Ready,2,Under Construction,Furnished,South,Park,Society 27,2.0,1.0,1.0,Freehold,3532 sqft,NA,1413 sqft
Property 1636,A nice property,1.3 Cr,12591777,Hyderabad,2991 sqft,Resale,13,Ready to Move,Furnished,South,Park,Society 35,4.0,0.0,,Leasehold,3282 sqft,NA,4368 sqft
Property 1637,A nice property,72 Lac,7259079,Kochi,4876 sqft,Ready,4,Ready to Move,Furnished,East,NA,Society 8,3.0,,0.0,Leasehold,2907 sqft,NA,1946 sqft
Property 1638,A nice property,36 Lac,3603641,Vadodara,3662 sqft,Ready,22,Ready to Move,Unfurnished,East,Main Road,NA,4.0,0.0,,Leasehold,4121 sqft,NA,2365 sqft
Property 1639,A nice property,77 Lac,7737434,Kochi,1470 sqft,Resale,18,Under Construction,Unfurnished,East,Main Road,Society 27,,2.0,,Leasehold,3578 sqft,NA,1678 sqft
Property 1640,A nice property,1.1 Cr,11103120,Bangalore,975 sqft,Resale,Ground,Ready to Move,Furnished,West,Main Road,Society 49,1.0,3.0,1.0,Leasehold,1339 sqft,NA,4623 sqft
Property 1641,A nice property,66 Lac,6684805,Indore,1944 sqft,Ready,Ground,Ready to Move,Unfurnished,North,NA,Society 27,5.0,3.0,3.0,Freehold,1774 sqft,NA,3184 sqft
Property 1642,A nice property,73 Lac,7375098,Ludhiana,4633 sqft,Resale,16,Under Construction,Furnished,West,Main Road,Society 12,2.0,2.0,0.0,Freehold,1187 sqft,NA,4585 sqft
Property 1643,A nice property,95 Lac,9584611,Pune,1750 sqft,Resale,7,Under Construction,Unfurnished,West,NA,Society 15,,1.0,2.0,Leasehold,3989 sqft,NA,NA
Property 1644,A nice property,40 Lac,4055421,Ludhiana,3952 sqft,Ready,21,Ready to Move,Unfurnished,West,Park,Society 45,1.0,0.0,,Freehold,5753 sqft,NA,NA
Property 1645,A nice property,25 Lac,2556892,Bhopal,1476 sqft,Resale,7,Ready to Move,Semi-Furnished,South,Main Road,NA,4.0,3.0,2.0,Leasehold,889 sqft,NA,2518 sqft
Property 1646,A nice property,64 Lac,6490576,Pune,2683 sqft,Ready,Ground,Ready to Move,Furnished,South,Main Road,Society 50,1.0,2.0,,Leasehold,5839 sqft,NA,NA
Property 1647,A nice property,24 Lac,2423819,Chennai,2204 sqft,Ready,Ground,Ready to Move,Unfurnished,West,NA,Society 44,1.0,0.0,0.0,Freehold,5981 sqft,NA,NA
Property 1648,A nice property,22 Lac,2267479,Chennai,2136 sqft,Resale,Ground,Under Construction,Furnished,East,Main Road,Society 9,2.0,2.0,3.0,Freehold,4228 sqft,NA,NA
Property 1649,A nice property,63 Lac,6360428,Ludhiana,1589 sqft,Ready,2,Ready to Move,Unfurnished,South,Park,NA,2.0,0.0,0.0,Freehold,1590 sqft,NA,NA
Property 1650,A nice property,47 Lac,4783098,Chennai,3818 sqft,Under Construction,Ground,Ready to Move,Unfurnished,North,Park,Society 20,3.0,2.0,0.0,Freehold,1484 sqft,NA,NA
Property 1651,A nice property,68 Lac,6840040,Chandigarh,2366 sqft,Resale,Ground,Ready to Move,Furnished,East,Main Road,Society 43,4.0,1.0,,Freehold,5813 sqft,NA,1657 sqft
Property 1652,A nice property,67 Lac,6713787,Bangalore,4344 sqft,Resale,Ground,Ready to Move,Semi-Furnished,East,NA,Society 1,4.0,0.0,2.0,Leasehold,3557 sqft,NA,NA
Property 1653,A nice property,46 Lac,4615672,Surat,2161 sqft,Resale,1,Under Construction,Furnished,East,Park,NA,3.0,0.0,3.0,Leasehold,5548 sqft,NA,4361 sqft
Property 1654,A nice property,24 Lac,2400412,Nagpur,3368 sqft,Ready,11,Under Construction,Semi-Furnished,West,NA,Society 19,5.0,2.0,2.0,Freehold,4421 sqft,NA,4719 sqft
Property 1655,A nice property,22 Lac,2247775,Ahmedabad,1482 sqft,Ready,4,Ready to Move,Unfurnished,North,Park,Society 30,4.0,1.0,,Freehold,2490 sqft,NA,3331 sqft
Property 1656,A nice property,34 Lac,3471110,Chandigarh,3995 sqft,Resale,24,Ready to Move,Semi-Furnished,South,Park,Society 45,4.0,,,Freehold,5936 sqft,NA,1358 sqft
Property 1657,A nice property,43 Lac,4346018,Ludhiana,980 sqft,Ready,12,Under Construction,Semi-Furnished,West,Park,Society 45,2.0,1.0,2.0,Freehold,4301 sqft,NA,3911 sqft
Property 1658,A nice property,28 Lac,2872429,Lucknow,1609 sqft,Under Construction,14,Ready to Move,Unfurnished,West,Main Road,Society 45,5.0,1.0,3.0,Leasehold,1974 sqft,NA,NA
Property 1659,A nice property,76 Lac,7682496,Chandigarh,4290 sqft,Under Construction,3,Ready to Move,Semi-Furnished,North,Main Road,NA,5.0,2.0,1.0,Leasehold,3388 sqft,NA,708 sqft
Property 1660,A nice property,57 Lac,5784632,Ahmedabad,4346 sqft,Under Construction,5,Under Construction,Unfurnished,South,Main Road,Society 32,2.0,0.0,1.0,Leasehold,2652 sqft,NA,4646 sqft
Property 1661,A nice property,22 Lac,2268539,Vadodara,4730 sqft,Resale,16,Ready to Move,Semi-Furnished,South,NA,Society 30,2.0,1.0,2.0,Leasehold,708 sqft,NA,NA
Property 1662,A nice property,38 Lac,3802922,Ahmedabad,1702 sqft,Ready,25,Under Construction,Semi-Furnished,West,Park,Society 9,5.0,2.0,,Leasehold,2600 sqft,NA,4876 sqft
Property 1663,A nice property,53 Lac,5392799,Lucknow,4686 sqft,Resale,8,Ready to Move,Unfurnished,North,Park,Society 34,4.0,3.0,,Freehold,1673 sqft,NA,1011 sqft
Property 1664,A nice property,41 Lac,4109973,Visakhapatnam,635 sqft,Under Construction,12,Under Construction,Unfurnished,South,NA,Society 42,1.0,0.0,2.0,Freehold,3285 sqft,NA,2202 sqft
Property 1665,A nice property,35 Lac,3537835,Kolkata,4944 sqft,Under Construction,14,Ready to Move,Furnished,North,Main Road,NA,5.0,1.0,,Freehold,5083 sqft,NA,1949 sqft
Property 1666,A nice property,40 Lac,4043876,Nagpur,997 sqft,Under Construction,Ground,Ready to Move,Furnished,East,Main Road,NA,5.0,,2.0,Leasehold,2935 sqft,NA,2701 sqft
Property 1667,A nice property,61 Lac,6118145,Ghaziabad,4145 sqft,Resale,9,Ready to Move,Semi-Furnished,South,NA,Society 40,5.0,,1.0,Leasehold,3801 sqft,NA,NA
Property 1668,A nice property,40 Lac,4082472,Chandigarh,4556 sqft,Resale,15,Under Construction,Semi-Furnished,West,Park,Society 6,2.0,2.0,3.0,Leasehold,3234 sqft,NA,1540 sqft
Property 1669,A nice property,38 Lac,3826444,Chandigarh,4764 sqft,Under Construction,15,Under Construction,Semi-Furnished,West,NA,Society 36,3.0,3.0,3.0,Leasehold,2566 sqft,NA,3444 sqft
Property 1670,A nice property,26 Lac,2651159,Lucknow,2051 sqft,Under Construction,12,Ready to Move,Furnished,North,Park,Society 10,5.0,0.0,3.0,Leasehold,5581 sqft,NA,1614 sqft
Property 1671,A nice property,37 Lac,3715949,Bhopal,2022 sqft,Ready,1,Under Construction,Unfurnished,South,Main Road,Society 13,3.0,3.0,2.0,Leasehold,2750 sqft,NA,2405 sqft
Property 1672,A nice property,45 Lac,4507695,Kochi,1651 sqft,Ready,23,Ready to Move,Furnished,West,Park,Society 47,5.0,2.0,1.0,Freehold,2923 sqft,NA,NA
Property 1673,A nice property,73 Lac,7314173,Kochi,1448 sqft,Under Construction,7,Under Construction,Unfurnished,East,Main Road,Society 45,2.0,1.0,2.0,Leasehold,1746 sqft,NA,4467 sqft
Property 1674,A nice property,32 Lac,3250771,Surat,3773 sqft,Ready,5,Ready to Move,Semi-Furnished,South,Park,NA,4.0,3.0,3.0,Leasehold,5181 sqft,NA,1709 sqft
Property 1675,A nice property,46 Lac,4611552,Chennai,3236 sqft,Under Construction,24,Under Construction,Furnished,South,Park,Society 46,5.0,3.0,1.0,Leasehold,834 sqft,NA,3083 sqft
Property 1676,A nice property,25 Lac,2525179,Kolkata,4729 sqft,Under Construction,2,Ready to Move,Furnished,South,NA,Society 5,1.0,3.0,0.0,Freehold,3324 sqft,NA,NA
Property 1677,A nice property,44 Lac,4452453,Ludhiana,3751 sqft,Under Construction,7,Under Construction,Semi-Furnished,South,NA,Society 26,1.0,3.0,3.0,Leasehold,2782 sqft,NA,3122 sqft
Property 1678,A nice property,1.1 Cr,10879085,Pune,4029 sqft,Ready,Ground,Under Construction,Furnished,North,Main Road,Society 50,,1.0,2.0,Leasehold,838 sqft,NA,1289 sqft
Property 1679,A nice property,30 Lac,3039483,Jaipur,2633 sqft,Under Construction,Ground,Under Construction,Furnished,North,NA,Society 1,2.0,,,Leasehold,1201 sqft,NA,2036 sqft
Property 1680,A nice property,1.5 Cr,14599599,Bangalore,2841 sqft,Under Construction,Ground,Under Construction,Unfurnished,South,NA,Society 27,4.0,2.0,0.0,Leasehold,5487 sqft,NA,NA
Property 1681,A nice property,68 Lac,6801173,Visakhapatnam,3859 sqft,Ready,16,Ready to Move,Unfurnished,East,Main Road,Society 43,5.0,2.0,1.0,Freehold,2050 sqft,NA,4125 sqft
Property 1682,A nice property,60 Lac,6046222,Nagpur,3408 sqft,Under Construction,22,Under Construction,Furnished,West,Park,NA,1.0,0.0,0.0,Freehold,2426 sqft,NA,1291 sqft
Property 1683,A nice property,53 Lac,5301155,Vadodara,3009 sqft,Ready,11,Under Construction,Furnished,North,Park,Society 34,4.0,,3.0,Leasehold,1580 sqft,NA,3732 sqft
Property 1684,A nice property,67 Lac,6725444,Hyderabad,4309 sqft,Under Construction,25,Under Construction,Semi-Furnished,South,Park,Society 1,3.0,0.0,,Freehold,5410 sqft,NA,1061 sqft
Property 1685,A nice property,26 Lac,2627945,Kochi,1692 sqft,Ready,Ground,Under Construction,Semi-Furnished,South,NA,NA,3.0,2.0,0.0,Freehold,3607 sqft,NA,4978 sqft
Property 1686,A nice property,1.2 Cr,12058517,Hyderabad,1731 sqft,Resale,24,Under Construction,Unfurnished,North,NA,Society 10,1.0,0.0,2.0,Leasehold,1091 sqft,NA,2926 sqft
Property 1687,A nice property,59 Lac,5934689,Lucknow,3981 sqft,Under Construction,Ground,Ready to Move,Semi-Furnished,North,Park,NA,4.0,3.0,3.0,Leasehold,4568 sqft,NA,NA
Property 1688,A nice property,1.5 Cr,15159325,Delhi,4796 sqft,Ready,4,Under Construction,Furnished,East,Park,Society 4,2.0,1.0,3.0,Freehold,5289 sqft,NA,NA
Property 1689,A nice property,75 Lac,7530773,Chennai,3048 sqft,Resale,Ground,Under Construction,Unfurnished,West,Park,Society 47,5.0,3.0,3.0,Freehold,4767 sqft,NA,NA
Property 1690,A nice property,44 Lac,4468995,Jaipur,3171 sqft,Under Construction,5,Under Construction,Semi-Furnished,West,Park,Society 19,5.0,1.0,2.0,Freehold,2690 sqft,NA,3983 sqft
Property 1691,A nice property,31 Lac,3183713,Chandigarh,2380 sqft,Ready,17,Under Construction,Unfurnished,West,Park,Society 18,,1.0,0.0,Leasehold,823 sqft,NA,538 sqft
Property 1692,A nice property,73 Lac,7383732,Kochi,2245 sqft,Ready,22,Ready to Move,Furnished,East,Main Road,NA,5.0,2.0,1.0,Leasehold,3503 sqft,NA,NA
Property 1693,A nice property,64 Lac,6480562,Pune,2317 sqft,Resale,22,Ready to Move,Unfurnished,South,Park,Society 50,,3.0,1.0,Leasehold,2247 sqft,NA,NA
Property 1694,A nice property,28 Lac,2826664,Surat,2980 sqft,Under Construction,Ground,Under Construction,Furnished,East,Main Road,Society 35,3.0,1.0,3.0,Freehold,5466 sqft,NA,NA
Property 1695,A nice property,55 Lac,5588259,Delhi,3428 sqft,Ready,20,Ready to Move,Unfurnished,East,Park,Society 49,2.0,3.0,1.0,Freehold,920 sqft,NA,1720 sqft
Property 1696,A nice property,28 Lac,2869199,Ahmedabad,1686 sqft,Resale,14,Under Construction,Furnished,South,Main Road,Society 29,1.0,3.0,0.0,Freehold,1010 sqft,NA,3826 sqft
Property 1697,A nice property,61 Lac,6152459,Chandigarh,2056 sqft,Resale,10,Under Construction,Unfurnished,South,Main Road,Society 25,4.0,1.0,2.0,Freehold,2665 sqft,NA,2997 sqft
Property 1698,A nice property,31 Lac,3139055,Nagpur,4727 sqft,Ready,25,Under Construction,Semi-Furnished,West,Park,NA,1.0,2.0,3.0,Leasehold,2924 sqft,NA,NA
Property 1699,A nice property,2.5 Cr,24633924,Mumbai,3240 sqft,Under Construction,20,Ready to Move,Semi-Furnished,North,NA,Society 11,2.0,1.0,2.0,Leasehold,5893 sqft,NA,1265 sqft
Property 1700,A nice property,42 Lac,4244509,Surat,1545 sqft,Resale,17,Ready to Move,Semi-Furnished,North,Main Road,Society 45,3.0,0.0,2.0,Freehold,5881 sqft,NA,2238 sqft
Property 1701,A nice property,1.5 Cr,15092948,Bangalore,3485 sqft,Under Construction,9,Ready to Move,Semi-Furnished,South,Park,Society 26,,1.0,3.0,Freehold,2413 sqft,NA,NA
Property 1702,A nice property,31 Lac,3118882,Bhopal,4535 sqft,Ready,9,Under Construction,Semi-Furnished,North,Park,Society 48,2.0,1.0,3.0,Freehold,2225 sqft,NA,531 sqft
Property 1703,A nice property,26 Lac,2678698,Kochi,4019 sqft,Ready,Ground,Under Construction,Furnished,East,Park,Society 45,3.0,1.0,2.0,Freehold,5801 sqft,NA,2083 sqft
Property 1704,A nice property,79 Lac,7943636,Nagpur,4973 sqft,Ready,14,Ready to Move,Semi-Furnished,East,Park,Society 1,5.0,1.0,3.0,Leasehold,2003 sqft,NA,NA
Property 1705,A nice property,48 Lac,4857601,Ahmedabad,2942 sqft,Ready,23,Under Construction,Semi-Furnished,South,Park,Society 41,4.0,3.0,0.0,Leasehold,3881 sqft,NA,1214 sqft
Property 1706,A nice property,27 Lac,2728926,Bhopal,4060 sqft,Resale,4,Under Construction,Furnished,West,Main Road,Society 39,2.0,3.0,3.0,Leasehold,1864 sqft,NA,3773 sqft
Property 1707,A nice property,1.3 Cr,13055474,Delhi,704 sqft,Resale,17,Ready to Move,Furnished,North,Main Road,Society 28,5.0,3.0,,Leasehold,905 sqft,NA,3489 sqft
Property 1708,A nice property,48 Lac,4827673,Nagpur,4882 sqft,Under Construction,7,Ready to Move,Semi-Furnished,East,Main Road,Society 39,3.0,0.0,2.0,Freehold,3410 sqft,NA,NA
Property 1709,A nice property,21 Lac,2165974,Ahmedabad,1472 sqft,Under Construction,Ground,Ready to Move,Semi-Furnished,North,NA,NA,5.0,1.0,3.0,Freehold,3684 sqft,NA,NA
Property 1710,A nice property,2.4 Cr,24452968,Mumbai,807 sqft,Ready,21,Ready to Move,Semi-Furnished,West,NA,Society 24,3.0,3.0,3.0,Leasehold,3712 sqft,NA,NA
Property 1711,A nice property,77 Lac,7736603,Indore,3720 sqft,Under Construction,4,Ready to Move,Furnished,North,Park,Society 18,,1.0,0.0,Freehold,3536 sqft,NA,4666 sqft
Property 1712,A nice property,1.4 Cr,13519921,Hyderabad,1790 sqft,Ready,2,Under Construction,Semi-Furnished,East,NA,Society 4,2.0,,,Freehold,3834 sqft,NA,1018 sqft
Property 1713,A nice property,55 Lac,5538570,Indore,1034 sqft,Resale,7,Under Construction,Semi-Furnished,South,NA,NA,4.0,2.0,2.0,Leasehold,1909 sqft,NA,NA
Property 1714,A nice property,74 Lac,7458480,Pune,1063 sqft,Resale,Ground,Under Construction,Furnished,South,Main Road,NA,1.0,0.0,1.0,Leasehold,4836 sqft,NA,3944 sqft
Property 1715,A nice property,48 Lac,4845154,Pune,2237 sqft,Ready,20,Under Construction,Furnished,North,Park,Society 24,,3.0,1.0,Leasehold,3170 sqft,NA,3454 sqft
Property 1716,A nice property,97 Lac,9773402,Bangalore,2787 sqft,Ready,2,Ready to Move,Furnished,North,Main Road,Society 6,2.0,1.0,,Freehold,5672 sqft,NA,1116 sqft
Property 1717,A nice property,32 Lac,3206040,Lucknow,1918 sqft,Resale,17,Under Construction,Furnished,South,Main Road,Society 14,4.0,1.0,1.0,Leasehold,4778 sqft,NA,NA
Property 1718,A nice property,42 Lac,4297297,Visakhapatnam,2947 sqft,Under Construction,21,Ready to Move,Furnished,South,NA,Society 42,,2.0,3.0,Leasehold,3743 sqft,NA,3878 sqft
Property 1719,A nice property,45 Lac,4512797,Pune,2652 sqft,Under Construction,Ground,Ready to Move,Furnished,East,Main Road,Society 1,4.0,0.0,2.0,Freehold,3850 sqft,NA,3825 sqft
Property 1720,A nice property,75 Lac,7556928,Visakhapatnam,1799 sqft,Ready,14,Under Construction,Furnished,North,Main Road,NA,3.0,3.0,0.0,Leasehold,3527 sqft,NA,2005 sqft
Property 1721,A nice property,43 Lac,4302183,Chandigarh,1108 sqft,Resale,17,Ready to Move,Furnished,North,Park,Society 19,4.0,0.0,0.0,Leasehold,4325 sqft,NA,3598 sqft
Property 1722,A nice property,69 Lac,6922281,Ludhiana,3017 sqft,Under Construction,2,Ready to Move,Furnished,East,NA,Society 31,1.0,2.0,2.0,Leasehold,5175 sqft,NA,3009 sqft
Property 1723,A nice property,2.1 Cr,21068929,Mumbai,2271 sqft,Under Construction,9,Under Construction,Unfurnished,South,Main Road,Society 34,3.0,,3.0,Leasehold,2499 sqft,NA,3346 sqft
Property 1724,A nice property,1.9 Cr,18698086,Delhi,864 sqft,Resale,12,Ready to Move,Semi-Furnished,West,Park,Society 46,3.0,2.0,0.0,Freehold,2579 sqft,NA,2870 sqft
Property 1725,A nice property,1.1 Cr,10694247,Mumbai,3538 sqft,Ready,8,Ready to Move,Semi-Furnished,East,Park,Society 35,2.0,3.0,,Freehold,5568 sqft,NA,537 sqft
Property 1726,A nice property,72 Lac,7220374,Jaipur,4307 sqft,Resale,2,Ready to Move,Unfurnished,South,Park,Society 14,1.0,2.0,3.0,Freehold,2690 sqft,NA,NA
Property 1727,A nice property,55 Lac,5521083,Kolkata,1439 sqft,Resale,1,Under Construction,Furnished,North,Park,Society 47,5.0,3.0,,Leasehold,5634 sqft,NA,2563 sqft
Property 1728,A nice property,88 Lac,8851705,Pune,2437 sqft,Under Construction,24,Under Construction,Semi-Furnished,South,Main Road,Society 41,,3.0,0.0,Freehold,5455 sqft,NA,NA
Property 1729,A nice property,27 Lac,2772293,Vadodara,3785 sqft,Under Construction,10,Under Construction,Semi-Furnished,North,Park,Society 48,2.0,,0.0,Leasehold,3069 sqft,NA,1348 sqft
Property 1730,A nice property,71 Lac,7119814,Ludhiana,2546 sqft,Under Construction,20,Under Construction,Furnished,West,Main Road,NA,,,0.0,Leasehold,2400 sqft,NA,NA
Property 1731,A nice property,53 Lac,5325200,Kochi,4785 sqft,Under Construction,6,Ready to Move,Furnished,West,NA,Society 5,2.0,0.0,3.0,Freehold,1286 sqft,NA,2118 sqft
Property 1732,A nice property,52 Lac,5289751,Surat,2956 sqft,Resale,16,Under Construction,Furnished,North,Park,NA,2.0,2.0,0.0,Leasehold,941 sqft,NA,4333 sqft
Property 1733,A nice property,68 Lac,6880647,Hyderabad,984 sqft,Ready,10,Under Construction,Furnished,South,Main Road,NA,5.0,,0.0,Freehold,5437 sqft,NA,2724 sqft
Property 1734,A nice property,60 Lac,6038472,Lucknow,3725 sqft,Resale,22,Under Construction,Unfurnished,West,Main Road,Society 23,4.0,2.0,,Freehold,3576 sqft,NA,NA
Property 1735,A nice property,27 Lac,2770963,Ahmedabad,3774 sqft,Ready,18,Under Construction,Semi-Furnished,North,NA,Society 33,2.0,2.0,2.0,Leasehold,1350 sqft,NA,1983 sqft
Property 1736,A nice property,43 Lac,4318207,Lucknow,4012 sqft,Ready,5,Ready to Move,Furnished,North,Park,Society 44,1.0,1.0,1.0,Freehold,5119 sqft,NA,2023 sqft
Property 1737,A nice property,98 Lac,9887127,Hyderabad,3161 sqft,Under Construction,24,Under Construction,Semi-Furnished,South,Park,Society 22,5.0,2.0,3.0,Freehold,4833 sqft,NA,1574 sqft
Property 1738,A nice property,1.4 Cr,14124128,Bangalore,1040 sqft,Resale,Ground,Under Construction,Semi-Furnished,West,Park,NA,1.0,2.0,1.0,Freehold,4865 sqft,NA,NA
Property 1739,A nice property,24 Lac,2432138,Ahmedabad,706 sqft,Under Construction,19,Under Construction,Semi-Furnished,North,Main Road,Society 7,4.0,,2.0,Leasehold,3595 sqft,NA,4428 sqft
Property 1740,A nice property,55 Lac,5557714,Surat,2658 sqft,Ready,12,Under Construction,Furnished,South,NA,Society 42,4.0,1.0,3.0,Leasehold,4344 sqft,NA,4704 sqft
Property 1741,A nice property,46 Lac,4654272,Ludhiana,2263 sqft,Resale,9,Under Construction,Furnished,South,NA,Society 20,3.0,2.0,1.0,Freehold,5180 sqft,NA,731 sqft
Property 1742,A nice property,77 Lac,7789136,Chandigarh,4229 sqft,Resale,13,Under Construction,Unfurnished,North,NA,Society 23,2.0,2.0,2.0,Leasehold,4303 sqft,NA,NA
Property 1743,A nice property,1.4 Cr,13913539,Delhi,2447 sqft,Under Construction,4,Under Construction,Semi-Furnished,South,NA,Society 13,4.0,3.0,3.0,Leasehold,5047 sqft,NA,2171 sqft
Property 1744,A nice property,1.1 Cr,11272759,Hyderabad,3612 sqft,Under Construction,24,Under Construction,Semi-Furnished,South,Park,NA,1.0,2.0,3.0,Leasehold,2230 sqft,NA,3176 sqft
Property 1745,A nice property,62 Lac,6256729,Visakhapatnam,2209 sqft,Resale,2,Under Construction,Unfurnished,North,Main Road,Society 7,1.0,,2.0,Leasehold,5036 sqft,NA,1947 sqft
Property 1746,A nice property,56 Lac,5656386,Ludhiana,2185 sqft,Under Construction,21,Ready to Move,Furnished,West,NA,Society 34,2.0,0.0,0.0,Freehold,823 sqft,NA,3492 sqft
Property 1747,A nice property,33 Lac,3366578,Vadodara,3009 sqft,Under Construction,Ground,Under Construction,Unfurnished,West,NA,Society 25,3.0,,1.0,Leasehold,5335 sqft,NA,3178 sqft
Property 1748,A nice property,1.5 Cr,15186660,Mumbai,4276 sqft,Ready,15,Ready to Move,Semi-Furnished,West,Park,Society 8,1.0,2.0,3.0,Freehold,3486 sqft,NA,2185 sqft
Property 1749,A nice property,57 Lac,5705250,Kochi,2053 sqft,Resale,Ground,Under Construction,Semi-Furnished,South,Main Road,Society 29,2.0,1.0,0.0,Freehold,4650 sqft,NA,4382 sqft
Property 1750,A nice property,62 Lac,6290934,Ghaziabad,1210 sqft,Resale,18,Under Construction,Unfurnished,North,Park,Society 3,4.0,3.0,1.0,Freehold,2175 sqft,NA,2944 sqft
Property 1751,A nice property,51 Lac,5120858,Ahmedabad,2131 sqft,Ready,10,Ready to Move,Semi-Furnished,North,NA,NA,2.0,2.0,3.0,Freehold,4875 sqft,NA,3142 sqft
Property 1752,A nice property,1.1 Cr,11025521,Pune,2023 sqft,Under Construction,25,Under Construction,Furnished,North,Main Road,Society 3,3.0,0.0,,Freehold,2684 sqft,NA,2282 sqft
Property 1753,A nice property,58 Lac,5879645,Lucknow,4809 sqft,Resale,24,Under Construction,Furnished,North,NA,NA,,2.0,1.0,Freehold,5647 sqft,NA,3993 sqft
Property 1754,A nice property,28 Lac,2809747,Surat,1577 sqft,Under Construction,5,Ready to Move,Semi-Furnished,North,NA,Society 43,3.0,2.0,0.0,Freehold,4351 sqft,NA,NA
Property 1755,A nice property,2.4 Cr,23539315,Mumbai,3690 sqft,Ready,18,Ready to Move,Semi-Furnished,West,Park,NA,1.0,,1.0,Freehold,4946 sqft,NA,NA
Property 1756,A nice property,30 Lac,3031615,Ludhiana,932 sqft,Under Construction,25,Ready to Move,Semi-Furnished,West,NA,Society 34,1.0,1.0,1.0,Leasehold,2326 sqft,NA,NA
Property 1757,A nice property,34 Lac,3492630,Nagpur,4110 sqft,Under Construction,Ground,Under Construction,Furnished,North,NA,Society 42,,,2.0,Leasehold,799 sqft,NA,NA
Property 1758,A nice property,25 Lac,2552259,Ahmedabad,2886 sqft,Resale,Ground,Under Construction,Semi-Furnished,South,Park,Society 31,1.0,3.0,1.0,Freehold,1283 sqft,NA,4100 sqft
Property 1759,A nice property,68 Lac,6825313,Ghaziabad,2764 sqft,Ready,Ground,Under Construction,Furnished,South,NA,Society 28,,3.0,,Freehold,5294 sqft,NA,NA
Property 1760,A nice property,69 Lac,6955419,Surat,1665 sqft,Ready,Ground,Ready to Move,Furnished,North,Park,NA,3.0,3.0,2.0,Freehold,5635 sqft,NA,1028 sqft
Property 1761,A nice property,67 Lac,6787677,Chennai,1918 sqft,Resale,23,Under Construction,Unfurnished,North,Park,Society 25,3.0,0.0,,Leasehold,5307 sqft,NA,NA
Property 1762,A nice property,82 Lac,8271049,Delhi,2689 sqft,Ready,14,Under Construction,Furnished,North,NA,Society 34,2.0,1.0,0.0,Leasehold,4240 sqft,NA,2102 sqft
Property 1763,A nice property,78 Lac,7822613,Kochi,646 sqft,Under Construction,14,Under Construction,Unfurnished,West,Park,Society 8,2.0,1.0,0.0,Leasehold,3660 sqft,NA,NA
Property 1764,A nice property,75 Lac,7500676,Nagpur,3307 sqft,Resale,17,Under Construction,Furnished,South,NA,NA,1.0,0.0,1.0,Leasehold,5870 sqft,NA,1197 sqft
Property 1765,A nice property,2.0 Cr,19625684,Delhi,4420 sqft,Ready,6,Ready to Move,Semi-Furnished,East,Main Road,Society 25,,,2.0,Freehold,5971 sqft,NA,NA
Property 1766,A nice property,70 Lac,7075535,Kochi,1868 sqft,Under Construction,23,Ready to Move,Unfurnished,West,NA,Society 38,4.0,,,Leasehold,5521 sqft,NA,NA
Property 1767,A nice property,27 Lac,2724683,Vadodara,927 sqft,Resale,Ground,Under Construction,Furnished,South,NA,Society 34,2.0,,3.0,Leasehold,4981 sqft,NA,NA
Property 1768,A nice property,61 Lac,6132683,Kochi,1859 sqft,Under Construction,19,Under Construction,Furnished,South,NA,Society 13,2.0,1.0,3.0,Freehold,3095 sqft,NA,4644 sqft
Property 1769,A nice property,51 Lac,5185021,Kochi,3242 sqft,Ready,23,Ready to Move,Semi-Furnished,South,Main Road,NA,5.0,2.0,2.0,Leasehold,4011 sqft,NA,NA
Property 1770,A nice property,60 Lac,6012065,Vadodara,1016 sqft,Resale,13,Ready to Move,Furnished,North,NA,NA,2.0,2.0,1.0,Freehold,5902 sqft,NA,2979 sqft
Property 1771,A nice property,80 Lac,8034934,Mumbai,3067 sqft,Resale,18,Ready to Move,Furnished,East,Main Road,Society 47,2.0,0.0,,Leasehold,845 sqft,NA,3860 sqft
Property 1772,A nice property,75 Lac,7585619,Bhopal,4618 sqft,Under Construction,Ground,Ready to Move,Furnished,South,Park,Society 2,3.0,,2.0,Freehold,4393 sqft,NA,1652 sqft
Property 1773,A nice property,61 Lac,6105870,Visakhapatnam,3533 sqft,Under Construction,Ground,Under Construction,Semi-Furnished,West,Main Road,Society 35,4.0,2.0,2.0,Leasehold,3094 sqft,NA,1705 sqft
Property 1774,A nice property,1.7 Cr,16685973,Bangalore,1197 sqft,Ready,25,Under Construction,Unfurnished,West,Park,Society 13,2.0,3.0,0.0,Freehold,3497 sqft,NA,4918 sqft
Property 1775,A nice property,20 Lac,2094857,Bhopal,3203 sqft,Resale,18,Under Construction,Semi-Furnished,East,Main Road,Society 42,4.0,3.0,3.0,Leasehold,4136 sqft,NA,2586 sqft
Property 1776,A nice property,20 Lac,2012115,Nagpur,4904 sqft,Under Construction,13,Ready to Move,Furnished,South,Park,Society 38,2.0,1.0,,Freehold,1989 sqft,NA,840 sqft
Property 1777,A nice property,30 Lac,3064998,Jaipur,2401 sqft,Resale,7,Under Construction,Furnished,North,Main Road,Society 21,5.0,,1.0,Leasehold,3316 sqft,NA,4696 sqft
Property 1778,A nice property,1.4 Cr,13746626,Mumbai,2106 sqft,Ready,6,Under Construction,Unfurnished,South,Main Road,Society 10,,1.0,1.0,Freehold,3789 sqft,NA,NA
Property 1779,A nice property,74 Lac,7424773,Nagpur,4864 sqft,Ready,19,Ready to Move,Unfurnished,West,Park,Society 16,4.0,0.0,1.0,Leasehold,5945 sqft,NA,1470 sqft
Property 1780,A nice property,1.2 Cr,12357716,Delhi,1158 sqft,Ready,17,Under Construction,Furnished,East,NA,Society 16,2.0,3.0,2.0,Freehold,4531 sqft,NA,3921 sqft
Property 1781,A nice property,68 Lac,6843758,Nagpur,4738 sqft,Ready,23,Under Construction,Furnished,North,NA,Society 38,4.0,1.0,3.0,Freehold,729 sqft,NA,1319 sqft
Property 1782,A nice property,55 Lac,5555876,Ahmedabad,1905 sqft,Ready,9,Ready to Move,Semi-Furnished,South,NA,Society 50,5.0,,3.0,Leasehold,2413 sqft,NA,NA
Property 1783,A nice property,66 Lac,6698215,Hyderabad,4007 sqft,Resale,8,Ready to Move,Furnished,East,Park,Society 11,3.0,2.0,,Leasehold,1982 sqft,NA,4712 sqft
Property 1784,A nice property,43 Lac,4320692,Ghaziabad,4999 sqft,Resale,9,Ready to Move,Unfurnished,South,Main Road,Society 25,,2.0,1.0,Freehold,4365 sqft,NA,NA
Property 1785,A nice property,45 Lac,4567619,Indore,3904 sqft,Ready,6,Under Construction,Unfurnished,North,Park,Society 10,1.0,0.0,3.0,Leasehold,1514 sqft,NA,1941 sqft
Property 1786,A nice property,91 Lac,9151129,Pune,1353 sqft,Under Construction,18,Under Construction,Furnished,North,NA,NA,3.0,,1.0,Freehold,5076 sqft,NA,2903 sqft
Property 1787,A nice property,90 Lac,9070877,Bangalore,3462 sqft,Under Construction,2,Under Construction,Furnished,East,Main Road,Society 45,1.0,0.0,2.0,Freehold,5933 sqft,NA,2101 sqft
Property 1788,A nice property,57 Lac,5711579,Nagpur,2412 sqft,Ready,9,Under Construction,Semi-Furnished,North,NA,Society 36,4.0,0.0,3.0,Leasehold,4858 sqft,NA,2977 sqft
Property 1789,A nice property,62 Lac,6242722,Vadodara,2347 sqft,Resale,Ground,Under Construction,Unfurnished,West,Park,NA,,3.0,2.0,Leasehold,4363 sqft,NA,3926 sqft
Property 1790,A nice property,44 Lac,4434549,Indore,3318 sqft,Resale,2,Ready to Move,Furnished,South,NA,Society 35,5.0,2.0,2.0,Leasehold,3621 sqft,NA,2140 sqft
Property 1791,A nice property,36 Lac,3643780,Chennai,3312 sqft,Under Construction,8,Under Construction,Semi-Furnished,East,Park,Society 28,1.0,0.0,,Freehold,4963 sqft,NA,4737 sqft
Property 1792,A nice property,20 Lac,2000653,Chandigarh,3555 sqft,Under Construction,Ground,Ready to Move,Semi-Furnished,North,Park,Society 32,3.0,1.0,1.0,Freehold,4402 sqft,NA,NA
Property 1793,A nice property,78 Lac,7866951,Visakhapatnam,3004 sqft,Resale,4,Ready to Move,Unfurnished,East,Park,Society 14,3.0,,,Leasehold,3388 sqft,NA,2327 sqft
Property 1794,A nice property,20 Lac,2089157,Chennai,2389 sqft,Under Construction,12,Under Construction,Semi-Furnished,South,Park,NA,1.0,0.0,,Freehold,1137 sqft,NA,2882 sqft
Property 1795,A nice property,71 Lac,7181153,Pune,4945 sqft,Ready,12,Under Construction,Semi-Furnished,South,Main Road,Society 13,1.0,0.0,2.0,Leasehold,5449 sqft,NA,NA
Property 1796,A nice property,1.5 Cr,15174279,Delhi,4490 sqft,Ready,23,Ready to Move,Furnished,East,Main Road,NA,3.0,3.0,0.0,Leasehold,5223 sqft,NA,1323 sqft
Property 1797,A nice property,65 Lac,6572618,Chandigarh,672 sqft,Under Construction,Ground,Ready to Move,Semi-Furnished,West,Main Road,Society 22,4.0,,0.0,Freehold,961 sqft,NA,588 sqft
Property 1798,A nice property,1.4 Cr,14337918,Bangalore,1539 sqft,Ready,5,Under Construction,Furnished,South,Park,Society 30,2.0,3.0,3.0,Leasehold,1782 sqft,NA,2474 sqft
Property 1799,A nice property,62 Lac,6200273,Lucknow,3434 sqft,Under Construction,20,Ready to Move,Semi-Furnished,North,NA,NA,5.0,,2.0,Freehold,983 sqft,NA,662 sqft
Property 1800,A nice property,73 Lac,7344607,Kolkata,4250 sqft,Resale,2,Ready to Move,Furnished,South,NA,Society 28,1.0,3.0,2.0,Leasehold,4678 sqft,NA,2440 sqft
Property 1801,A nice property,66 Lac,6670880,Bangalore,2568 sqft,Ready,1,Under Construction,Semi-Furnished,East,Main Road,Society 42,1.0,1.0,2.0,Leasehold,3496 sqft,NA,1140 sqft
Property 1802,A nice property,55 Lac,5523588,Kolkata,2597 sqft,Under Construction,Ground,Ready to Move,Unfurnished,East,Main Road,Society 21,1.0,0.0,0.0,Leasehold,1739 sqft,NA,2627 sqft
Property 1803,A nice property,1.1 Cr,10812405,Bangalore,926 sqft,Ready,9,Under Construction,Semi-Furnished,West,Main Road,NA,4.0,3.0,0.0,Leasehold,1073 sqft,NA,3921 sqft
Property 1804,A nice property,55 Lac,5553697,Indore,3229 sqft,Ready,1,Under Construction,Furnished,North,Main Road,Society 48,4.0,0.0,,Freehold,2765 sqft,NA,3570 sqft
Property 1805,A nice property,48 Lac,4856206,Lucknow,3724 sqft,Resale,25,Under Construction,Unfurnished,North,Main Road,Society 11,,1.0,3.0,Freehold,3979 sqft,NA,NA
Property 1806,A nice property,67 Lac,6731467,Kochi,1528 sqft,Resale,Ground,Ready to Move,Semi-Furnished,South,Park,Society 34,2.0,2.0,3.0,Leasehold,5495 sqft,NA,NA
Property 1807,A nice property,45 Lac,4579637,Bhopal,3761 sqft,Resale,24,Ready to Move,Unfurnished,East,Park,Society 20,2.0,2.0,2.0,Freehold,1084 sqft,NA,4214 sqft
Property 1808,A nice property,70 Lac,7006342,Vadodara,2701 sqft,Under Construction,13,Ready to Move,Semi-Furnished,South,Main Road,Society 16,3.0,2.0,3.0,Leasehold,4490 sqft,NA,NA
Property 1809,A nice property,27 Lac,2735508,Visakhapatnam,2916 sqft,Resale,Ground,Under Construction,Furnished,West,NA,NA,2.0,1.0,,Freehold,3055 sqft,NA,NA
Property 1810,A nice property,75 Lac,7525472,Jaipur,802 sqft,Resale,21,Under Construction,Semi-Furnished,North,Park,Society 13,2.0,1.0,3.0,Leasehold,2405 sqft,NA,503 sqft
Property 1811,A nice property,1.5 Cr,15068342,Bangalore,4834 sqft,Ready,18,Under Construction,Unfurnished,North,Main Road,Society 1,5.0,,3.0,Leasehold,5459 sqft,NA,3677 sqft
Property 1812,A nice property,54 Lac,5478012,Kolkata,3671 sqft,Resale,15,Ready to Move,Unfurnished,South,Main Road,Society 37,3.0,0.0,2.0,Leasehold,870 sqft,NA,4195 sqft
Property 1813,A nice property,65 Lac,6553321,Lucknow,4813 sqft,Resale,9,Ready to Move,Unfurnished,West,Park,Society 9,5.0,0.0,2.0,Leasehold,5883 sqft,NA,3991 sqft
Property 1814,A nice property,74 Lac,7415133,Nagpur,4767 sqft,Ready,21,Under Construction,Semi-Furnished,North,NA,Society 1,4.0,3.0,1.0,Freehold,3967 sqft,NA,1653 sqft
Property 1815,A nice property,1.1 Cr,11100742,Bangalore,4250 sqft,Ready,Ground,Under Construction,Semi-Furnished,South,Main Road,Society 49,3.0,,3.0,Freehold,2827 sqft,NA,NA
Property 1816,A nice property,70 Lac,7041993,Indore,4587 sqft,Ready,5,Ready to Move,Semi-Furnished,East,Main Road,Society 36,3.0,,3.0,Leasehold,5066 sqft,NA,4022 sqft
Property 1817,A nice property,74 Lac,7462051,Jaipur,959 sqft,Resale,24,Under Construction,Furnished,South,NA,Society 11,3.0,1.0,1.0,Leasehold,2759 sqft,NA,2100 sqft
Property 1818,A nice property,1.3 Cr,12576556,Hyderabad,3028 sqft,Ready,12,Under Construction,Furnished,West,Main Road,Society 31,4.0,,1.0,Freehold,4632 sqft,NA,1366 sqft
Property 1819,A nice property,60 Lac,6081607,Nagpur,2177 sqft,Under Construction,16,Under Construction,Semi-Furnished,East,Park,Society 48,3.0,2.0,,Freehold,4754 sqft,NA,4135 sqft
Property 1820,A nice property,78 Lac,7846479,Surat,3224 sqft,Resale,6,Ready to Move,Furnished,East,NA,Society 8,2.0,3.0,3.0,Leasehold,2257 sqft,NA,4204 sqft
Property 1821,A nice property,42 Lac,4279534,Bhopal,4809 sqft,Ready,6,Under Construction,Furnished,East,Main Road,NA,1.0,1.0,1.0,Freehold,5728 sqft,NA,3654 sqft
Property 1822,A nice property,70 Lac,7051783,Chandigarh,1274 sqft,Under Construction,16,Under Construction,Semi-Furnished,West,Main Road,Society 19,1.0,,0.0,Freehold,2074 sqft,NA,4525 sqft
Property 1823,A nice property,79 Lac,7958584,Bhopal,1386 sqft,Resale,Ground,Ready to Move,Unfurnished,East,NA,NA,3.0,1.0,1.0,Freehold,1039 sqft,NA,NA
Property 1824,A nice property,36 Lac,3622444,Indore,1971 sqft,Ready,10,Ready to Move,Semi-Furnished,South,NA,NA,3.0,1.0,2.0,Leasehold,1920 sqft,NA,1458 sqft
Property 1825,A nice property,78 Lac,7861767,Chennai,4968 sqft,Ready,6,Ready to Move,Unfurnished,South,Park,Society 42,4.0,2.0,3.0,Leasehold,3140 sqft,NA,1678 sqft
Property 1826,A nice property,34 Lac,3496663,Visakhapatnam,660 sqft,Resale,Ground,Under Construction,Semi-Furnished,North,Main Road,Society 25,4.0,3.0,2.0,Freehold,5853 sqft,NA,3322 sqft
Property 1827,A nice property,20 Lac,2064666,Visakhapatnam,1136 sqft,Resale,Ground,Under Construction,Furnished,East,Park,NA,5.0,,,Leasehold,2792 sqft,NA,1488 sqft
Property 1828,A nice property,37 Lac,3757583,Nagpur,2326 sqft,Ready,7,Under Construction,Semi-Furnished,North,Park,Society 4,2.0,,0.0,Leasehold,2902 sqft,NA,3243 sqft
Property 1829,A nice property,68 Lac,6876361,Kochi,2346 sqft,Ready,3,Under Construction,Furnished,South,Main Road,NA,2.0,0.0,0.0,Freehold,806 sqft,NA,509 sqft
Property 1830,A nice property,31 Lac,3184638,Jaipur,4075 sqft,Ready,15,Ready to Move,Unfurnished,North,Park,Society 10,,3.0,0.0,Leasehold,4613 sqft,NA,1342 sqft
Property 1831,A nice property,77 Lac,7799531,Delhi,1451 sqft,Resale,Ground,Ready to Move,Semi-Furnished,South,Main Road,NA,5.0,3.0,1.0,Leasehold,2629 sqft,NA,2916 sqft
Property 1832,A nice property,51 Lac,5171631,Surat,2284 sqft,Ready,Ground,Under Construction,Semi-Furnished,West,NA,Society 46,2.0,3.0,0.0,Leasehold,5905 sqft,NA,NA
Property 1833,A nice property,1.4 Cr,14276257,Delhi,4165 sqft,Under Construction,17,Ready to Move,Semi-Furnished,North,Main Road,Society 10,,2.0,3.0,Leasehold,1529 sqft,NA,2727 sqft
Property 1834,A nice property,53 Lac,5377754,Surat,1190 sqft,Ready,25,Under Construction,Semi-Furnished,West,NA,NA,3.0,1.0,,Freehold,5403 sqft,NA,4317 sqft
Property 1835,A nice property,62 Lac,6204430,Ludhiana,1859 sqft,Under Construction,Ground,Ready to Move,Unfurnished,North,NA,Society 32,5.0,3.0,,Leasehold,4663 sqft,NA,3601 sqft
Property 1836,A nice property,59 Lac,5949427,Chennai,794 sqft,Resale,13,Under Construction,Unfurnished,East,Main Road,Society 44,5.0,1.0,3.0,Leasehold,1361 sqft,NA,2804 sqft
Property 1837,A nice property,22 Lac,2215031,Vadodara,4361 sqft,Ready,4,Under Construction,Unfurnished,South,Park,Society 23,,0.0,3.0,Freehold,5135 sqft,NA,3925 sqft
Property 1838,A nice property,74 Lac,7437263,Lucknow,3317 sqft,Resale,Ground,Under Construction,Unfurnished,West,Main Road,Society 31,4.0,1.0,2.0,Freehold,5812 sqft,NA,NA
Property 1839,A nice property,77 Lac,7746615,Indore,910 sqft,Ready,21,Under Construction,Semi-Furnished,South,Main Road,Society 45,5.0,1.0,0.0,Freehold,703 sqft,NA,2910 sqft
Property 1840,A nice property,74 Lac,7473159,Hyderabad,1316 sqft,Ready,Ground,Ready to Move,Unfurnished,West,Main Road,Society 31,3.0,,2.0,Freehold,1689 sqft,NA,1561 sqft
Property 1841,A nice property,1.3 Cr,12892631,Delhi,1200 sqft,Ready,25,Ready to Move,Unfurnished,East,Park,NA,2.0,1.0,1.0,Leasehold,1253 sqft,NA,1006 sqft
Property 1842,A nice property,50 Lac,5079031,Indore,1044 sqft,Under Construction,5,Ready to Move,Unfurnished,North,Park,Society 46,2.0,,2.0,Freehold,2181 sqft,NA,3713 sqft
Property 1843,A nice property,51 Lac,5121879,Lucknow,2058 sqft,Resale,Ground,Ready to Move,Semi-Furnished,South,Park,Society 8,3.0,2.0,3.0,Freehold,1174 sqft,NA,960 sqft
Property 1844,A nice property,61 Lac,6119805,Lucknow,2663 sqft,Resale,1,Ready to Move,Unfurnished,North,NA,Society 38,3.0,3.0,2.0,Freehold,2304 sqft,NA,3204 sqft
Property 1845,A nice property,64 Lac,6456845,Chandigarh,1177 sqft,Ready,Ground,Ready to Move,Furnished,West,NA,Society 7,3.0,0.0,2.0,Leasehold,3956 sqft,NA,1814 sqft
Property 1846,A nice property,50 Lac,5087337,Ludhiana,2464 sqft,Ready,24,Under Construction,Furnished,North,Main Road,Society 46,2.0,3.0,2.0,Leasehold,4700 sqft,NA,4783 sqft
Property 1847,A nice property,44 Lac,4407084,Surat,2718 sqft,Ready,Ground,Ready to Move,Semi-Furnished,West,NA,Society 23,,1.0,2.0,Leasehold,2172 sqft,NA,1449 sqft
Property 1848,A nice property,47 Lac,4748773,Chennai,3939 sqft,Under Construction,Ground,Ready to Move,Unfurnished,West,Park,Society 26,3.0,0.0,1.0,Leasehold,5700 sqft,NA,NA
Property 1849,A nice property,60 Lac,6061021,Chandigarh,3778 sqft,Under Construction,5,Under Construction,Unfurnished,North,Park,Society 27,4.0,3.0,,Freehold,1289 sqft,NA,4002 sqft
Property 1850,A nice property,79 Lac,7915423,Nagpur,4295 sqft,Resale,19,Under Construction,Furnished,West,NA,Society 39,4.0,0.0,2.0,Leasehold,3934 sqft,NA,2270 sqft
Property 1851,A nice property,78 Lac,7818770,Chandigarh,3913 sqft,Resale,Ground,Under Construction,Furnished,South,NA,Society 44,1.0,0.0,2.0,Freehold,5765 sqft,NA,NA
Property 1852,A nice property,1.2 Cr,12484755,Bangalore,4147 sqft,Under Construction,Ground,Under Construction,Semi-Furnished,South,Park,Society 16,2.0,3.0,3.0,Leasehold,5862 sqft,NA,NA
Property 1853,A nice property,47 Lac,4720403,Nagpur,3191 sqft,Under Construction,16,Ready to Move,Unfurnished,South,Main Road,NA,5.0,2.0,,Leasehold,2769 sqft,NA,3440 sqft
Property 1854,A nice property,37 Lac,3798213,Ludhiana,738 sqft,Ready,2,Under Construction,Unfurnished,East,NA,Society 2,2.0,0.0,2.0,Leasehold,1726 sqft,NA,3488 sqft
Property 1855,A nice property,20 Lac,2035707,Surat,3790 sqft,Resale,9,Ready to Move,Furnished,North,Main Road,NA,,2.0,,Freehold,4251 sqft,NA,1385 sqft
Property 1856,A nice property,68 Lac,6865302,Jaipur,1569 sqft,Resale,4,Ready to Move,Furnished,East,NA,Society 10,3.0,3.0,3.0,Freehold,1376 sqft,NA,NA
Property 1857,A nice property,84 Lac,8404372,Bangalore,4981 sqft,Resale,2,Under Construction,Unfurnished,East,Main Road,NA,2.0,0.0,2.0,Freehold,5931 sqft,NA,4318 sqft
Property 1858,A nice property,93 Lac,9373164,Delhi,648 sqft,Ready,10,Under Construction,Unfurnished,East,NA,Society 19,3.0,2.0,1.0,Freehold,3913 sqft,NA,4696 sqft
Property 1859,A nice property,55 Lac,5511052,Bhopal,1118 sqft,Under Construction,14,Under Construction,Unfurnished,South,NA,Society 44,1.0,1.0,,Freehold,4100 sqft,NA,3709 sqft
Property 1860,A nice property,44 Lac,4414824,Nagpur,972 sqft,Ready,8,Ready to Move,Semi-Furnished,North,NA,Society 46,,1.0,2.0,Freehold,4143 sqft,NA,NA
Property 1861,A nice property,37 Lac,3720699,Kochi,1194 sqft,Ready,14,Under Construction,Furnished,South,Park,Society 50,5.0,2.0,3.0,Freehold,2949 sqft,NA,1712 sqft
Property 1862,A nice property,21 Lac,2151544,Chennai,3530 sqft,Resale,12,Under Construction,Furnished,East,NA,Society 13,3.0,3.0,0.0,Leasehold,4660 sqft,NA,2709 sqft
Property 1863,A nice property,2.5 Cr,24954043,Mumbai,4719 sqft,Ready,8,Ready to Move,Semi-Furnished,North,Park,Society 12,5.0,2.0,0.0,Leasehold,1242 sqft,NA,3834 sqft
Property 1864,A nice property,53 Lac,5372750,Pune,1469 sqft,Under Construction,Ground,Under Construction,Semi-Furnished,South,NA,NA,1.0,3.0,3.0,Leasehold,939 sqft,NA,3819 sqft
Property 1865,A nice property,38 Lac,3866462,Ludhiana,2974 sqft,Ready,22,Ready to Move,Semi-Furnished,North,Park,NA,1.0,,3.0,Leasehold,4703 sqft,NA,4574 sqft
Property 1866,A nice property,30 Lac,3081844,Chandigarh,3068 sqft,Ready,Ground,Ready to Move,Unfurnished,North,Park,NA,2.0,3.0,1.0,Leasehold,5395 sqft,NA,4280 sqft
Property 1867,A nice property,85 Lac,8518191,Bangalore,1308 sqft,Under Construction,Ground,Ready to Move,Unfurnished,North,NA,Society 40,2.0,0.0,,Freehold,2501 sqft,NA,NA
Property 1868,A nice property,64 Lac,6407564,Pune,2906 sqft,Ready,6,Under Construction,Unfurnished,East,Park,Society 30,5.0,1.0,,Freehold,3539 sqft,NA,NA
Property 1869,A nice property,1.1 Cr,10805112,Delhi,4185 sqft,Under Construction,Ground,Under Construction,Furnished,West,NA,NA,4.0,2.0,0.0,Leasehold,2198 sqft,NA,2238 sqft
Property 1870,A nice property,58 Lac,5862910,Ahmedabad,3724 sqft,Ready,10,Ready to Move,Furnished,West,Main Road,Society 31,,2.0,2.0,Freehold,4328 sqft,NA,NA
Property 1871,A nice property,51 Lac,5109168,Nagpur,3836 sqft,Resale,20,Under Construction,Furnished,West,Main Road,Society 27,2.0,2.0,2.0,Freehold,3498 sqft,NA,3226 sqft
Property 1872,A nice property,21 Lac,2159877,Nagpur,852 sqft,Under Construction,12,Ready to Move,Semi-Furnished,East,Main Road,NA,4.0,1.0,0.0,Leasehold,4143 sqft,NA,2099 sqft
Property 1873,A nice property,41 Lac,4170000,Bhopal,4482 sqft,Resale,Ground,Under Construction,Furnished,West,NA,NA,1.0,2.0,3.0,Freehold,3703 sqft,NA,3525 sqft
Property 1874,A nice property,26 Lac,2637744,Ghaziabad,1880 sqft,Ready,Ground,Under Construction,Semi-Furnished,East,Main Road,Society 41,5.0,0.0,2.0,Freehold,1807 sqft,NA,NA
Property 1875,A nice property,83 Lac,8317330,Bangalore,4970 sqft,Under Construction,Ground,Ready to Move,Unfurnished,North,Park,Society 6,5.0,3.0,2.0,Leasehold,904 sqft,NA,4771 sqft
Property 1876,A nice property,33 Lac,3372606,Ludhiana,2401 sqft,Ready,6,Under Construction,Unfurnished,East,Main Road,Society 22,2.0,1.0,0.0,Freehold,5154 sqft,NA,4616 sqft
Property 1877,A nice property,1.1 Cr,10572652,Pune,1717 sqft,Resale,11,Ready to Move,Unfurnished,West,Park,NA,,1.0,2.0,Freehold,2731 sqft,NA,NA
Property 1878,A nice property,52 Lac,5298694,Chandigarh,3803 sqft,Ready,22,Ready to Move,Furnished,East,Main Road,Society 3,4.0,0.0,1.0,Freehold,1571 sqft,NA,2659 sqft
Property 1879,A nice property,45 Lac,4566150,Nagpur,3016 sqft,Ready,22,Ready to Move,Furnished,East,NA,NA,1.0,0.0,1.0,Leasehold,2279 sqft,NA,2428 sqft
Property 1880,A nice property,40 Lac,4000939,Nagpur,1780 sqft,Ready,20,Ready to Move,Semi-Furnished,East,Main Road,Society 10,2.0,3.0,3.0,Freehold,793 sqft,NA,NA
Property 1881,A nice property,78 Lac,7806715,Chandigarh,3041 sqft,Resale,Ground,Under Construction,Unfurnished,West,Main Road,Society 2,5.0,0.0,,Leasehold,742 sqft,NA,4282 sqft
Property 1882,A nice property,1.8 Cr,18384043,Delhi,3656 sqft,Resale,4,Ready to Move,Unfurnished,South,Park,Society 9,4.0,0.0,,Leasehold,1316 sqft,NA,NA
Property 1883,A nice property,51 Lac,5132743,Ghaziabad,691 sqft,Under Construction,16,Ready to Move,Semi-Furnished,South,Park,Society 36,5.0,2.0,1.0,Freehold,3864 sqft,NA,3164 sqft
Property 1884,A nice property,35 Lac,3550724,Pune,1758 sqft,Ready,9,Ready to Move,Unfurnished,East,NA,Society 14,1.0,0.0,0.0,Freehold,1355 sqft,NA,2766 sqft
Property 1885,A nice property,67 Lac,6798242,Kochi,1609 sqft,Ready,Ground,Ready to Move,Furnished,West,Park,Society 30,3.0,1.0,3.0,Leasehold,5906 sqft,NA,2174 sqft
Property 1886,A nice property,43 Lac,4359257,Nagpur,942 sqft,Under Construction,3,Ready to Move,Furnished,North,Park,Society 39,1.0,0.0,1.0,Freehold,4999 sqft,NA,NA
Property 1887,A nice property,46 Lac,4644090,Bhopal,641 sqft,Ready,5,Under Construction,Unfurnished,South,Park,Society 36,2.0,2.0,1.0,Leasehold,2512 sqft,NA,NA
Property 1888,A nice property,51 Lac,5102679,Indore,3828 sqft,Ready,5,Ready to Move,Unfurnished,East,Park,Society 14,4.0,0.0,2.0,Leasehold,2162 sqft,NA,2296 sqft
Property 1889,A nice property,74 Lac,7426318,Jaipur,5000 sqft,Ready,13,Under Construction,Unfurnished,West,Main Road,Society 19,5.0,2.0,3.0,Leasehold,1442 sqft,NA,1472 sqft
Property 1890,A nice property,74 Lac,7404763,Ahmedabad,1297 sqft,Ready,16,Under Construction,Furnished,West,Park,Society 46,2.0,,0.0,Freehold,3407 sqft,NA,1083 sqft
Property 1891,A nice property,1.1 Cr,11441169,Hyderabad,3096 sqft,Ready,Ground,Ready to Move,Furnished,North,Main Road,Society 32,5.0,2.0,1.0,Freehold,1997 sqft,NA,3039 sqft
Property 1892,A nice property,1.6 Cr,15798528,Mumbai,2320 sqft,Resale,14,Ready to Move,Furnished,North,Park,Society 39,5.0,3.0,0.0,Leasehold,5359 sqft,NA,NA
Property 1893,A nice property,28 Lac,2822459,Chennai,3416 sqft,Resale,Ground,Ready to Move,Semi-Furnished,North,Main Road,NA,1.0,3.0,0.0,Leasehold,1082 sqft,NA,NA
Property 1894,A nice property,44 Lac,4403086,Visakhapatnam,2334 sqft,Resale,3,Under Construction,Semi-Furnished,North,NA,Society 26,3.0,2.0,3.0,Leasehold,1186 sqft,NA,3788 sqft
Property 1895,A nice property,67 Lac,6782428,Kochi,3980 sqft,Under Construction,5,Ready to Move,Unfurnished,North,Main Road,Society 6,5.0,,2.0,Freehold,4732 sqft,NA,3689 sqft
Property 1896,A nice property,32 Lac,3264095,Bhopal,4798 sqft,Under Construction,13,Under Construction,Unfurnished,North,NA,Society 25,2.0,2.0,1.0,Freehold,3118 sqft,NA,1668 sqft
Property 1897,A nice property,75 Lac,7532258,Vadodara,1766 sqft,Resale,16,Under Construction,Unfurnished,North,Park,Society 46,,3.0,3.0,Freehold,1269 sqft,NA,3455 sqft
Property 1898,A nice property,1.1 Cr,11112670,Hyderabad,1918 sqft,Under Construction,23,Ready to Move,Semi-Furnished,South,Main Road,Society 27,5.0,,3.0,Leasehold,3839 sqft,NA,770 sqft
Property 1899,A nice property,55 Lac,5539046,Jaipur,2107 sqft,Resale,Ground,Ready to Move,Unfurnished,North,Park,Society 25,,3.0,3.0,Freehold,3792 sqft,NA,3531 sqft
Property 1900,A nice property,34 Lac,3487431,Jaipur,2408 sqft,Ready,21,Under Construction,Unfurnished,West,NA,Society 44,,0.0,3.0,Leasehold,2893 sqft,NA,4472 sqft
Property 1901,A nice property,32 Lac,3220446,Chandigarh,2670 sqft,Ready,21,Ready to Move,Semi-Furnished,South,NA,Society 10,5.0,0.0,1.0,Freehold,2426 sqft,NA,4311 sqft
Property 1902,A nice property,75 Lac,7517091,Kolkata,2191 sqft,Ready,Ground,Ready to Move,Furnished,North,Main Road,NA,5.0,3.0,3.0,Leasehold,1008 sqft,NA,NA
Property 1903,A nice property,41 Lac,4124303,Ludhiana,1538 sqft,Resale,18,Under Construction,Unfurnished,West,NA,Society 32,3.0,1.0,3.0,Freehold,5204 sqft,NA,NA
Property 1904,A nice property,61 Lac,6121425,Lucknow,2085 sqft,Under Construction,18,Ready to Move,Unfurnished,West,Park,Society 43,3.0,2.0,3.0,Freehold,3794 sqft,NA,2560 sqft
Property 1905,A nice property,56 Lac,5677507,Visakhapatnam,1045 sqft,Resale,18,Under Construction,Unfurnished,East,Main Road,Society 24,3.0,0.0,2.0,Leasehold,898 sqft,NA,NA
Property 1906,A nice property,55 Lac,5594271,Kolkata,4378 sqft,Under Construction,Ground,Ready to Move,Semi-Furnished,North,Park,NA,3.0,2.0,0.0,Leasehold,3131 sqft,NA,2396 sqft
Property 1907,A nice property,40 Lac,4040951,Hyderabad,1199 sqft,Under Construction,19,Under Construction,Unfurnished,West,NA,Society 20,1.0,0.0,0.0,Leasehold,1915 sqft,NA,4209 sqft
Property 1908,A nice property,68 Lac,6879514,Pune,2981 sqft,Ready,17,Ready to Move,Unfurnished,South,Park,Society 22,5.0,1.0,2.0,Freehold,5256 sqft,NA,NA
Property 1909,A nice property,1.4 Cr,14318655,Delhi,1151 sqft,Ready,23,Under Construction,Unfurnished,West,Park,Society 38,2.0,3.0,2.0,Freehold,2626 sqft,NA,4117 sqft
Property 1910,A nice property,32 Lac,3276921,Chandigarh,2653 sqft,Resale,Ground,Ready to Move,Furnished,North,NA,Society 47,2.0,3.0,3.0,Leasehold,1489 sqft,NA,4501 sqft
Property 1911,A nice property,77 Lac,7707259,Chennai,1404 sqft,Resale,3,Under Construction,Semi-Furnished,North,NA,Society 9,3.0,2.0,3.0,Leasehold,3958 sqft,NA,503 sqft
Property 1912,A nice property,62 Lac,6213721,Chandigarh,2217 sqft,Ready,1,Under Construction,Semi-Furnished,North,NA,Society 3,2.0,0.0,,Leasehold,4720 sqft,NA,3737 sqft
Property 1913,A nice property,59 Lac,5996373,Delhi,4591 sqft,Resale,1,Under Construction,Furnished,East,Main Road,Society 45,4.0,0.0,0.0,Leasehold,1849 sqft,NA,NA
Property 1914,A nice property,60 Lac,6037315,Indore,3310 sqft,Ready,16,Ready to Move,Furnished,West,Main Road,Society 44,5.0,1.0,0.0,Freehold,2438 sqft,NA,1306 sqft
Property 1915,A nice property,25 Lac,2589445,Nagpur,3525 sqft,Resale,Ground,Ready to Move,Semi-Furnished,North,Park,Society 2,4.0,0.0,1.0,Leasehold,1770 sqft,NA,2817 sqft
Property 1916,A nice property,60 Lac,6021093,Delhi,1650 sqft,Under Construction,Ground,Under Construction,Semi-Furnished,South,NA,Society 43,,3.0,1.0,Leasehold,3163 sqft,NA,1889 sqft
Property 1917,A nice property,24 Lac,2410678,Vadodara,2521 sqft,Resale,12,Ready to Move,Unfurnished,North,Main Road,NA,3.0,1.0,1.0,Leasehold,3829 sqft,NA,NA
Property 1918,A nice property,32 Lac,3212053,Vadodara,1419 sqft,Ready,25,Ready to Move,Unfurnished,North,NA,Society 48,5.0,1.0,1.0,Leasehold,2765 sqft,NA,NA
Property 1919,A nice property,41 Lac,4139663,Lucknow,2935 sqft,Resale,Ground,Ready to Move,Unfurnished,East,Park,Society 2,5.0,0.0,3.0,Freehold,3000 sqft,NA,3843 sqft
Property 1920,A nice property,46 Lac,4651851,Lucknow,1171 sqft,Under Construction,5,Ready to Move,Unfurnished,North,Park,Society 38,5.0,0.0,2.0,Leasehold,4584 sqft,NA,842 sqft
Property 1921,A nice property,64 Lac,6409202,Chennai,2185 sqft,Under Construction,Ground,Ready to Move,Semi-Furnished,West,NA,NA,5.0,,0.0,Freehold,1647 sqft,NA,1012 sqft
Property 1922,A nice property,64 Lac,6430674,Chennai,3203 sqft,Under Construction,14,Ready to Move,Furnished,North,Main Road,Society 18,4.0,1.0,3.0,Leasehold,1012 sqft,NA,4705 sqft
Property 1923,A nice property,76 Lac,7678887,Nagpur,4580 sqft,Ready,8,Ready to Move,Semi-Furnished,South,Main Road,Society 10,5.0,,0.0,Freehold,3819 sqft,NA,1741 sqft
Property 1924,A nice property,55 Lac,5595147,Kochi,4291 sqft,Resale,5,Under Construction,Semi-Furnished,North,Main Road,Society 8,3.0,2.0,2.0,Freehold,1095 sqft,NA,1675 sqft
Property 1925,A nice property,42 Lac,4288710,Ahmedabad,3289 sqft,Ready,23,Under Construction,Unfurnished,West,Main Road,Society 42,3.0,1.0,3.0,Leasehold,3923 sqft,NA,NA
Property 1926,A nice property,58 Lac,5899276,Hyderabad,3104 sqft,Ready,13,Under Construction,Furnished,West,NA,Society 4,2.0,,,Leasehold,1202 sqft,NA,2225 sqft
Property 1927,A nice property,72 Lac,7276109,Kolkata,1848 sqft,Ready,23,Under Construction,Semi-Furnished,North,Park,Society 45,4.0,2.0,2.0,Freehold,4223 sqft,NA,535 sqft
Property 1928,A nice property,1.1 Cr,11214571,Pune,3585 sqft,Resale,Ground,Ready to Move,Furnished,South,Main Road,Society 16,5.0,2.0,3.0,Leasehold,4420 sqft,NA,3415 sqft
Property 1929,A nice property,74 Lac,7496573,Ahmedabad,3191 sqft,Ready,23,Ready to Move,Semi-Furnished,North,Main Road,Society 27,,,2.0,Leasehold,5974 sqft,NA,1267 sqft
Property 1930,A nice property,69 Lac,6928616,Visakhapatnam,4108 sqft,Resale,19,Ready to Move,Unfurnished,West,NA,Society 14,3.0,1.0,,Freehold,2640 sqft,NA,2603 sqft
Property 1931,A nice property,1.6 Cr,16029199,Mumbai,1981 sqft,Under Construction,20,Under Construction,Furnished,South,Park,Society 46,2.0,0.0,2.0,Leasehold,4725 sqft,NA,NA
Property 1932,A nice property,70 Lac,7014850,Nagpur,639 sqft,Resale,Ground,Under Construction,Semi-Furnished,East,NA,Society 13,1.0,3.0,0.0,Leasehold,4412 sqft,NA,NA
Property 1933,A nice property,70 Lac,7058357,Vadodara,3165 sqft,Resale,12,Under Construction,Unfurnished,North,Main Road,Society 6,2.0,,3.0,Freehold,5028 sqft,NA,949 sqft
Property 1934,A nice property,52 Lac,5264353,Ghaziabad,2616 sqft,Ready,8,Ready to Move,Furnished,North,Park,Society 4,,1.0,3.0,Leasehold,5055 sqft,NA,NA
Property 1935,A nice property,71 Lac,7138936,Nagpur,2414 sqft,Under Construction,19,Under Construction,Semi-Furnished,East,NA,Society 38,1.0,3.0,,Freehold,5767 sqft,NA,NA
Property 1936,A nice property,60 Lac,6012581,Chandigarh,4172 sqft,Resale,Ground,Ready to Move,Semi-Furnished,East,NA,NA,4.0,1.0,2.0,Leasehold,2047 sqft,NA,2471 sqft
Property 1937,A nice property,70 Lac,7058711,Vadodara,2866 sqft,Resale,25,Ready to Move,Furnished,East,NA,Society 38,4.0,3.0,,Freehold,1293 sqft,NA,2038 sqft
Property 1938,A nice property,76 Lac,7603905,Pune,3544 sqft,Ready,24,Under Construction,Semi-Furnished,West,Main Road,Society 36,,3.0,0.0,Freehold,2794 sqft,NA,728 sqft
Property 1939,A nice property,75 Lac,7520018,Ludhiana,1700 sqft,Under Construction,17,Under Construction,Semi-Furnished,East,Main Road,Society 8,2.0,2.0,1.0,Leasehold,1701 sqft,NA,4551 sqft
Property 1940,A nice property,2.0 Cr,19652773,Delhi,3316 sqft,Ready,10,Under Construction,Unfurnished,South,NA,Society 20,1.0,1.0,3.0,Freehold,5151 sqft,NA,2899 sqft
Property 1941,A nice property,1.8 Cr,17697557,Delhi,4531 sqft,Ready,24,Ready to Move,Semi-Furnished,West,Park,Society 35,1.0,1.0,3.0,Freehold,1665 sqft,NA,4957 sqft
Property 1942,A nice property,73 Lac,7365788,Lucknow,4391 sqft,Ready,21,Under Construction,Furnished,South,NA,Society 12,5.0,0.0,,Freehold,1022 sqft,NA,1617 sqft
Property 1943,A nice property,38 Lac,3877721,Bhopal,4248 sqft,Ready,10,Under Construction,Furnished,North,Main Road,Society 15,5.0,2.0,0.0,Freehold,1191 sqft,NA,NA
Property 1944,A nice property,71 Lac,7140636,Visakhapatnam,3538 sqft,Resale,2,Under Construction,Semi-Furnished,South,Park,Society 18,2.0,,1.0,Freehold,4461 sqft,NA,2226 sqft
Property 1945,A nice property,37 Lac,3703445,Kochi,3102 sqft,Under Construction,Ground,Ready to Move,Semi-Furnished,North,NA,NA,5.0,,0.0,Leasehold,2018 sqft,NA,NA
Property 1946,A nice property,40 Lac,4061677,Surat,4589 sqft,Under Construction,25,Under Construction,Furnished,North,NA,Society 39,1.0,0.0,1.0,Leasehold,5681 sqft,NA,4956 sqft
Property 1947,A nice property,62 Lac,6240212,Surat,1491 sqft,Ready,6,Under Construction,Unfurnished,West,Park,Society 40,2.0,0.0,2.0,Freehold,908 sqft,NA,NA
Property 1948,A nice property,36 Lac,3641580,Ghaziabad,2039 sqft,Ready,14,Ready to Move,Semi-Furnished,South,Park,Society 40,5.0,3.0,1.0,Freehold,4826 sqft,NA,NA
Property 1949,A nice property,1.7 Cr,17154202,Delhi,1271 sqft,Resale,15,Ready to Move,Unfurnished,East,Main Road,Society 4,2.0,,,Leasehold,2807 sqft,NA,NA
Property 1950,A nice property,67 Lac,6786973,Pune,2898 sqft,Ready,9,Under Construction,Furnished,East,Main Road,Society 46,3.0,1.0,1.0,Leasehold,4557 sqft,NA,844 sqft
Property 1951,A nice property,64 Lac,6420647,Indore,1746 sqft,Ready,Ground,Under Construction,Unfurnished,West,Park,Society 29,1.0,,1.0,Freehold,5784 sqft,NA,2883 sqft
Property 1952,A nice property,1.2 Cr,12484445,Delhi,2209 sqft,Resale,23,Ready to Move,Furnished,West,NA,Society 6,2.0,,3.0,Leasehold,5066 sqft,NA,934 sqft
Property 1953,A nice property,56 Lac,5603508,Chandigarh,2756 sqft,Under Construction,6,Under Construction,Furnished,West,Park,Society 27,,1.0,3.0,Leasehold,1080 sqft,NA,2913 sqft
Property 1954,A nice property,66 Lac,6646581,Chandigarh,1226 sqft,Under Construction,3,Under Construction,Furnished,East,Park,Society 35,2.0,,0.0,Leasehold,1557 sqft,NA,837 sqft
Property 1955,A nice property,62 Lac,6298058,Kochi,1217 sqft,Ready,5,Ready to Move,Semi-Furnished,West,Main Road,Society 2,4.0,2.0,2.0,Leasehold,1478 sqft,NA,901 sqft
Property 1956,A nice property,37 Lac,3763713,Nagpur,752 sqft,Under Construction,13,Ready to Move,Unfurnished,North,Park,Society 6,2.0,3.0,0.0,Leasehold,4436 sqft,NA,2586 sqft
Property 1957,A nice property,1.0 Cr,10186685,Pune,4754 sqft,Under Construction,8,Ready to Move,Semi-Furnished,South,NA,NA,3.0,3.0,2.0,Freehold,1199 sqft,NA,2654 sqft
Property 1958,A nice property,63 Lac,6378885,Vadodara,855 sqft,Under Construction,24,Ready to Move,Unfurnished,North,Park,NA,3.0,1.0,1.0,Leasehold,3524 sqft,NA,NA
Property 1959,A nice property,68 Lac,6872548,Ghaziabad,3918 sqft,Resale,Ground,Ready to Move,Unfurnished,North,Main Road,Society 34,3.0,2.0,3.0,Leasehold,3900 sqft,NA,3499 sqft
Property 1960,A nice property,64 Lac,6440264,Chennai,2342 sqft,Under Construction,3,Ready to Move,Semi-Furnished,East,Main Road,NA,2.0,2.0,0.0,Leasehold,2923 sqft,NA,2491 sqft
Property 1961,A nice property,60 Lac,6010742,Pune,900 sqft,Ready,Ground,Ready to Move,Semi-Furnished,South,Main Road,Society 49,1.0,2.0,1.0,Leasehold,4508 sqft,NA,NA
Property 1962,A nice property,48 Lac,4898246,Surat,2734 sqft,Ready,11,Ready to Move,Semi-Furnished,South,Park,Society 50,2.0,0.0,,Freehold,5924 sqft,NA,1472 sqft
Property 1963,A nice property,63 Lac,6301054,Kochi,4467 sqft,Resale,13,Under Construction,Semi-Furnished,West,NA,Society 45,4.0,,2.0,Freehold,4210 sqft,NA,NA
Property 1964,A nice property,80 Lac,8059576,Bangalore,1817 sqft,Ready,Ground,Ready to Move,Unfurnished,South,Main Road,Society 50,3.0,2.0,0.0,Leasehold,3411 sqft,NA,2092 sqft
Property 1965,A nice property,1.2 Cr,11506325,Hyderabad,3596 sqft,Resale,12,Ready to Move,Furnished,West,NA,Society 1,5.0,2.0,3.0,Freehold,5118 sqft,NA,2414 sqft
Property 1966,A nice property,37 Lac,3764909,Kochi,3815 sqft,Ready,7,Ready to Move,Semi-Furnished,East,Park,Society 46,1.0,1.0,2.0,Leasehold,5859 sqft,NA,NA
Property 1967,A nice property,1.1 Cr,10775996,Pune,2429 sqft,Ready,4,Under Construction,Unfurnished,West,NA,Society 6,3.0,0.0,3.0,Freehold,3734 sqft,NA,NA
Property 1968,A nice property,65 Lac,6517448,Lucknow,2983 sqft,Ready,20,Under Construction,Semi-Furnished,West,NA,NA,3.0,2.0,2.0,Leasehold,4423 sqft,NA,4218 sqft
Property 1969,A nice property,28 Lac,2859800,Chennai,1696 sqft,Under Construction,11,Under Construction,Furnished,West,NA,Society 36,1.0,3.0,0.0,Freehold,3687 sqft,NA,1744 sqft
Property 1970,A nice property,51 Lac,5178386,Chennai,4406 sqft,Resale,10,Ready to Move,Semi-Furnished,South,Main Road,Society 44,2.0,2.0,3.0,Freehold,4385 sqft,NA,NA
Property 1971,A nice property,49 Lac,4924206,Indore,4705 sqft,Ready,4,Under Construction,Unfurnished,North,Park,Society 16,,1.0,1.0,Freehold,5554 sqft,NA,4852 sqft
Property 1972,A nice property,35 Lac,3514460,Ahmedabad,4781 sqft,Ready,20,Ready to Move,Furnished,East,Main Road,NA,4.0,1.0,0.0,Freehold,874 sqft,NA,3636 sqft
Property 1973,A nice property,31 Lac,3191607,Nagpur,1341 sqft,Ready,10,Ready to Move,Furnished,North,Park,Society 32,2.0,2.0,1.0,Leasehold,2545 sqft,NA,4053 sqft
Property 1974,A nice property,40 Lac,4092745,Kochi,3850 sqft,Resale,7,Ready to Move,Unfurnished,South,Park,Society 39,3.0,,0.0,Leasehold,2542 sqft,NA,1851 sqft
Property 1975,A nice property,47 Lac,4790228,Lucknow,3580 sqft,Under Construction,2,Ready to Move,Furnished,South,Main Road,Society 33,3.0,,,Leasehold,3964 sqft,NA,NA
Property 1976,A nice property,56 Lac,5623190,Delhi,4713 sqft,Resale,3,Under Construction,Furnished,West,Park,Society 9,4.0,2.0,2.0,Leasehold,5848 sqft,NA,3581 sqft
Property 1977,A nice property,61 Lac,6120109,Jaipur,686 sqft,Resale,Ground,Ready to Move,Unfurnished,North,NA,NA,1.0,1.0,3.0,Leasehold,4477 sqft,NA,4768 sqft
Property 1978,A nice property,73 Lac,7326597,Kolkata,2556 sqft,Under Construction,19,Ready to Move,Semi-Furnished,North,Main Road,Society 8,1.0,1.0,,Leasehold,3323 sqft,NA,1195 sqft
Property 1979,A nice property,70 Lac,7060092,Vadodara,1958 sqft,Under Construction,Ground,Ready to Move,Furnished,North,Main Road,Society 9,2.0,2.0,2.0,Leasehold,5887 sqft,NA,723 sqft
Property 1980,A nice property,79 Lac,7962960,Jaipur,4811 sqft,Ready,2,Under Construction,Unfurnished,East,Park,Society 39,5.0,2.0,3.0,Leasehold,5525 sqft,NA,997 sqft
Property 1981,A nice property,74 Lac,7453153,Pune,1749 sqft,Resale,10,Ready to Move,Semi-Furnished,West,NA,Society 27,,1.0,0.0,Leasehold,2989 sqft,NA,2429 sqft
Property 1982,A nice property,60 Lac,6025880,Lucknow,4255 sqft,Resale,12,Under Construction,Furnished,West,Main Road,Society 23,4.0,2.0,1.0,Leasehold,4707 sqft,NA,NA
Property 1983,A nice property,65 Lac,6558537,Ludhiana,1904 sqft,Under Construction,13,Under Construction,Semi-Furnished,West,Main Road,Society 49,1.0,1.0,0.0,Leasehold,5641 sqft,NA,3769 sqft
Property 1984,A nice property,61 Lac,6114514,Vadodara,2067 sqft,Ready,11,Under Construction,Semi-Furnished,North,Park,Society 26,3.0,0.0,,Leasehold,1380 sqft,NA,NA
Property 1985,A nice property,89 Lac,8906478,Delhi,1797 sqft,Ready,24,Under Construction,Semi-Furnished,East,Park,Society 28,,3.0,2.0,Freehold,869 sqft,NA,551 sqft
Property 1986,A nice property,72 Lac,7299947,Kochi,4560 sqft,Under Construction,5,Under Construction,Unfurnished,East,Main Road,Society 7,1.0,3.0,,Freehold,5476 sqft,NA,NA
Property 1987,A nice property,50 Lac,5019136,Chennai,3539 sqft,Ready,4,Ready to Move,Semi-Furnished,North,NA,Society 31,2.0,0.0,2.0,Leasehold,5762 sqft,NA,3415 sqft
Property 1988,A nice property,31 Lac,3116267,Ghaziabad,931 sqft,Ready,24,Ready to Move,Semi-Furnished,North,Park,Society 9,5.0,3.0,0.0,Leasehold,5769 sqft,NA,3092 sqft
Property 1989,A nice property,29 Lac,2956353,Ghaziabad,2392 sqft,Ready,17,Under Construction,Furnished,North,NA,Society 35,1.0,2.0,0.0,Leasehold,5483 sqft,NA,3430 sqft
Property 1990,A nice property,39 Lac,3920531,Pune,4594 sqft,Resale,Ground,Ready to Move,Semi-Furnished,North,Main Road,Society 14,3.0,2.0,0.0,Freehold,5826 sqft,NA,2715 sqft
Property 1991,A nice property,51 Lac,5161671,Chennai,2498 sqft,Under Construction,19,Under Construction,Semi-Furnished,West,Main Road,Society 16,5.0,2.0,0.0,Freehold,2481 sqft,NA,1069 sqft
Property 1992,A nice property,63 Lac,6331993,Ludhiana,1114 sqft,Ready,16,Ready to Move,Unfurnished,West,Main Road,Society 34,2.0,3.0,,Leasehold,4657 sqft,NA,2050 sqft
Property 1993,A nice property,41 Lac,4144560,Ludhiana,2765 sqft,Under Construction,2,Ready to Move,Semi-Furnished,West,Main Road,Society 43,3.0,3.0,3.0,Freehold,5035 sqft,NA,4197 sqft
Property 1994,A nice property,70 Lac,7006560,Indore,3626 sqft,Ready,5,Under Construction,Semi-Furnished,North,NA,Society 6,3.0,2.0,0.0,Leasehold,3013 sqft,NA,4787 sqft
Property 1995,A nice property,53 Lac,5387950,Ghaziabad,2517 sqft,Ready,3,Ready to Move,Semi-Furnished,East,Main Road,Society 26,3.0,2.0,2.0,Leasehold,5123 sqft,NA,3712 sqft
Property 1996,A nice property,65 Lac,6511379,Bangalore,950 sqft,Under Construction,Ground,Under Construction,Unfurnished,North,NA,Society 41,1.0,1.0,,Freehold,3994 sqft,NA,636 sqft
Property 1997,A nice property,1.5 Cr,14609232,Mumbai,2293 sqft,Resale,23,Ready to Move,Semi-Furnished,North,Park,NA,4.0,,2.0,Freehold,3276 sqft,NA,2396 sqft
Property 1998,A nice property,84 Lac,8499922,Delhi,4842 sqft,Under Construction,7,Ready to Move,Semi-Furnished,East,Main Road,Society 12,3.0,0.0,,Freehold,2029 sqft,NA,2649 sqft
Property 1999,A nice property,1.1 Cr,10853906,Bangalore,3559 sqft,Ready,Ground,Ready to Move,Semi-Furnished,South,NA,Society 12,4.0,,,Freehold,2479 sqft,NA,NA
Property 2000,A nice property,34 Lac,3480670,Ghaziabad,3779 sqft,Under Construction,25,Ready to Move,Semi-Furnished,North,Main Road,Society 28,5.0,,2.0,Freehold,1052 sqft,NA,2347 sqft
Property 2001,A nice property,69 Lac,6984974,Jaipur,4447 sqft,Ready,17,Under Construction,Unfurnished,East,Main Road,Society 45,3.0,1.0,0.0,Leasehold,5107 sqft,NA,3326 sqft
Property 2002,A nice property,71 Lac,7174100,Kolkata,4324 sqft,Ready,24,Ready to Move,Unfurnished,North,Park,Society 37,2.0,3.0,1.0,Leasehold,736 sqft,NA,2640 sqft
Property 2003,A nice property,49 Lac,4943301,Ghaziabad,980 sqft,Resale,17,Ready to Move,Unfurnished,East,Park,Society 13,2.0,,,Freehold,3067 sqft,NA,863 sqft
Property 2004,A nice property,24 Lac,2482459,Surat,926 sqft,Under Construction,Ground,Under Construction,Furnished,South,NA,Society 26,2.0,3.0,3.0,Freehold,3287 sqft,NA,693 sqft
Property 2005,A nice property,65 Lac,6539768,Ludhiana,3254 sqft,Ready,5,Ready to Move,Furnished,North,Main Road,NA,5.0,2.0,0.0,Leasehold,2453 sqft,NA,3491 sqft
Property 2006,A nice property,2.1 Cr,21240939,Mumbai,1445 sqft,Under Construction,12,Ready to Move,Furnished,East,Park,Society 21,,3.0,3.0,Leasehold,2285 sqft,NA,NA
Property 2007,A nice property,58 Lac,5889783,Visakhapatnam,4871 sqft,Under Construction,14,Under Construction,Furnished,South,Main Road,NA,4.0,1.0,2.0,Freehold,2867 sqft,NA,3582 sqft
Property 2008,A nice property,32 Lac,3291569,Vadodara,2840 sqft,Ready,23,Under Construction,Furnished,North,NA,Society 42,,2.0,2.0,Leasehold,2436 sqft,NA,3285 sqft
Property 2009,A nice property,32 Lac,3294034,Lucknow,2757 sqft,Under Construction,13,Under Construction,Unfurnished,East,NA,Society 46,2.0,2.0,2.0,Freehold,903 sqft,NA,1234 sqft
Property 2010,A nice property,54 Lac,5425283,Lucknow,2024 sqft,Resale,20,Under Construction,Unfurnished,North,Main Road,Society 39,4.0,3.0,0.0,Leasehold,2860 sqft,NA,4438 sqft
Property 2011,A nice property,75 Lac,7558846,Visakhapatnam,3685 sqft,Ready,5,Ready to Move,Semi-Furnished,East,Park,NA,2.0,,1.0,Leasehold,5712 sqft,NA,2245 sqft
Property 2012,A nice property,72 Lac,7294703,Ahmedabad,3700 sqft,Resale,16,Ready to Move,Semi-Furnished,West,Park,Society 38,4.0,,3.0,Freehold,5161 sqft,NA,NA
Property 2013,A nice property,56 Lac,5639986,Bhopal,3592 sqft,Under Construction,1,Under Construction,Unfurnished,West,Main Road,Society 21,5.0,,1.0,Leasehold,2126 sqft,NA,3645 sqft
Property 2014,A nice property,35 Lac,3552730,Lucknow,1237 sqft,Under Construction,10,Under Construction,Unfurnished,West,NA,Society 7,,2.0,3.0,Freehold,913 sqft,NA,NA
Property 2015,A nice property,64 Lac,6484600,Chandigarh,4832 sqft,Ready,3,Under Construction,Unfurnished,South,Main Road,NA,2.0,,,Freehold,4492 sqft,NA,2272 sqft
Property 2016,A nice property,64 Lac,6479358,Delhi,2660 sqft,Under Construction,15,Under Construction,Furnished,North,Main Road,Society 31,5.0,2.0,,Leasehold,964 sqft,NA,NA
Property 2017,A nice property,69 Lac,6949220,Bangalore,3682 sqft,Ready,10,Ready to Move,Unfurnished,South,NA,Society 10,3.0,2.0,0.0,Freehold,717 sqft,NA,929 sqft
Property 2018,A nice property,57 Lac,5770875,Chennai,2425 sqft,Ready,9,Under Construction,Unfurnished,West,Main Road,Society 39,4.0,3.0,1.0,Leasehold,892 sqft,NA,NA
Property 2019,A nice property,53 Lac,5390332,Chandigarh,4830 sqft,Resale,12,Under Construction,Furnished,West,Main Road,Society 25,5.0,,0.0,Freehold,1960 sqft,NA,3688 sqft
Property 2020,A nice property,56 Lac,5694064,Surat,3924 sqft,Resale,6,Ready to Move,Furnished,North,Main Road,Society 36,,0.0,2.0,Freehold,3916 sqft,NA,1903 sqft
Property 2021,A nice property,58 Lac,5832821,Visakhapatnam,3490 sqft,Ready,15,Under Construction,Furnished,West,NA,Society 36,4.0,1.0,1.0,Leasehold,4538 sqft,NA,3467 sqft
Property 2022,A nice property,57 Lac,5726859,Chandigarh,3426 sqft,Under Construction,16,Under Construction,Unfurnished,West,Main Road,Society 48,,,3.0,Freehold,3563 sqft,NA,3213 sqft
Property 2023,A nice property,65 Lac,6515560,Kolkata,4588 sqft,Ready,Ground,Ready to Move,Semi-Furnished,East,Park,Society 21,3.0,2.0,1.0,Leasehold,3465 sqft,NA,NA
Property 2024,A nice property,54 Lac,5467101,Indore,4549 sqft,Ready,15,Ready to Move,Unfurnished,North,Park,NA,2.0,3.0,0.0,Freehold,2845 sqft,NA,513 sqft
Property 2025,A nice property,57 Lac,5717348,Ludhiana,654 sqft,Under Construction,5,Ready to Move,Furnished,West,Park,NA,,3.0,0.0,Freehold,4359 sqft,NA,1416 sqft
Property 2026,A nice property,73 Lac,7340647,Pune,4711 sqft,Under Construction,Ground,Ready to Move,Semi-Furnished,West,Park,Society 19,2.0,2.0,1.0,Freehold,3544 sqft,NA,NA
Property 2027,A nice property,78 Lac,7882317,Indore,1738 sqft,Under Construction,Ground,Ready to Move,Semi-Furnished,North,Main Road,NA,5.0,0.0,0.0,Leasehold,2357 sqft,NA,3483 sqft
Property 2028,A nice property,70 Lac,7047877,Indore,4203 sqft,Ready,12,Ready to Move,Unfurnished,South,Park,Society 50,,2.0,3.0,Freehold,5746 sqft,NA,2980 sqft
Property 2029,A nice property,60 Lac,6044571,Nagpur,1956 sqft,Under Construction,Ground,Ready to Move,Semi-Furnished,South,Park,Society 31,4.0,3.0,1.0,Leasehold,4256 sqft,NA,NA
Property 2030,A nice property,26 Lac,2631125,Bhopal,2484 sqft,Ready,20,Ready to Move,Unfurnished,West,NA,Society 13,1.0,1.0,0.0,Freehold,3080 sqft,NA,3039 sqft
Property 2031,A nice property,46 Lac,4634314,Pune,1231 sqft,Under Construction,Ground,Under Construction,Semi-Furnished,East,Main Road,Society 9,1.0,,3.0,Leasehold,1432 sqft,NA,1656 sqft
Property 2032,A nice property,71 Lac,7107016,Nagpur,4815 sqft,Resale,12,Under Construction,Semi-Furnished,North,Main Road,Society 23,2.0,,,Freehold,4176 sqft,NA,2720 sqft
Property 2033,A nice property,23 Lac,2380900,Kochi,2900 sqft,Ready,20,Ready to Move,Unfurnished,West,Park,Society 23,2.0,2.0,3.0,Freehold,2427 sqft,NA,1358 sqft
Property 2034,A nice property,50 Lac,5010527,Vadodara,2332 sqft,Resale,Ground,Ready to Move,Unfurnished,West,Main Road,Society 35,1.0,2.0,3.0,Leasehold,5033 sqft,NA,NA
Property 2035,A nice property,1.5 Cr,14939770,Hyderabad,1830 sqft,Resale,22,Ready to Move,Semi-Furnished,East,Park,Society 6,2.0,1.0,0.0,Leasehold,1842 sqft,NA,NA
Property 2036,A nice property,68 Lac,6833740,Indore,2131 sqft,Ready,15,Under Construction,Semi-Furnished,South,NA,Society 20,4.0,2.0,3.0,Freehold,3497 sqft,NA,4319 sqft
Property 2037,A nice property,56 Lac,5672932,Ahmedabad,1889 sqft,Resale,22,Ready to Move,Unfurnished,South,Main Road,Society 3,5.0,1.0,0.0,Leasehold,1360 sqft,NA,2046 sqft
Property 2038,A nice property,42 Lac,4221048,Chandigarh,3567 sqft,Resale,21,Under Construction,Furnished,South,Main Road,NA,1.0,3.0,0.0,Freehold,1552 sqft,NA,1893 sqft
Property 2039,A nice property,1.1 Cr,11217628,Hyderabad,1569 sqft,Ready,8,Under Construction,Unfurnished,East,NA,Society 50,2.0,2.0,2.0,Freehold,4559 sqft,NA,4203 sqft
Property 2040,A nice property,62 Lac,6205858,Jaipur,2486 sqft,Ready,18,Under Construction,Unfurnished,West,Park,NA,,2.0,0.0,Leasehold,1855 sqft,NA,947 sqft
Property 2041,A nice property,68 Lac,6816395,Chandigarh,3996 sqft,Under Construction,4,Under Construction,Unfurnished,South,Main Road,Society 12,,2.0,0.0,Leasehold,5899 sqft,NA,2557 sqft
Property 2042,A nice property,67 Lac,6769157,Ahmedabad,3305 sqft,Resale,6,Ready to Move,Furnished,South,Main Road,Society 39,4.0,2.0,0.0,Freehold,2357 sqft,NA,NA
Property 2043,A nice property,73 Lac,7319730,Pune,1528 sqft,Under Construction,3,Under Construction,Unfurnished,East,Main Road,Society 12,,2.0,2.0,Leasehold,1131 sqft,NA,4838 sqft
Property 2044,A nice property,76 Lac,7644147,Hyderabad,4544 sqft,Ready,15,Under Construction,Furnished,North,Main Road,Society 29,,0.0,3.0,Freehold,2276 sqft,NA,1109 sqft
Property 2045,A nice property,65 Lac,6553665,Bangalore,4522 sqft,Resale,12,Under Construction,Furnished,West,Main Road,Society 32,2.0,1.0,1.0,Leasehold,3558 sqft,NA,2210 sqft
Property 2046,A nice property,50 Lac,5032908,Lucknow,4524 sqft,Under Construction,21,Ready to Move,Furnished,North,NA,Society 30,4.0,3.0,1.0,Freehold,4852 sqft,NA,2747 sqft
Property 2047,A nice property,38 Lac,3808018,Bhopal,2326 sqft,Under Construction,15,Ready to Move,Unfurnished,North,Main Road,Society 41,3.0,2.0,,Freehold,2042 sqft,NA,927 sqft
Property 2048,A nice property,78 Lac,7806180,Ludhiana,1920 sqft,Under Construction,6,Under Construction,Semi-Furnished,East,Park,Society 2,1.0,1.0,1.0,Leasehold,1435 sqft,NA,4487 sqft
Property 2049,A nice property,60 Lac,6076088,Surat,3966 sqft,Ready,13,Ready to Move,Furnished,South,Main Road,Society 38,5.0,0.0,1.0,Leasehold,4588 sqft,NA,1053 sqft
Property 2050,A nice property,43 Lac,4354094,Ahmedabad,783 sqft,Resale,7,Ready to Move,Semi-Furnished,West,Main Road,NA,4.0,1.0,3.0,Leasehold,2135 sqft,NA,1730 sqft
Property 2051,A nice property,23 Lac,2359898,Chennai,2596 sqft,Under Construction,3,Ready to Move,Semi-Furnished,South,Park,NA,5.0,2.0,1.0,Leasehold,3880 sqft,NA,NA
Property 2052,A nice property,76 Lac,7608901,Indore,953 sqft,Resale,20,Ready to Move,Unfurnished,North,Park,Society 10,2.0,1.0,2.0,Freehold,2544 sqft,NA,NA
Property 2053,A nice property,55 Lac,5560680,Ghaziabad,1647 sqft,Ready,23,Ready to Move,Unfurnished,South,Park,Society 1,2.0,1.0,2.0,Freehold,2733 sqft,NA,3298 sqft
Property 2054,A nice property,33 Lac,3323991,Indore,1919 sqft,Ready,4,Ready to Move,Unfurnished,West,NA,NA,,1.0,2.0,Leasehold,939 sqft,NA,NA
Property 2055,A nice property,41 Lac,4149900,Kolkata,1703 sqft,Under Construction,2,Ready to Move,Unfurnished,North,Main Road,Society 41,2.0,0.0,,Leasehold,5157 sqft,NA,3426 sqft
Property 2056,A nice property,31 Lac,3176803,Chennai,4799 sqft,Under Construction,16,Ready to Move,Furnished,West,NA,NA,5.0,2.0,,Leasehold,1133 sqft,NA,NA
Property 2057,A nice property,52 Lac,5254056,Visakhapatnam,921 sqft,Resale,7,Under Construction,Furnished,South,NA,Society 37,1.0,2.0,3.0,Freehold,2815 sqft,NA,4033 sqft
Property 2058,A nice property,29 Lac,2984392,Kochi,1803 sqft,Ready,2,Under Construction,Unfurnished,North,NA,Society 2,2.0,2.0,,Leasehold,5233 sqft,NA,957 sqft
Property 2059,A nice property,24 Lac,2464160,Chandigarh,1058 sqft,Resale,Ground,Ready to Move,Unfurnished,North,Park,Society 42,5.0,3.0,1.0,Freehold,5920 sqft,NA,4545 sqft
Property 2060,A nice property,79 Lac,7949079,Visakhapatnam,1962 sqft,Ready,2,Under Construction,Unfurnished,West,Park,Society 10,3.0,2.0,,Leasehold,5924 sqft,NA,NA
Property 2061,A nice property,39 Lac,3974548,Lucknow,2715 sqft,Resale,Ground,Under Construction,Semi-Furnished,North,NA,Society 11,4.0,,3.0,Leasehold,806 sqft,NA,2233 sqft
Property 2062,A nice property,40 Lac,4026792,Visakhapatnam,2074 sqft,Ready,14,Under Construction,Unfurnished,South,Park,Society 13,5.0,3.0,,Leasehold,5084 sqft,NA,689 sqft
Property 2063,A nice property,1.3 Cr,13081004,Mumbai,4832 sqft,Under Construction,Ground,Ready to Move,Furnished,North,Park,Society 14,3.0,0.0,2.0,Freehold,4923 sqft,NA,NA
Property 2064,A nice property,96 Lac,9691827,Delhi,3921 sqft,Ready,7,Under Construction,Unfurnished,East,Park,Society 41,1.0,0.0,,Freehold,4216 sqft,NA,1347 sqft
Property 2065,A nice property,66 Lac,6664941,Bhopal,752 sqft,Ready,Ground,Under Construction,Semi-Furnished,North,Main Road,Society 25,4.0,1.0,0.0,Freehold,1347 sqft,NA,4017 sqft
Property 2066,A nice property,78 Lac,7812651,Kochi,2922 sqft,Under Construction,Ground,Ready to Move,Furnished,North,Main Road,NA,1.0,1.0,2.0,Freehold,1579 sqft,NA,4862 sqft
Property 2067,A nice property,59 Lac,5961389,Chandigarh,1302 sqft,Resale,9,Under Construction,Semi-Furnished,South,Park,NA,3.0,1.0,3.0,Freehold,2062 sqft,NA,1927 sqft
Property 2068,A nice property,61 Lac,6178346,Ahmedabad,2374 sqft,Resale,6,Under Construction,Furnished,East,Park,Society 32,3.0,,2.0,Leasehold,3709 sqft,NA,1845 sqft
Property 2069,A nice property,35 Lac,3575427,Kolkata,4279 sqft,Ready,3,Under Construction,Unfurnished,West,Park,Society 2,3.0,2.0,0.0,Leasehold,4813 sqft,NA,3923 sqft
Property 2070,A nice property,52 Lac,5267632,Ghaziabad,4461 sqft,Under Construction,3,Ready to Move,Unfurnished,South,Park,Society 17,4.0,2.0,3.0,Leasehold,869 sqft,NA,2203 sqft
Property 2071,A nice property,49 Lac,4937556,Nagpur,4545 sqft,Resale,23,Under Construction,Furnished,North,Main Road,Society 25,5.0,1.0,2.0,Leasehold,3178 sqft,NA,3485 sqft
Property 2072,A nice property,78 Lac,7823290,Bangalore,1997 sqft,Under Construction,14,Under Construction,Unfurnished,North,NA,Society 28,3.0,1.0,1.0,Freehold,3194 sqft,NA,3347 sqft
Property 2073,A nice property,1.5 Cr,14860912,Bangalore,2397 sqft,Under Construction,22,Under Construction,Unfurnished,West,NA,NA,5.0,3.0,3.0,Leasehold,2597 sqft,NA,3510 sqft
Property 2074,A nice property,65 Lac,6500873,Lucknow,3965 sqft,Resale,Ground,Ready to Move,Unfurnished,North,Park,Society 37,3.0,2.0,2.0,Freehold,1192 sqft,NA,NA
Property 2075,A nice property,42 Lac,4296328,Visakhapatnam,1769 sqft,Ready,2,Under Construction,Semi-Furnished,East,NA,Society 16,,1.0,2.0,Leasehold,3958 sqft,NA,NA
Property 2076,A nice property,70 Lac,7080577,Ludhiana,2089 sqft,Under Construction,14,Under Construction,Unfurnished,North,NA,Society 48,,2.0,0.0,Leasehold,3309 sqft,NA,1023 sqft
Property 2077,A nice property,29 Lac,2931391,Visakhapatnam,4784 sqft,Under Construction,25,Under Construction,Semi-Furnished,North,NA,Society 2,5.0,1.0,3.0,Leasehold,4504 sqft,NA,1901 sqft
Property 2078,A nice property,71 Lac,7151539,Lucknow,2766 sqft,Ready,7,Under Construction,Furnished,West,Park,Society 21,3.0,3.0,2.0,Leasehold,4662 sqft,NA,3171 sqft
Property 2079,A nice property,65 Lac,6500665,Vadodara,1973 sqft,Ready,14,Ready to Move,Unfurnished,East,NA,Society 45,4.0,1.0,3.0,Leasehold,1739 sqft,NA,NA
Property 2080,A nice property,2.2 Cr,21718959,Mumbai,3407 sqft,Resale,18,Under Construction,Furnished,East,Park,NA,1.0,1.0,1.0,Freehold,1459 sqft,NA,2989 sqft
Property 2081,A nice property,1.1 Cr,10601069,Hyderabad,4314 sqft,Ready,6,Under Construction,Furnished,South,NA,Society 18,1.0,1.0,,Leasehold,1518 sqft,NA,NA
Property 2082,A nice property,26 Lac,2679997,Surat,1163 sqft,Resale,Ground,Ready to Move,Unfurnished,South,Main Road,Society 43,5.0,,,Leasehold,1793 sqft,NA,2945 sqft
Property 2083,A nice property,70 Lac,7047958,Pune,2482 sqft,Resale,23,Under Construction,Semi-Furnished,North,Park,Society 24,5.0,0.0,1.0,Freehold,4347 sqft,NA,2204 sqft
Property 2084,A nice property,31 Lac,3184732,Jaipur,3698 sqft,Under Construction,1,Under Construction,Unfurnished,West,NA,Society 44,2.0,,3.0,Freehold,1576 sqft,NA,NA
Property 2085,A nice property,68 Lac,6868082,Nagpur,3757 sqft,Ready,20,Ready to Move,Unfurnished,East,Main Road,Society 32,2.0,,1.0,Freehold,4015 sqft,NA,2105 sqft
Property 2086,A nice property,45 Lac,4526193,Bhopal,1683 sqft,Ready,24,Ready to Move,Unfurnished,South,NA,Society 47,1.0,,1.0,Freehold,4931 sqft,NA,NA
Property 2087,A nice property,21 Lac,2179837,Nagpur,1489 sqft,Under Construction,20,Ready to Move,Semi-Furnished,West,Main Road,Society 32,2.0,1.0,3.0,Leasehold,1565 sqft,NA,NA
Property 2088,A nice property,1.3 Cr,12714513,Bangalore,735 sqft,Under Construction,22,Ready to Move,Unfurnished,East,Park,Society 24,2.0,,,Freehold,706 sqft,NA,NA
Property 2089,A nice property,39 Lac,3998318,Bhopal,2257 sqft,Ready,Ground,Under Construction,Unfurnished,West,Park,Society 17,1.0,2.0,2.0,Leasehold,5325 sqft,NA,NA
Property 2090,A nice property,1.2 Cr,12112437,Bangalore,4882 sqft,Resale,Ground,Ready to Move,Unfurnished,North,Main Road,Society 15,4.0,3.0,0.0,Leasehold,5048 sqft,NA,3919 sqft
Property 2091,A nice property,59 Lac,5964062,Ghaziabad,4731 sqft,Ready,24,Ready to Move,Furnished,South,Park,Society 47,4.0,3.0,2.0,Leasehold,1476 sqft,NA,NA
Property 2092,A nice property,35 Lac,3530815,Vadodara,4038 sqft,Ready,1,Under Construction,Semi-Furnished,North,Park,NA,,2.0,2.0,Leasehold,4418 sqft,NA,NA
Property 2093,A nice property,42 Lac,4218020,Kolkata,1825 sqft,Under Construction,15,Ready to Move,Furnished,North,Park,Society 28,4.0,3.0,,Leasehold,4104 sqft,NA,4009 sqft
Property 2094,A nice property,59 Lac,5918373,Nagpur,1388 sqft,Resale,Ground,Under Construction,Semi-Furnished,East,Park,Society 35,,,,Freehold,4213 sqft,NA,NA
Property 2095,A nice property,53 Lac,5380237,Vadodara,2053 sqft,Under Construction,11,Under Construction,Semi-Furnished,North,Park,Society 27,4.0,3.0,1.0,Freehold,2608 sqft,NA,NA
Property 2096,A nice property,37 Lac,3710381,Lucknow,4498 sqft,Ready,22,Under Construction,Unfurnished,West,Main Road,Society 33,,0.0,2.0,Freehold,3710 sqft,NA,3433 sqft
Property 2097,A nice property,1.5 Cr,15056570,Delhi,919 sqft,Resale,17,Under Construction,Semi-Furnished,West,Park,NA,4.0,0.0,,Freehold,1754 sqft,NA,NA
Property 2098,A nice property,66 Lac,6619878,Bhopal,4953 sqft,Under Construction,15,Ready to Move,Unfurnished,East,NA,Society 18,1.0,1.0,3.0,Leasehold,1398 sqft,NA,4568 sqft
Property 2099,A nice property,49 Lac,4921249,Kochi,4723 sqft,Resale,Ground,Ready to Move,Furnished,West,Park,Society 19,1.0,,,Leasehold,3434 sqft,NA,536 sqft
Property 2100,A nice property,59 Lac,5991296,Chandigarh,1562 sqft,Resale,Ground,Under Construction,Unfurnished,North,NA,Society 15,4.0,0.0,,Freehold,1947 sqft,NA,3832 sqft
Property 2101,A nice property,32 Lac,3236677,Vadodara,1363 sqft,Resale,21,Ready to Move,Furnished,South,NA,Society 23,4.0,2.0,3.0,Freehold,4126 sqft,NA,NA
Property 2102,A nice property,53 Lac,5328087,Jaipur,4550 sqft,Ready,Ground,Ready to Move,Unfurnished,South,Park,Society 28,5.0,,0.0,Freehold,4664 sqft,NA,NA
Property 2103,A nice property,75 Lac,7540845,Ludhiana,1667 sqft,Under Construction,7,Ready to Move,Unfurnished,West,Main Road,Society 27,1.0,1.0,2.0,Leasehold,2354 sqft,NA,4300 sqft
Property 2104,A nice property,78 Lac,7868917,Ludhiana,609 sqft,Under Construction,7,Ready to Move,Furnished,North,NA,Society 14,5.0,1.0,2.0,Leasehold,4399 sqft,NA,3887 sqft
Property 2105,A nice property,1.3 Cr,12781141,Hyderabad,4134 sqft,Ready,18,Ready to Move,Furnished,East,NA,Society 26,1.0,,0.0,Leasehold,1638 sqft,NA,NA
Property 2106,A nice property,89 Lac,8915715,Pune,4876 sqft,Resale,20,Under Construction,Unfurnished,West,Park,Society 34,3.0,,2.0,Freehold,1295 sqft,NA,NA
Property 2107,A nice property,45 Lac,4579156,Hyderabad,4046 sqft,Under Construction,12,Ready to Move,Unfurnished,North,Park,Society 10,3.0,1.0,1.0,Leasehold,802 sqft,NA,3564 sqft
Property 2108,A nice property,20 Lac,2094332,Bhopal,3634 sqft,Ready,7,Ready to Move,Semi-Furnished,North,Park,NA,3.0,2.0,2.0,Freehold,4402 sqft,NA,542 sqft
Property 2109,A nice property,59 Lac,5901328,Nagpur,955 sqft,Under Construction,Ground,Under Construction,Unfurnished,South,Main Road,Society 30,3.0,2.0,3.0,Freehold,753 sqft,NA,1625 sqft
Property 2110,A nice property,31 Lac,3173325,Indore,4940 sqft,Resale,1,Ready to Move,Unfurnished,West,NA,Society 34,,0.0,2.0,Freehold,3935 sqft,NA,NA
Property 2111,A nice property,66 Lac,6636855,Vadodara,4114 sqft,Under Construction,12,Ready to Move,Semi-Furnished,East,NA,Society 33,1.0,1.0,0.0,Leasehold,5075 sqft,NA,NA
Property 2112,A nice property,76 Lac,7678224,Nagpur,2479 sqft,Resale,10,Under Construction,Semi-Furnished,South,Main Road,Society 19,,3.0,2.0,Leasehold,4062 sqft,NA,4238 sqft
Property 2113,A nice property,85 Lac,8517424,Pune,4549 sqft,Resale,4,Ready to Move,Furnished,West,NA,Society 50,5.0,2.0,1.0,Leasehold,5008 sqft,NA,1857 sqft
Property 2114,A nice property,39 Lac,3901037,Kolkata,3723 sqft,Ready,21,Ready to Move,Semi-Furnished,South,Park,Society 27,3.0,0.0,3.0,Freehold,5982 sqft,NA,3595 sqft
Property 2115,A nice property,62 Lac,6262436,Ludhiana,3471 sqft,Resale,Ground,Ready to Move,Furnished,West,NA,Society 40,5.0,3.0,,Freehold,4248 sqft,NA,NA
Property 2116,A nice property,74 Lac,7438636,Kochi,1400 sqft,Ready,12,Ready to Move,Semi-Furnished,West,Main Road,Society 43,1.0,0.0,,Leasehold,2945 sqft,NA,3425 sqft
Property 2117,A nice property,79 Lac,7973105,Bhopal,4085 sqft,Under Construction,18,Ready to Move,Furnished,West,NA,Society 17,5.0,,1.0,Freehold,4133 sqft,NA,4968 sqft
Property 2118,A nice property,78 Lac,7826392,Kochi,1696 sqft,Resale,25,Under Construction,Furnished,North,Park,Society 47,4.0,,1.0,Leasehold,3216 sqft,NA,2952 sqft
Property 2119,A nice property,1.2 Cr,11954386,Bangalore,2685 sqft,Under Construction,6,Ready to Move,Furnished,East,Park,Society 39,1.0,0.0,1.0,Leasehold,1526 sqft,NA,3836 sqft
Property 2120,A nice property,1.5 Cr,14802514,Bangalore,4508 sqft,Resale,12,Under Construction,Semi-Furnished,North,Park,Society 35,1.0,3.0,0.0,Freehold,3082 sqft,NA,NA
Property 2121,A nice property,61 Lac,6139059,Bangalore,2504 sqft,Ready,20,Ready to Move,Furnished,East,Park,NA,1.0,,1.0,Leasehold,4572 sqft,NA,3692 sqft
Property 2122,A nice property,39 Lac,3953258,Pune,1286 sqft,Under Construction,14,Under Construction,Semi-Furnished,South,NA,NA,1.0,0.0,,Freehold,2626 sqft,NA,2003 sqft
Property 2123,A nice property,68 Lac,6856520,Indore,2920 sqft,Under Construction,22,Under Construction,Furnished,North,Main Road,Society 20,3.0,2.0,3.0,Freehold,3566 sqft,NA,759 sqft
Property 2124,A nice property,72 Lac,7217007,Visakhapatnam,3947 sqft,Under Construction,14,Under Construction,Furnished,East,NA,Society 4,,1.0,1.0,Freehold,5671 sqft,NA,NA
Property 2125,A nice property,69 Lac,6939230,Kochi,2711 sqft,Resale,23,Under Construction,Semi-Furnished,North,Main Road,Society 47,4.0,2.0,1.0,Leasehold,3246 sqft,NA,1665 sqft
Property 2126,A nice property,62 Lac,6286243,Chandigarh,2148 sqft,Resale,4,Under Construction,Furnished,West,Main Road,NA,5.0,0.0,3.0,Leasehold,4203 sqft,NA,NA
Property 2127,A nice property,1.1 Cr,10692983,Pune,644 sqft,Resale,Ground,Under Construction,Furnished,North,Main Road,NA,4.0,,3.0,Freehold,5199 sqft,NA,1833 sqft
Property 2128,A nice property,56 Lac,5638053,Ludhiana,658 sqft,Resale,Ground,Under Construction,Furnished,East,Main Road,Society 30,4.0,2.0,2.0,Leasehold,5363 sqft,NA,1793 sqft
Property 2129,A nice property,77 Lac,7760978,Kochi,4880 sqft,Ready,21,Ready to Move,Furnished,West,Park,NA,3.0,3.0,0.0,Freehold,3449 sqft,NA,1931 sqft
Property 2130,A nice property,62 Lac,6201912,Pune,1565 sqft,Resale,14,Under Construction,Semi-Furnished,North,Main Road,Society 4,1.0,0.0,2.0,Freehold,2268 sqft,NA,2336 sqft
Property 2131,A nice property,78 Lac,7849143,Indore,4857 sqft,Ready,24,Ready to Move,Semi-Furnished,West,Main Road,Society 18,1.0,3.0,3.0,Freehold,5908 sqft,NA,1929 sqft
Property 2132,A nice property,42 Lac,4246010,Ludhiana,658 sqft,Resale,18,Ready to Move,Furnished,South,NA,NA,,0.0,3.0,Freehold,4522 sqft,NA,2807 sqft
Property 2133,A nice property,74 Lac,7409585,Indore,3672 sqft,Under Construction,15,Under Construction,Semi-Furnished,South,Main Road,Society 39,5.0,1.0,1.0,Leasehold,3090 sqft,NA,3631 sqft
Property 2134,A nice property,46 Lac,4625755,Chennai,2282 sqft,Resale,2,Under Construction,Unfurnished,West,Park,Society 37,1.0,,2.0,Freehold,2221 sqft,NA,NA
Property 2135,A nice property,77 Lac,7788863,Bhopal,3187 sqft,Ready,14,Ready to Move,Furnished,East,Main Road,NA,1.0,0.0,1.0,Freehold,3508 sqft,NA,NA
Property 2136,A nice property,21 Lac,2137709,Ludhiana,3949 sqft,Resale,25,Ready to Move,Semi-Furnished,South,Main Road,Society 15,4.0,0.0,1.0,Freehold,2112 sqft,NA,4535 sqft
Property 2137,A nice property,47 Lac,4740838,Lucknow,3567 sqft,Resale,13,Ready to Move,Unfurnished,East,Park,Society 32,3.0,2.0,2.0,Leasehold,3301 sqft,NA,3155 sqft
Property 2138,A nice property,25 Lac,2543548,Ghaziabad,1473 sqft,Under Construction,16,Under Construction,Unfurnished,West,NA,Society 38,,3.0,3.0,Freehold,4463 sqft,NA,NA
Property 2139,A nice property,42 Lac,4242135,Indore,1867 sqft,Ready,Ground,Ready to Move,Unfurnished,East,Park,Society 41,3.0,1.0,,Freehold,4339 sqft,NA,2905 sqft
Property 2140,A nice property,71 Lac,7170256,Kochi,4090 sqft,Ready,15,Ready to Move,Unfurnished,North,Park,Society 23,,2.0,3.0,Leasehold,3811 sqft,NA,2659 sqft
Property 2141,A nice property,22 Lac,2240781,Kochi,2677 sqft,Under Construction,21,Under Construction,Furnished,West,Park,Society 44,3.0,,2.0,Leasehold,5110 sqft,NA,4360 sqft
Property 2142,A nice property,46 Lac,4604322,Vadodara,2740 sqft,Under Construction,24,Ready to Move,Semi-Furnished,West,NA,NA,2.0,0.0,0.0,Freehold,5475 sqft,NA,3081 sqft
Property 2143,A nice property,62 Lac,6221319,Visakhapatnam,4991 sqft,Under Construction,12,Ready to Move,Semi-Furnished,South,NA,Society 2,2.0,,2.0,Leasehold,5366 sqft,NA,1577 sqft
Property 2144,A nice property,59 Lac,5918873,Ghaziabad,4069 sqft,Resale,17,Under Construction,Unfurnished,East,Main Road,NA,5.0,3.0,3.0,Leasehold,5943 sqft,NA,3193 sqft
Property 2145,A nice property,38 Lac,3874759,Lucknow,3595 sqft,Ready,22,Ready to Move,Furnished,North,Park,NA,1.0,2.0,1.0,Leasehold,4724 sqft,NA,2469 sqft
Property 2146,A nice property,48 Lac,4891893,Visakhapatnam,2857 sqft,Under Construction,14,Under Construction,Semi-Furnished,West,Main Road,Society 23,,3.0,0.0,Leasehold,4651 sqft,NA,NA
Property 2147,A nice property,2.4 Cr,24366979,Mumbai,3855 sqft,Under Construction,1,Under Construction,Semi-Furnished,East,NA,NA,5.0,2.0,,Leasehold,2511 sqft,NA,2331 sqft
Property 2148,A nice property,51 Lac,5143273,Nagpur,2268 sqft,Ready,Ground,Ready to Move,Semi-Furnished,West,Park,NA,4.0,0.0,1.0,Freehold,5390 sqft,NA,NA
Property 2149,A nice property,42 Lac,4291910,Indore,3985 sqft,Resale,1,Ready to Move,Semi-Furnished,West,Park,NA,5.0,0.0,3.0,Leasehold,3763 sqft,NA,NA
Property 2150,A nice property,77 Lac,7786284,Hyderabad,4552 sqft,Resale,12,Under Construction,Semi-Furnished,South,Main Road,Society 1,4.0,0.0,0.0,Freehold,1424 sqft,NA,4597 sqft
Property 2151,A nice property,44 Lac,4408338,Surat,2064 sqft,Resale,Ground,Ready to Move,Unfurnished,East,Park,Society 22,4.0,3.0,2.0,Leasehold,3878 sqft,NA,NA
Property 2152,A nice property,46 Lac,4697720,Ghaziabad,3632 sqft,Ready,24,Ready to Move,Semi-Furnished,West,NA,NA,3.0,1.0,,Freehold,5832 sqft,NA,1045 sqft
Property 2153,A nice property,39 Lac,3970067,Lucknow,4562 sqft,Resale,11,Under Construction,Semi-Furnished,North,NA,NA,5.0,2.0,1.0,Freehold,3860 sqft,NA,3346 sqft
Property 2154,A nice property,2.1 Cr,20807833,Mumbai,2678 sqft,Resale,19,Ready to Move,Unfurnished,East,NA,Society 20,5.0,1.0,,Leasehold,978 sqft,NA,3352 sqft
Property 2155,A nice property,44 Lac,4463548,Ludhiana,3112 sqft,Ready,Ground,Under Construction,Unfurnished,West,Park,Society 15,4.0,3.0,,Freehold,2539 sqft,NA,NA
Property 2156,A nice property,71 Lac,7189378,Visakhapatnam,3420 sqft,Ready,13,Ready to Move,Unfurnished,East,NA,Society 9,3.0,0.0,0.0,Leasehold,2019 sqft,NA,3283 sqft
Property 2157,A nice property,67 Lac,6742379,Jaipur,3861 sqft,Under Construction,21,Ready to Move,Semi-Furnished,South,Main Road,Society 39,2.0,0.0,0.0,Freehold,2741 sqft,NA,4378 sqft
Property 2158,A nice property,52 Lac,5286248,Ghaziabad,1731 sqft,Ready,2,Ready to Move,Furnished,North,Park,Society 44,4.0,1.0,2.0,Freehold,4635 sqft,NA,3135 sqft
Property 2159,A nice property,28 Lac,2841632,Ghaziabad,1575 sqft,Resale,Ground,Under Construction,Unfurnished,West,NA,Society 44,5.0,,0.0,Freehold,946 sqft,NA,557 sqft
Property 2160,A nice property,25 Lac,2515887,Ahmedabad,2482 sqft,Ready,5,Ready to Move,Semi-Furnished,North,Park,Society 15,3.0,1.0,,Leasehold,1517 sqft,NA,861 sqft
Property 2161,A nice property,1.4 Cr,14175906,Bangalore,4258 sqft,Resale,Ground,Under Construction,Furnished,South,Main Road,Society 40,2.0,2.0,0.0,Freehold,2871 sqft,NA,1235 sqft
Property 2162,A nice property,61 Lac,6189848,Ghaziabad,1925 sqft,Under Construction,24,Under Construction,Furnished,East,Park,Society 49,,2.0,1.0,Freehold,839 sqft,NA,2973 sqft
Property 2163,A nice property,68 Lac,6813988,Visakhapatnam,1421 sqft,Resale,11,Ready to Move,Unfurnished,North,NA,Society 6,,2.0,2.0,Leasehold,5738 sqft,NA,NA
Property 2164,A nice property,70 Lac,7076791,Chennai,2356 sqft,Resale,14,Ready to Move,Furnished,West,Main Road,Society 47,3.0,1.0,0.0,Freehold,3591 sqft,NA,1018 sqft
Property 2165,A nice property,73 Lac,7335216,Kochi,4764 sqft,Resale,23,Under Construction,Semi-Furnished,South,Park,Society 8,2.0,,,Leasehold,5995 sqft,NA,2852 sqft
Property 2166,A nice property,57 Lac,5729823,Ludhiana,3881 sqft,Ready,Ground,Ready to Move,Semi-Furnished,South,Park,NA,1.0,2.0,1.0,Freehold,1206 sqft,NA,NA
Property 2167,A nice property,58 Lac,5829605,Bhopal,3372 sqft,Resale,21,Under Construction,Unfurnished,East,NA,Society 37,3.0,2.0,0.0,Leasehold,4303 sqft,NA,2219 sqft
Property 2168,A nice property,58 Lac,5889406,Pune,1026 sqft,Ready,13,Ready to Move,Unfurnished,South,NA,NA,,1.0,1.0,Leasehold,5992 sqft,NA,708 sqft
Property 2169,A nice property,32 Lac,3254087,Ahmedabad,1916 sqft,Under Construction,Ground,Under Construction,Unfurnished,West,Main Road,Society 11,2.0,2.0,0.0,Freehold,1328 sqft,NA,1288 sqft
Property 2170,A nice property,86 Lac,8696149,Bangalore,3787 sqft,Under Construction,9,Under Construction,Unfurnished,East,Main Road,Society 12,5.0,,0.0,Leasehold,3576 sqft,NA,NA
Property 2171,A nice property,31 Lac,3186028,Ghaziabad,643 sqft,Under Construction,Ground,Ready to Move,Semi-Furnished,South,NA,Society 17,4.0,3.0,,Leasehold,5976 sqft,NA,523 sqft
Property 2172,A nice property,1.1 Cr,11202123,Hyderabad,1346 sqft,Resale,11,Under Construction,Semi-Furnished,North,Park,NA,4.0,0.0,3.0,Leasehold,1499 sqft,NA,3139 sqft
Property 2173,A nice property,45 Lac,4579291,Kolkata,1790 sqft,Resale,3,Ready to Move,Semi-Furnished,South,Park,Society 44,5.0,3.0,,Freehold,5787 sqft,NA,3690 sqft
Property 2174,A nice property,2.1 Cr,20712515,Mumbai,4463 sqft,Under Construction,1,Ready to Move,Semi-Furnished,East,NA,Society 12,5.0,2.0,1.0,Freehold,5696 sqft,NA,1335 sqft
Property 2175,A nice property,76 Lac,7662006,Chandigarh,4166 sqft,Under Construction,19,Under Construction,Semi-Furnished,West,Main Road,Society 23,4.0,3.0,3.0,Leasehold,3812 sqft,NA,4205 sqft
Property 2176,A nice property,27 Lac,2709454,Indore,1322 sqft,Ready,20,Under Construction,Furnished,South,Park,NA,1.0,0.0,2.0,Leasehold,5870 sqft,NA,NA
Property 2177,A nice property,47 Lac,4715832,Surat,1124 sqft,Ready,3,Ready to Move,Semi-Furnished,North,NA,NA,3.0,0.0,1.0,Freehold,2522 sqft,NA,NA
Property 2178,A nice property,75 Lac,7559397,Pune,2755 sqft,Under Construction,1,Under Construction,Semi-Furnished,West,Main Road,Society 15,1.0,,1.0,Leasehold,1853 sqft,NA,3466 sqft
Property 2179,A nice property,39 Lac,3987619,Surat,2416 sqft,Under Construction,5,Under Construction,Unfurnished,South,Main Road,Society 36,4.0,3.0,2.0,Freehold,2531 sqft,NA,3506 sqft
Property 2180,A nice property,22 Lac,2286395,Kolkata,3637 sqft,Under Construction,Ground,Ready to Move,Semi-Furnished,East,Park,Society 23,1.0,1.0,3.0,Freehold,1174 sqft,NA,NA
Property 2181,A nice property,20 Lac,2087894,Surat,1255 sqft,Under Construction,25,Under Construction,Unfurnished,West,Park,Society 22,5.0,2.0,1.0,Leasehold,3214 sqft,NA,2882 sqft
Property 2182,A nice property,32 Lac,3239497,Kochi,909 sqft,Resale,8,Under Construction,Semi-Furnished,West,NA,Society 17,4.0,3.0,,Leasehold,4694 sqft,NA,2732 sqft
Property 2183,A nice property,61 Lac,6167276,Ludhiana,3748 sqft,Resale,8,Ready to Move,Unfurnished,South,Main Road,Society 28,1.0,3.0,2.0,Freehold,4724 sqft,NA,634 sqft
Property 2184,A nice property,20 Lac,2093184,Visakhapatnam,3882 sqft,Ready,18,Under Construction,Unfurnished,West,NA,Society 39,5.0,2.0,,Freehold,1936 sqft,NA,NA
Property 2185,A nice property,82 Lac,8278534,Bangalore,4868 sqft,Under Construction,Ground,Under Construction,Unfurnished,North,Main Road,Society 41,5.0,3.0,1.0,Leasehold,3458 sqft,NA,4669 sqft
Property 2186,A nice property,1.1 Cr,11221116,Pune,2946 sqft,Resale,13,Ready to Move,Furnished,West,Main Road,NA,,,3.0,Leasehold,5541 sqft,NA,NA
Property 2187,A nice property,50 Lac,5047740,Kochi,1070 sqft,Resale,22,Ready to Move,Unfurnished,North,NA,Society 7,3.0,2.0,0.0,Freehold,4128 sqft,NA,NA
Property 2188,A nice property,25 Lac,2502345,Kolkata,2035 sqft,Resale,3,Ready to Move,Semi-Furnished,North,Main Road,NA,2.0,0.0,1.0,Leasehold,1316 sqft,NA,NA
Property 2189,A nice property,59 Lac,5995107,Vadodara,4649 sqft,Resale,Ground,Under Construction,Semi-Furnished,North,NA,Society 20,1.0,2.0,3.0,Freehold,1449 sqft,NA,3834 sqft
Property 2190,A nice property,55 Lac,5518805,Indore,4196 sqft,Under Construction,21,Ready to Move,Unfurnished,East,Main Road,Society 23,4.0,1.0,,Leasehold,3660 sqft,NA,795 sqft
Property 2191,A nice property,71 Lac,7129631,Visakhapatnam,687 sqft,Under Construction,Ground,Under Construction,Semi-Furnished,North,Park,Society 44,3.0,2.0,,Leasehold,5931 sqft,NA,NA
Property 2192,A nice property,59 Lac,5945751,Kochi,2252 sqft,Resale,Ground,Under Construction,Semi-Furnished,South,Main Road,Society 30,,3.0,0.0,Leasehold,5962 sqft,NA,1925 sqft
Property 2193,A nice property,78 Lac,7812230,Bhopal,4844 sqft,Under Construction,20,Under Construction,Semi-Furnished,North,Park,Society 49,5.0,2.0,3.0,Leasehold,5685 sqft,NA,785 sqft
Property 2194,A nice property,56 Lac,5664959,Indore,2942 sqft,Resale,5,Ready to Move,Furnished,South,Park,Society 31,2.0,2.0,3.0,Leasehold,3522 sqft,NA,NA
Property 2195,A nice property,78 Lac,7819962,Chennai,2195 sqft,Resale,6,Ready to Move,Semi-Furnished,East,Park,NA,2.0,,0.0,Freehold,5852 sqft,NA,3240 sqft
Property 2196,A nice property,67 Lac,6722805,Chandigarh,875 sqft,Ready,16,Under Construction,Unfurnished,South,Park,Society 27,4.0,1.0,0.0,Leasehold,2583 sqft,NA,NA
Property 2197,A nice property,40 Lac,4040422,Vadodara,4782 sqft,Ready,Ground,Under Construction,Furnished,South,Park,Society 16,1.0,0.0,,Freehold,2585 sqft,NA,894 sqft
Property 2198,A nice property,65 Lac,6509067,Indore,4825 sqft,Under Construction,Ground,Under Construction,Semi-Furnished,West,Park,Society 25,,3.0,3.0,Freehold,4837 sqft,NA,4251 sqft
Property 2199,A nice property,78 Lac,7803907,Vadodara,2497 sqft,Ready,4,Under Construction,Semi-Furnished,North,Main Road,NA,1.0,1.0,1.0,Freehold,3085 sqft,NA,4167 sqft
Property 2200,A nice property,23 Lac,2324647,Nagpur,1988 sqft,Ready,1,Under Construction,Furnished,South,Park,Society 6,5.0,1.0,3.0,Freehold,1450 sqft,NA,NA
Property 2201,A nice property,46 Lac,4677497,Jaipur,895 sqft,Under Construction,16,Under Construction,Furnished,South,Main Road,Society 31,1.0,1.0,3.0,Freehold,3923 sqft,NA,NA
Property 2202,A nice property,29 Lac,2908242,Ludhiana,3546 sqft,Ready,Ground,Under Construction,Semi-Furnished,West,NA,Society 28,3.0,1.0,0.0,Freehold,1729 sqft,NA,NA
Property 2203,A nice property,41 Lac,4115136,Visakhapatnam,2559 sqft,Under Construction,22,Ready to Move,Unfurnished,West,NA,Society 49,4.0,1.0,1.0,Leasehold,5448 sqft,NA,NA
Property 2204,A nice property,50 Lac,5006016,Kolkata,602 sqft,Ready,11,Ready to Move,Semi-Furnished,North,Park,Society 11,5.0,3.0,0.0,Freehold,841 sqft,NA,NA
Property 2205,A nice property,40 Lac,4015951,Ahmedabad,1889 sqft,Ready,15,Ready to Move,Unfurnished,East,Main Road,Society 17,3.0,,1.0,Leasehold,4258 sqft,NA,3605 sqft
Property 2206,A nice property,66 Lac,6648036,Jaipur,1311 sqft,Ready,Ground,Under Construction,Semi-Furnished,South,NA,Society 12,2.0,3.0,,Freehold,2217 sqft,NA,742 sqft
Property 2207,A nice property,51 Lac,5165351,Vadodara,2860 sqft,Under Construction,1,Ready to Move,Semi-Furnished,South,Park,Society 2,,0.0,,Leasehold,5185 sqft,NA,NA
Property 2208,A nice property,74 Lac,7444909,Lucknow,3872 sqft,Ready,Ground,Under Construction,Unfurnished,North,NA,Society 34,5.0,1.0,3.0,Leasehold,4868 sqft,NA,1259 sqft
Property 2209,A nice property,69 Lac,6985658,Ahmedabad,3492 sqft,Resale,21,Ready to Move,Semi-Furnished,East,Park,NA,5.0,,0.0,Leasehold,1413 sqft,NA,NA
Property 2210,A nice property,76 Lac,7683214,Lucknow,3837 sqft,Ready,2,Under Construction,Furnished,East,Main Road,Society 42,1.0,2.0,3.0,Freehold,3328 sqft,NA,2757 sqft
Property 2211,A nice property,20 Lac,2081953,Lucknow,3921 sqft,Under Construction,11,Under Construction,Unfurnished,North,Park,Society 11,4.0,2.0,,Freehold,4047 sqft,NA,3490 sqft
Property 2212,A nice property,29 Lac,2981601,Kolkata,2240 sqft,Ready,Ground,Ready to Move,Unfurnished,West,NA,NA,2.0,0.0,1.0,Leasehold,3957 sqft,NA,NA
Property 2213,A nice property,56 Lac,5647685,Visakhapatnam,4841 sqft,Ready,20,Under Construction,Unfurnished,East,NA,Society 4,5.0,1.0,1.0,Leasehold,1138 sqft,NA,4939 sqft
Property 2214,A nice property,63 Lac,6326187,Indore,725 sqft,Resale,1,Under Construction,Unfurnished,North,Park,Society 15,,1.0,1.0,Leasehold,2281 sqft,NA,2179 sqft
Property 2215,A nice property,25 Lac,2590328,Visakhapatnam,1162 sqft,Resale,24,Under Construction,Furnished,South,Park,NA,2.0,3.0,,Leasehold,918 sqft,NA,3065 sqft
Property 2216,A nice property,32 Lac,3299765,Nagpur,1338 sqft,Ready,4,Ready to Move,Furnished,East,Main Road,Society 16,4.0,0.0,,Leasehold,5416 sqft,NA,NA
Property 2217,A nice property,23 Lac,2314416,Vadodara,2930 sqft,Under Construction,1,Ready to Move,Furnished,East,NA,NA,3.0,0.0,3.0,Freehold,5083 sqft,NA,NA
Property 2218,A nice property,61 Lac,6177183,Jaipur,3451 sqft,Under Construction,17,Ready to Move,Semi-Furnished,East,NA,Society 40,4.0,2.0,,Leasehold,1175 sqft,NA,3485 sqft
Property 2219,A nice property,48 Lac,4869247,Lucknow,3446 sqft,Resale,5,Ready to Move,Unfurnished,West,NA,Society 5,2.0,1.0,3.0,Leasehold,3578 sqft,NA,1811 sqft
Property 2220,A nice property,41 Lac,4107309,Hyderabad,2865 sqft,Resale,12,Ready to Move,Unfurnished,South,Park,Society 32,,0.0,,Freehold,1386 sqft,NA,1004 sqft
Property 2221,A nice property,24 Lac,2458550,Ghaziabad,2453 sqft,Ready,7,Ready to Move,Furnished,East,Park,Society 20,3.0,1.0,,Freehold,5933 sqft,NA,1576 sqft
Property 2222,A nice property,22 Lac,2212209,Vadodara,2193 sqft,Under Construction,5,Under Construction,Unfurnished,North,NA,Society 46,2.0,,2.0,Leasehold,4976 sqft,NA,NA
Property 2223,A nice property,53 Lac,5376775,Bhopal,4325 sqft,Under Construction,24,Under Construction,Furnished,North,Park,Society 40,5.0,2.0,2.0,Freehold,2465 sqft,NA,1404 sqft
Property 2224,A nice property,71 Lac,7132695,Bhopal,3909 sqft,Under Construction,5,Under Construction,Furnished,West,Main Road,Society 35,4.0,,3.0,Freehold,2854 sqft,NA,NA
Property 2225,A nice property,71 Lac,7182299,Nagpur,638 sqft,Under Construction,16,Ready to Move,Semi-Furnished,East,Main Road,NA,5.0,1.0,1.0,Freehold,2338 sqft,NA,2562 sqft
Property 2226,A nice property,48 Lac,4856903,Pune,2738 sqft,Resale,3,Under Construction,Unfurnished,North,Main Road,Society 44,5.0,3.0,,Freehold,2945 sqft,NA,4063 sqft
Property 2227,A nice property,49 Lac,4919074,Lucknow,2033 sqft,Resale,18,Under Construction,Semi-Furnished,South,Park,Society 27,1.0,1.0,,Freehold,5348 sqft,NA,NA
Property 2228,A nice property,1.2 Cr,12139589,Bangalore,3935 sqft,Ready,15,Under Construction,Semi-Furnished,East,Main Road,Society 44,3.0,,0.0,Leasehold,2377 sqft,NA,NA
Property 2229,A nice property,64 Lac,6443802,Lucknow,4747 sqft,Under Construction,16,Ready to Move,Semi-Furnished,East,Park,Society 12,3.0,3.0,1.0,Freehold,4037 sqft,NA,4574 sqft
Property 2230,A nice property,2.0 Cr,19841475,Delhi,1472 sqft,Ready,13,Under Construction,Furnished,North,Park,Society 14,5.0,2.0,,Freehold,2745 sqft,NA,659 sqft
Property 2231,A nice property,49 Lac,4905740,Nagpur,1192 sqft,Ready,Ground,Under Construction,Semi-Furnished,West,Main Road,Society 15,3.0,3.0,1.0,Leasehold,3335 sqft,NA,2345 sqft
Property 2232,A nice property,67 Lac,6767913,Chandigarh,4721 sqft,Ready,7,Ready to Move,Semi-Furnished,West,Main Road,Society 34,3.0,3.0,,Freehold,4264 sqft,NA,1130 sqft
Property 2233,A nice property,38 Lac,3837471,Jaipur,3010 sqft,Ready,23,Ready to Move,Furnished,North,Park,Society 34,2.0,0.0,1.0,Freehold,5020 sqft,NA,722 sqft
Property 2234,A nice property,69 Lac,6910873,Visakhapatnam,3385 sqft,Resale,13,Ready to Move,Semi-Furnished,West,Park,Society 20,1.0,0.0,2.0,Leasehold,1201 sqft,NA,NA
Property 2235,A nice property,75 Lac,7550692,Kolkata,1558 sqft,Resale,25,Ready to Move,Semi-Furnished,West,Main Road,Society 6,5.0,0.0,0.0,Leasehold,4978 sqft,NA,NA
Property 2236,A nice property,33 Lac,3315133,Kolkata,4804 sqft,Under Construction,6,Under Construction,Semi-Furnished,North,Main Road,Society 42,4.0,3.0,1.0,Leasehold,4785 sqft,NA,3643 sqft
Property 2237,A nice property,32 Lac,3205031,Vadodara,2711 sqft,Under Construction,24,Ready to Move,Unfurnished,South,Main Road,NA,2.0,,2.0,Freehold,4328 sqft,NA,3238 sqft
Property 2238,A nice property,41 Lac,4167299,Jaipur,2649 sqft,Resale,15,Under Construction,Furnished,East,Park,NA,,1.0,2.0,Leasehold,5742 sqft,NA,NA
Property 2239,A nice property,41 Lac,4148637,Vadodara,4227 sqft,Under Construction,24,Under Construction,Furnished,North,Park,Society 16,4.0,3.0,0.0,Leasehold,5852 sqft,NA,2637 sqft
Property 2240,A nice property,46 Lac,4674444,Jaipur,3689 sqft,Resale,11,Ready to Move,Unfurnished,North,Main Road,Society 24,3.0,,3.0,Freehold,2738 sqft,NA,2094 sqft
Property 2241,A nice property,94 Lac,9471379,Pune,4561 sqft,Resale,20,Under Construction,Semi-Furnished,West,Main Road,NA,3.0,,2.0,Leasehold,3029 sqft,NA,3966 sqft
Property 2242,A nice property,1.1 Cr,11317039,Hyderabad,2592 sqft,Under Construction,7,Under Construction,Semi-Furnished,West,Park,Society 36,2.0,0.0,3.0,Freehold,4691 sqft,NA,4404 sqft
Property 2243,A nice property,48 Lac,4841376,Ludhiana,3382 sqft,Under Construction,12,Under Construction,Semi-Furnished,South,NA,NA,2.0,3.0,0.0,Freehold,1887 sqft,NA,4693 sqft
Property 2244,A nice property,35 Lac,3532912,Ghaziabad,4358 sqft,Resale,Ground,Under Construction,Furnished,North,Main Road,Society 7,4.0,2.0,1.0,Leasehold,3114 sqft,NA,2700 sqft
Property 2245,A nice property,37 Lac,3779455,Ahmedabad,4374 sqft,Resale,Ground,Under Construction,Unfurnished,East,Main Road,Society 9,5.0,3.0,2.0,Leasehold,2834 sqft,NA,1196 sqft
Property 2246,A nice property,35 Lac,3522512,Ahmedabad,824 sqft,Resale,2,Ready to Move,Furnished,North,NA,Society 50,5.0,,1.0,Leasehold,1470 sqft,NA,4928 sqft
Property 2247,A nice property,81 Lac,8133543,Bangalore,4548 sqft,Resale,Ground,Under Construction,Furnished,West,Main Road,Society 25,5.0,3.0,1.0,Freehold,4176 sqft,NA,NA
Property 2248,A nice property,28 Lac,2804606,Kochi,1552 sqft,Resale,14,Under Construction,Furnished,East,Park,Society 39,4.0,3.0,2.0,Leasehold,4499 sqft,NA,NA
Property 2249,A nice property,45 Lac,4547680,Ahmedabad,2712 sqft,Under Construction,21,Ready to Move,Furnished,West,Park,Society 8,3.0,0.0,2.0,Leasehold,3875 sqft,NA,522 sqft
Property 2250,A nice property,64 Lac,6496991,Ahmedabad,1153 sqft,Under Construction,Ground,Under Construction,Furnished,North,Main Road,Society 19,3.0,3.0,2.0,Freehold,1881 sqft,NA,4725 sqft
Property 2251,A nice property,1.6 Cr,16318558,Bangalore,3734 sqft,Under Construction,13,Under Construction,Furnished,South,Main Road,Society 48,3.0,2.0,2.0,Freehold,1472 sqft,NA,1216 sqft
Property 2252,A nice property,91 Lac,9186523,Hyderabad,2405 sqft,Resale,6,Under Construction,Unfurnished,East,NA,Society 17,2.0,2.0,3.0,Freehold,5097 sqft,NA,2388 sqft
Property 2253,A nice property,43 Lac,4345790,Surat,2483 sqft,Ready,Ground,Ready to Move,Unfurnished,South,Park,NA,1.0,2.0,0.0,Freehold,4720 sqft,NA,4376 sqft
Property 2254,A nice property,27 Lac,2703982,Indore,3186 sqft,Under Construction,6,Ready to Move,Semi-Furnished,West,Main Road,NA,2.0,3.0,3.0,Freehold,3077 sqft,NA,1809 sqft
Property 2255,A nice property,35 Lac,3589940,Visakhapatnam,3978 sqft,Ready,3,Under Construction,Semi-Furnished,West,Park,Society 13,5.0,1.0,0.0,Freehold,2677 sqft,NA,1268 sqft
Property 2256,A nice property,1.4 Cr,14433770,Hyderabad,3492 sqft,Under Construction,12,Under Construction,Furnished,East,Park,Society 16,2.0,3.0,0.0,Leasehold,868 sqft,NA,1863 sqft
Property 2257,A nice property,97 Lac,9768303,Pune,4831 sqft,Ready,25,Under Construction,Furnished,West,Park,Society 40,1.0,2.0,0.0,Leasehold,5756 sqft,NA,4122 sqft
Property 2258,A nice property,1.1 Cr,10865351,Mumbai,4988 sqft,Under Construction,1,Ready to Move,Semi-Furnished,South,Main Road,Society 6,5.0,2.0,1.0,Leasehold,4034 sqft,NA,4311 sqft
Property 2259,A nice property,57 Lac,5751556,Vadodara,679 sqft,Under Construction,1,Under Construction,Furnished,West,Park,Society 44,4.0,0.0,,Leasehold,3043 sqft,NA,NA
Property 2260,A nice property,53 Lac,5372441,Chennai,2757 sqft,Under Construction,7,Ready to Move,Furnished,West,Main Road,Society 11,1.0,3.0,1.0,Leasehold,4794 sqft,NA,NA
Property 2261,A nice property,67 Lac,6731248,Surat,2633 sqft,Ready,11,Under Construction,Furnished,East,NA,Society 38,5.0,1.0,0.0,Freehold,3169 sqft,NA,4622 sqft
Property 2262,A nice property,70 Lac,7030620,Visakhapatnam,2953 sqft,Ready,Ground,Under Construction,Semi-Furnished,West,NA,Society 8,4.0,1.0,1.0,Leasehold,1768 sqft,NA,3909 sqft
Property 2263,A nice property,36 Lac,3669962,Visakhapatnam,1361 sqft,Under Construction,13,Ready to Move,Unfurnished,East,NA,Society 7,5.0,,2.0,Freehold,5637 sqft,NA,4677 sqft
Property 2264,A nice property,37 Lac,3749943,Kolkata,3868 sqft,Under Construction,7,Under Construction,Unfurnished,North,Park,Society 27,1.0,1.0,3.0,Freehold,5945 sqft,NA,835 sqft
Property 2265,A nice property,24 Lac,2434489,Lucknow,3401 sqft,Under Construction,4,Under Construction,Unfurnished,East,Main Road,NA,3.0,1.0,0.0,Leasehold,2346 sqft,NA,NA
Property 2266,A nice property,40 Lac,4000416,Indore,1222 sqft,Ready,23,Ready to Move,Unfurnished,East,Main Road,Society 44,5.0,,,Leasehold,1847 sqft,NA,NA
Property 2267,A nice property,66 Lac,6627425,Lucknow,2062 sqft,Resale,22,Ready to Move,Furnished,East,NA,Society 39,3.0,0.0,0.0,Freehold,3901 sqft,NA,1910 sqft
Property 2268,A nice property,73 Lac,7327687,Bangalore,4503 sqft,Ready,21,Under Construction,Semi-Furnished,East,Main Road,NA,2.0,,,Freehold,5027 sqft,NA,913 sqft
Property 2269,A nice property,1.0 Cr,10315549,Delhi,3171 sqft,Resale,25,Under Construction,Semi-Furnished,North,Main Road,Society 22,3.0,0.0,1.0,Freehold,2635 sqft,NA,NA
Property 2270,A nice property,56 Lac,5640251,Ghaziabad,3496 sqft,Resale,11,Under Construction,Semi-Furnished,North,NA,Society 29,1.0,1.0,1.0,Leasehold,3172 sqft,NA,NA
Property 2271,A nice property,68 Lac,6897260,Ahmedabad,2390 sqft,Under Construction,2,Ready to Move,Unfurnished,North,Park,Society 11,4.0,0.0,0.0,Leasehold,4980 sqft,NA,943 sqft
Property 2272,A nice property,47 Lac,4744313,Vadodara,2804 sqft,Ready,Ground,Under Construction,Unfurnished,South,Park,Society 28,4.0,2.0,3.0,Freehold,4656 sqft,NA,4752 sqft
Property 2273,A nice property,1.6 Cr,15852542,Bangalore,2097 sqft,Ready,9,Ready to Move,Unfurnished,South,Park,NA,2.0,2.0,,Freehold,898 sqft,NA,2459 sqft
Property 2274,A nice property,23 Lac,2348900,Chennai,2157 sqft,Resale,4,Under Construction,Semi-Furnished,North,Park,Society 48,2.0,2.0,,Leasehold,5648 sqft,NA,NA
Property 2275,A nice property,60 Lac,6040159,Surat,4687 sqft,Resale,20,Under Construction,Unfurnished,West,Park,NA,1.0,3.0,0.0,Freehold,5929 sqft,NA,4520 sqft
Property 2276,A nice property,21 Lac,2111235,Chennai,2235 sqft,Resale,13,Under Construction,Unfurnished,East,NA,Society 15,4.0,,1.0,Freehold,2111 sqft,NA,1303 sqft
Property 2277,A nice property,1.2 Cr,11859051,Bangalore,2523 sqft,Ready,1,Under Construction,Unfurnished,South,Park,Society 10,,2.0,,Leasehold,5481 sqft,NA,2592 sqft
Property 2278,A nice property,75 Lac,7530588,Bhopal,2582 sqft,Ready,21,Under Construction,Semi-Furnished,West,Main Road,NA,5.0,,2.0,Leasehold,3449 sqft,NA,4397 sqft
Property 2279,A nice property,76 Lac,7652326,Visakhapatnam,2774 sqft,Ready,19,Under Construction,Furnished,North,Main Road,Society 16,1.0,3.0,,Freehold,1553 sqft,NA,781 sqft
Property 2280,A nice property,56 Lac,5652020,Chennai,2293 sqft,Ready,Ground,Ready to Move,Unfurnished,East,NA,Society 5,2.0,2.0,1.0,Leasehold,4145 sqft,NA,NA
Property 2281,A nice property,70 Lac,7014183,Lucknow,2477 sqft,Ready,Ground,Ready to Move,Semi-Furnished,North,Park,Society 29,1.0,1.0,3.0,Freehold,2082 sqft,NA,NA
Property 2282,A nice property,1.2 Cr,12196373,Bangalore,2261 sqft,Under Construction,13,Under Construction,Unfurnished,North,NA,Society 30,2.0,0.0,,Freehold,5288 sqft,NA,3291 sqft
Property 2283,A nice property,1.0 Cr,10186592,Mumbai,2645 sqft,Resale,18,Ready to Move,Semi-Furnished,West,Main Road,Society 31,3.0,2.0,,Freehold,5526 sqft,NA,NA
Property 2284,A nice property,21 Lac,2109211,Lucknow,3516 sqft,Ready,Ground,Ready to Move,Furnished,North,Park,NA,1.0,3.0,1.0,Leasehold,1031 sqft,NA,621 sqft
Property 2285,A nice property,56 Lac,5618693,Ghaziabad,1877 sqft,Under Construction,21,Ready to Move,Furnished,West,Main Road,NA,4.0,3.0,,Freehold,5258 sqft,NA,NA
Property 2286,A nice property,37 Lac,3750435,Ludhiana,1473 sqft,Under Construction,16,Under Construction,Semi-Furnished,North,Park,NA,2.0,3.0,,Leasehold,3257 sqft,NA,NA
Property 2287,A nice property,1.1 Cr,10898833,Hyderabad,1582 sqft,Under Construction,14,Under Construction,Unfurnished,South,NA,Society 29,4.0,3.0,3.0,Freehold,3554 sqft,NA,2913 sqft
Property 2288,A nice property,29 Lac,2939296,Indore,1242 sqft,Ready,9,Ready to Move,Unfurnished,West,Park,Society 29,,3.0,,Freehold,2869 sqft,NA,2752 sqft
Property 2289,A nice property,74 Lac,7459222,Lucknow,4635 sqft,Ready,12,Under Construction,Unfurnished,South,NA,Society 23,2.0,2.0,2.0,Freehold,5010 sqft,NA,NA
Property 2290,A nice property,25 Lac,2534374,Chandigarh,654 sqft,Resale,18,Ready to Move,Unfurnished,West,NA,Society 48,4.0,3.0,2.0,Leasehold,1964 sqft,NA,1519 sqft
Property 2291,A nice property,31 Lac,3175904,Vadodara,946 sqft,Resale,16,Ready to Move,Unfurnished,East,NA,Society 47,3.0,,,Leasehold,3793 sqft,NA,2328 sqft
Property 2292,A nice property,63 Lac,6352813,Kochi,4550 sqft,Ready,13,Ready to Move,Semi-Furnished,South,Park,NA,1.0,0.0,2.0,Leasehold,1845 sqft,NA,NA
Property 2293,A nice property,60 Lac,6065808,Visakhapatnam,3640 sqft,Resale,15,Ready to Move,Furnished,West,Park,Society 4,1.0,2.0,,Leasehold,4288 sqft,NA,NA
Property 2294,A nice property,83 Lac,8386686,Pune,3183 sqft,Under Construction,21,Under Construction,Semi-Furnished,South,Park,Society 21,1.0,1.0,,Leasehold,4605 sqft,NA,4532 sqft
Property 2295,A nice property,23 Lac,2344235,Kochi,4633 sqft,Under Construction,Ground,Under Construction,Unfurnished,North,Park,NA,1.0,2.0,0.0,Freehold,2385 sqft,NA,2217 sqft
Property 2296,A nice property,79 Lac,7913400,Chandigarh,2850 sqft,Ready,12,Ready to Move,Unfurnished,East,NA,Society 12,2.0,2.0,,Freehold,2528 sqft,NA,2336 sqft
Property 2297,A nice property,62 Lac,6215194,Jaipur,4620 sqft,Under Construction,Ground,Under Construction,Semi-Furnished,East,NA,NA,4.0,0.0,2.0,Leasehold,1536 sqft,NA,NA
Property 2298,A nice property,74 Lac,7436887,Kolkata,2098 sqft,Under Construction,8,Under Construction,Unfurnished,East,Park,Society 25,1.0,0.0,3.0,Freehold,2233 sqft,NA,NA
Property 2299,A nice property,58 Lac,5897059,Hyderabad,4787 sqft,Resale,1,Under Construction,Furnished,North,Park,Society 34,4.0,3.0,1.0,Freehold,3465 sqft,NA,NA
Property 2300,A nice property,25 Lac,2535583,Indore,2895 sqft,Ready,11,Ready to Move,Semi-Furnished,West,Park,Society 32,,3.0,1.0,Leasehold,4969 sqft,NA,NA
Property 2301,A nice property,58 Lac,5803207,Chennai,3859 sqft,Resale,Ground,Under Construction,Unfurnished,West,Main Road,Society 3,3.0,3.0,1.0,Freehold,1487 sqft,NA,1897 sqft
Property 2302,A nice property,36 Lac,3600110,Chandigarh,2419 sqft,Under Construction,8,Ready to Move,Unfurnished,North,Park,Society 48,5.0,2.0,2.0,Freehold,1770 sqft,NA,1244 sqft
Property 2303,A nice property,22 Lac,2208620,Jaipur,1650 sqft,Ready,7,Under Construction,Furnished,North,Park,Society 41,4.0,,,Leasehold,5290 sqft,NA,2326 sqft
Property 2304,A nice property,77 Lac,7761596,Chennai,1043 sqft,Ready,12,Ready to Move,Semi-Furnished,North,Main Road,Society 4,3.0,,1.0,Leasehold,4508 sqft,NA,3346 sqft
Property 2305,A nice property,2.1 Cr,20608262,Mumbai,4906 sqft,Under Construction,Ground,Under Construction,Semi-Furnished,East,Main Road,NA,3.0,,2.0,Leasehold,3922 sqft,NA,2405 sqft
Property 2306,A nice property,68 Lac,6847831,Indore,4066 sqft,Under Construction,1,Ready to Move,Furnished,South,Park,Society 26,,2.0,,Leasehold,3996 sqft,NA,1837 sqft
Property 2307,A nice property,70 Lac,7042634,Lucknow,4518 sqft,Ready,Ground,Under Construction,Furnished,East,Main Road,Society 26,2.0,3.0,0.0,Freehold,2526 sqft,NA,NA
Property 2308,A nice property,39 Lac,3922684,Ghaziabad,866 sqft,Under Construction,Ground,Ready to Move,Semi-Furnished,East,Main Road,NA,5.0,1.0,,Leasehold,2878 sqft,NA,3241 sqft
Property 2309,A nice property,64 Lac,6449042,Kolkata,4716 sqft,Under Construction,2,Ready to Move,Semi-Furnished,South,NA,Society 4,2.0,3.0,,Freehold,757 sqft,NA,NA
Property 2310,A nice property,32 Lac,3218574,Chennai,3444 sqft,Ready,10,Ready to Move,Semi-Furnished,North,Main Road,Society 39,1.0,1.0,3.0,Leasehold,2798 sqft,NA,4485 sqft
Property 2311,A nice property,25 Lac,2580907,Ludhiana,3825 sqft,Ready,11,Under Construction,Furnished,East,NA,Society 14,5.0,3.0,0.0,Freehold,1554 sqft,NA,3514 sqft
Property 2312,A nice property,43 Lac,4310181,Bhopal,2031 sqft,Resale,13,Ready to Move,Furnished,West,Park,Society 44,4.0,2.0,,Leasehold,5802 sqft,NA,NA
Property 2313,A nice property,46 Lac,4633770,Surat,4345 sqft,Resale,6,Under Construction,Furnished,West,Park,Society 44,1.0,,3.0,Freehold,4323 sqft,NA,1166 sqft
Property 2314,A nice property,31 Lac,3110112,Kochi,1586 sqft,Resale,Ground,Ready to Move,Furnished,East,NA,Society 41,3.0,3.0,,Leasehold,2766 sqft,NA,4200 sqft
Property 2315,A nice property,65 Lac,6573681,Indore,4845 sqft,Under Construction,4,Ready to Move,Semi-Furnished,West,NA,NA,5.0,,1.0,Freehold,2840 sqft,NA,938 sqft
Property 2316,A nice property,1.2 Cr,12395486,Delhi,4368 sqft,Resale,5,Ready to Move,Furnished,West,Park,Society 10,5.0,3.0,2.0,Leasehold,4530 sqft,NA,856 sqft
Property 2317,A nice property,63 Lac,6357408,Bhopal,3185 sqft,Resale,14,Ready to Move,Furnished,West,Park,Society 28,5.0,0.0,3.0,Leasehold,4184 sqft,NA,1366 sqft
Property 2318,A nice property,1.4 Cr,13781219,Hyderabad,668 sqft,Under Construction,22,Under Construction,Semi-Furnished,West,NA,Society 7,3.0,0.0,0.0,Leasehold,3494 sqft,NA,NA
Property 2319,A nice property,70 Lac,7054111,Chennai,696 sqft,Under Construction,17,Ready to Move,Furnished,North,Park,NA,5.0,0.0,0.0,Freehold,2191 sqft,NA,4244 sqft
Property 2320,A nice property,1.0 Cr,10152566,Pune,2326 sqft,Under Construction,16,Ready to Move,Unfurnished,East,Park,Society 36,5.0,1.0,0.0,Freehold,1757 sqft,NA,NA
Property 2321,A nice property,31 Lac,3132097,Visakhapatnam,3708 sqft,Resale,9,Ready to Move,Furnished,West,NA,Society 29,4.0,1.0,1.0,Leasehold,3185 sqft,NA,4044 sqft
Property 2322,A nice property,62 Lac,6238878,Indore,1425 sqft,Resale,24,Under Construction,Furnished,East,Main Road,NA,3.0,0.0,,Freehold,3984 sqft,NA,3267 sqft
Property 2323,A nice property,68 Lac,6834238,Ahmedabad,3265 sqft,Ready,3,Ready to Move,Furnished,South,NA,NA,2.0,0.0,3.0,Leasehold,5704 sqft,NA,2245 sqft
Property 2324,A nice property,1.6 Cr,15870777,Mumbai,3562 sqft,Resale,10,Ready to Move,Furnished,North,NA,Society 7,,2.0,2.0,Freehold,3985 sqft,NA,1547 sqft
Property 2325,A nice property,20 Lac,2062454,Jaipur,2727 sqft,Resale,12,Under Construction,Furnished,East,Park,Society 18,2.0,3.0,,Leasehold,4927 sqft,NA,2508 sqft
Property 2326,A nice property,73 Lac,7383417,Bhopal,2133 sqft,Under Construction,8,Under Construction,Furnished,East,Park,Society 7,5.0,2.0,2.0,Leasehold,3412 sqft,NA,NA
Property 2327,A nice property,35 Lac,3569454,Ahmedabad,2753 sqft,Under Construction,24,Under Construction,Semi-Furnished,West,Main Road,Society 11,4.0,3.0,0.0,Freehold,1640 sqft,NA,1322 sqft
Property 2328,A nice property,66 Lac,6634667,Chandigarh,2542 sqft,Resale,Ground,Ready to Move,Furnished,East,Main Road,NA,,1.0,1.0,Leasehold,4076 sqft,NA,2718 sqft
Property 2329,A nice property,44 Lac,4406673,Jaipur,2806 sqft,Ready,3,Under Construction,Unfurnished,West,NA,NA,2.0,2.0,,Freehold,5555 sqft,NA,3588 sqft
Property 2330,A nice property,24 Lac,2473183,Indore,4461 sqft,Resale,Ground,Ready to Move,Unfurnished,West,Main Road,Society 36,2.0,3.0,2.0,Freehold,2158 sqft,NA,3172 sqft
Property 2331,A nice property,50 Lac,5025086,Lucknow,3410 sqft,Under Construction,1,Under Construction,Unfurnished,East,NA,NA,2.0,,0.0,Leasehold,1245 sqft,NA,1586 sqft
Property 2332,A nice property,32 Lac,3212223,Ghaziabad,3597 sqft,Ready,15,Under Construction,Semi-Furnished,North,Main Road,Society 12,4.0,,,Leasehold,4604 sqft,NA,NA
Property 2333,A nice property,26 Lac,2626777,Ghaziabad,2106 sqft,Ready,Ground,Under Construction,Semi-Furnished,West,Main Road,NA,3.0,3.0,2.0,Freehold,3736 sqft,NA,4814 sqft
Property 2334,A nice property,2.5 Cr,24859707,Mumbai,4685 sqft,Resale,4,Under Construction,Semi-Furnished,East,Park,Society 13,4.0,2.0,,Freehold,1291 sqft,NA,2601 sqft
Property 2335,A nice property,50 Lac,5012967,Jaipur,4072 sqft,Resale,19,Under Construction,Semi-Furnished,East,Park,Society 5,4.0,1.0,2.0,Leasehold,4479 sqft,NA,2777 sqft
Property 2336,A nice property,23 Lac,2397073,Nagpur,2324 sqft,Ready,17,Under Construction,Furnished,South,Main Road,Society 44,2.0,3.0,2.0,Freehold,1554 sqft,NA,NA
Property 2337,A nice property,46 Lac,4687865,Ahmedabad,4033 sqft,Under Construction,Ground,Under Construction,Semi-Furnished,South,NA,Society 8,5.0,1.0,3.0,Freehold,2727 sqft,NA,3381 sqft
Property 2338,A nice property,1.2 Cr,12431123,Bangalore,3649 sqft,Ready,10,Under Construction,Semi-Furnished,North,Main Road,Society 41,3.0,3.0,1.0,Freehold,3743 sqft,NA,1701 sqft
Property 2339,A nice property,48 Lac,4875555,Hyderabad,3590 sqft,Under Construction,21,Ready to Move,Furnished,West,Park,Society 27,2.0,0.0,3.0,Leasehold,1876 sqft,NA,951 sqft
Property 2340,A nice property,66 Lac,6694542,Chandigarh,3881 sqft,Resale,17,Under Construction,Semi-Furnished,South,Main Road,Society 16,4.0,2.0,2.0,Leasehold,5852 sqft,NA,2553 sqft
Property 2341,A nice property,35 Lac,3592015,Lucknow,2890 sqft,Ready,5,Under Construction,Unfurnished,South,NA,Society 44,2.0,3.0,,Leasehold,5233 sqft,NA,NA
Property 2342,A nice property,28 Lac,2896197,Chennai,4292 sqft,Under Construction,12,Ready to Move,Furnished,East,Park,Society 6,5.0,3.0,0.0,Freehold,3133 sqft,NA,1528 sqft
Property 2343,A nice property,67 Lac,6789527,Bhopal,2073 sqft,Under Construction,15,Ready to Move,Semi-Furnished,East,Main Road,Society 45,4.0,1.0,3.0,Freehold,3384 sqft,NA,4168 sqft
Property 2344,A nice property,28 Lac,2804864,Kochi,1674 sqft,Ready,Ground,Under Construction,Semi-Furnished,West,Park,Society 16,2.0,1.0,2.0,Freehold,2834 sqft,NA,NA
Property 2345,A nice property,32 Lac,3256358,Lucknow,2472 sqft,Under Construction,25,Ready to Move,Unfurnished,West,NA,Society 39,4.0,2.0,2.0,Leasehold,5962 sqft,NA,2606 sqft
Property 2346,A nice property,1.5 Cr,14949010,Hyderabad,1418 sqft,Ready,3,Ready to Move,Unfurnished,South,Park,NA,1.0,3.0,2.0,Freehold,4421 sqft,NA,2653 sqft
Property 2347,A nice property,54 Lac,5425857,Lucknow,2811 sqft,Resale,6,Ready to Move,Furnished,South,Main Road,Society 38,5.0,0.0,0.0,Freehold,938 sqft,NA,NA
Property 2348,A nice property,24 Lac,2447749,Nagpur,2531 sqft,Resale,19,Under Construction,Unfurnished,West,Main Road,Society 42,2.0,1.0,,Leasehold,5829 sqft,NA,2822 sqft
Property 2349,A nice property,42 Lac,4203467,Ludhiana,4140 sqft,Ready,5,Under Construction,Unfurnished,East,Main Road,Society 31,3.0,3.0,,Freehold,3379 sqft,NA,2999 sqft
Property 2350,A nice property,78 Lac,7886237,Ahmedabad,3720 sqft,Resale,4,Ready to Move,Unfurnished,East,NA,NA,3.0,0.0,,Freehold,758 sqft,NA,3474 sqft
Property 2351,A nice property,65 Lac,6582716,Ahmedabad,2206 sqft,Resale,8,Ready to Move,Semi-Furnished,North,Park,NA,3.0,0.0,0.0,Leasehold,5825 sqft,NA,4733 sqft
Property 2352,A nice property,94 Lac,9437212,Pune,1794 sqft,Ready,15,Under Construction,Unfurnished,North,NA,Society 6,2.0,3.0,3.0,Freehold,888 sqft,NA,2895 sqft
Property 2353,A nice property,64 Lac,6431635,Visakhapatnam,1825 sqft,Under Construction,1,Ready to Move,Unfurnished,West,Main Road,Society 46,2.0,,0.0,Leasehold,3603 sqft,NA,NA
Property 2354,A nice property,1.1 Cr,10563855,Pune,4474 sqft,Ready,17,Under Construction,Furnished,East,Main Road,NA,4.0,2.0,3.0,Leasehold,4301 sqft,NA,1602 sqft
Property 2355,A nice property,47 Lac,4734257,Chandigarh,679 sqft,Ready,9,Under Construction,Furnished,East,Main Road,NA,1.0,3.0,,Leasehold,2828 sqft,NA,NA
Property 2356,A nice property,42 Lac,4209932,Ludhiana,2046 sqft,Ready,18,Ready to Move,Furnished,South,Park,Society 1,,1.0,0.0,Leasehold,3424 sqft,NA,4684 sqft
Property 2357,A nice property,71 Lac,7144397,Nagpur,4053 sqft,Resale,14,Under Construction,Semi-Furnished,North,NA,Society 28,3.0,3.0,,Leasehold,5013 sqft,NA,3726 sqft
Property 2358,A nice property,66 Lac,6627341,Surat,4692 sqft,Under Construction,13,Under Construction,Semi-Furnished,North,Main Road,Society 36,5.0,2.0,3.0,Leasehold,1056 sqft,NA,3105 sqft
Property 2359,A nice property,25 Lac,2570106,Vadodara,1701 sqft,Resale,17,Under Construction,Furnished,West,Main Road,Society 2,1.0,,1.0,Freehold,4670 sqft,NA,NA
Property 2360,A nice property,65 Lac,6596361,Visakhapatnam,4835 sqft,Resale,15,Under Construction,Semi-Furnished,South,Park,Society 43,4.0,2.0,0.0,Leasehold,4107 sqft,NA,NA
Property 2361,A nice property,42 Lac,4280207,Vadodara,4974 sqft,Ready,4,Ready to Move,Semi-Furnished,South,Park,Society 39,2.0,3.0,0.0,Freehold,4136 sqft,NA,703 sqft
Property 2362,A nice property,42 Lac,4284554,Kolkata,3186 sqft,Resale,13,Ready to Move,Furnished,North,NA,Society 12,3.0,3.0,2.0,Freehold,3259 sqft,NA,1173 sqft
Property 2363,A nice property,21 Lac,2129616,Ahmedabad,4586 sqft,Under Construction,14,Ready to Move,Semi-Furnished,South,Park,Society 1,4.0,3.0,3.0,Leasehold,5080 sqft,NA,2906 sqft
Property 2364,A nice property,69 Lac,6984812,Ludhiana,3057 sqft,Ready,7,Under Construction,Semi-Furnished,South,Main Road,Society 6,1.0,0.0,3.0,Leasehold,4465 sqft,NA,2446 sqft
Property 2365,A nice property,2.0 Cr,19661429,Delhi,2655 sqft,Under Construction,20,Ready to Move,Unfurnished,East,NA,Society 50,2.0,,0.0,Freehold,4940 sqft,NA,NA
Property 2366,A nice property,40 Lac,4028468,Kochi,990 sqft,Under Construction,20,Under Construction,Unfurnished,South,NA,Society 6,1.0,1.0,,Freehold,3142 sqft,NA,4078 sqft
Property 2367,A nice property,65 Lac,6560159,Chandigarh,3863 sqft,Resale,14,Under Construction,Unfurnished,West,Main Road,Society 42,2.0,3.0,,Leasehold,1642 sqft,NA,NA
Property 2368,A nice property,55 Lac,5589226,Kochi,1410 sqft,Resale,2,Ready to Move,Furnished,West,NA,Society 17,3.0,0.0,2.0,Freehold,2550 sqft,NA,4589 sqft
Property 2369,A nice property,49 Lac,4962930,Nagpur,1938 sqft,Resale,4,Ready to Move,Semi-Furnished,West,Main Road,Society 27,4.0,2.0,1.0,Freehold,5169 sqft,NA,4816 sqft
Property 2370,A nice property,1.0 Cr,10164895,Delhi,1091 sqft,Ready,2,Under Construction,Furnished,West,Main Road,Society 10,2.0,1.0,0.0,Freehold,2745 sqft,NA,2258 sqft
Property 2371,A nice property,58 Lac,5850838,Ghaziabad,2365 sqft,Resale,Ground,Ready to Move,Unfurnished,East,NA,Society 23,4.0,1.0,3.0,Freehold,1674 sqft,NA,4462 sqft
Property 2372,A nice property,51 Lac,5164068,Hyderabad,2683 sqft,Under Construction,8,Under Construction,Semi-Furnished,West,Main Road,Society 8,4.0,3.0,1.0,Freehold,2164 sqft,NA,NA
Property 2373,A nice property,1.6 Cr,16438879,Bangalore,4503 sqft,Under Construction,4,Under Construction,Unfurnished,South,NA,Society 30,3.0,1.0,0.0,Freehold,4436 sqft,NA,4115 sqft
Property 2374,A nice property,35 Lac,3566546,Vadodara,1388 sqft,Ready,20,Ready to Move,Semi-Furnished,East,Park,Society 6,4.0,,,Leasehold,4269 sqft,NA,NA
Property 2375,A nice property,61 Lac,6190777,Kochi,4285 sqft,Resale,13,Under Construction,Semi-Furnished,North,Park,Society 29,5.0,2.0,1.0,Leasehold,1080 sqft,NA,NA
Property 2376,A nice property,73 Lac,7381011,Kolkata,3341 sqft,Under Construction,4,Under Construction,Semi-Furnished,West,Park,Society 8,1.0,0.0,1.0,Leasehold,4758 sqft,NA,1741 sqft
Property 2377,A nice property,24 Lac,2431541,Ghaziabad,2728 sqft,Under Construction,23,Ready to Move,Unfurnished,North,Park,Society 44,5.0,2.0,0.0,Leasehold,5089 sqft,NA,1446 sqft
Property 2378,A nice property,77 Lac,7765767,Vadodara,3557 sqft,Under Construction,7,Under Construction,Semi-Furnished,North,NA,Society 27,3.0,3.0,2.0,Freehold,2624 sqft,NA,3099 sqft
Property 2379,A nice property,97 Lac,9753849,Pune,3551 sqft,Under Construction,7,Ready to Move,Semi-Furnished,North,Main Road,Society 28,4.0,2.0,3.0,Leasehold,2309 sqft,NA,NA
Property 2380,A nice property,41 Lac,4126408,Chennai,2711 sqft,Ready,10,Under Construction,Unfurnished,South,Main Road,Society 23,4.0,2.0,2.0,Leasehold,3568 sqft,NA,NA
Property 2381,A nice property,62 Lac,6281109,Indore,3419 sqft,Under Construction,10,Under Construction,Semi-Furnished,East,Main Road,Society 9,3.0,1.0,3.0,Leasehold,5669 sqft,NA,2167 sqft
Property 2382,A nice property,58 Lac,5836602,Kochi,762 sqft,Under Construction,4,Under Construction,Semi-Furnished,North,NA,Society 49,1.0,0.0,,Leasehold,3044 sqft,NA,NA
Property 2383,A nice property,45 Lac,4567360,Chandigarh,3973 sqft,Under Construction,23,Under Construction,Unfurnished,North,Main Road,Society 50,3.0,3.0,1.0,Leasehold,5129 sqft,NA,2753 sqft
Property 2384,A nice property,1.3 Cr,12883346,Hyderabad,1593 sqft,Under Construction,24,Ready to Move,Semi-Furnished,East,NA,Society 15,3.0,1.0,,Freehold,2145 sqft,NA,NA
Property 2385,A nice property,59 Lac,5958794,Kolkata,3476 sqft,Under Construction,23,Under Construction,Unfurnished,East,Main Road,Society 24,4.0,2.0,0.0,Freehold,5919 sqft,NA,4389 sqft
Property 2386,A nice property,23 Lac,2309817,Ghaziabad,2229 sqft,Resale,11,Ready to Move,Semi-Furnished,West,Park,Society 14,2.0,,2.0,Leasehold,1744 sqft,NA,2380 sqft
Property 2387,A nice property,48 Lac,4820689,Visakhapatnam,2029 sqft,Ready,6,Under Construction,Semi-Furnished,North,Main Road,Society 13,2.0,1.0,,Leasehold,2798 sqft,NA,NA
Property 2388,A nice property,1.2 Cr,11695964,Delhi,2931 sqft,Ready,15,Ready to Move,Semi-Furnished,North,Main Road,Society 34,1.0,3.0,,Freehold,3668 sqft,NA,NA
Property 2389,A nice property,51 Lac,5192393,Kochi,3509 sqft,Resale,1,Ready to Move,Furnished,North,Main Road,Society 19,2.0,,,Freehold,1738 sqft,NA,NA
Property 2390,A nice property,32 Lac,3284928,Chandigarh,3263 sqft,Under Construction,14,Under Construction,Unfurnished,North,Main Road,Society 3,5.0,0.0,2.0,Freehold,3050 sqft,NA,2937 sqft
Property 2391,A nice property,97 Lac,9775522,Bangalore,4781 sqft,Resale,6,Ready to Move,Semi-Furnished,West,NA,NA,5.0,0.0,1.0,Freehold,5132 sqft,NA,NA
Property 2392,A nice property,22 Lac,2230257,Chandigarh,4593 sqft,Under Construction,Ground,Ready to Move,Semi-Furnished,West,Park,NA,4.0,3.0,2.0,Freehold,5097 sqft,NA,3330 sqft
Property 2393,A nice property,42 Lac,4293521,Pune,4261 sqft,Under Construction,Ground,Ready to Move,Unfurnished,West,Park,Society 46,,2.0,,Leasehold,1672 sqft,NA,4411 sqft
Property 2394,A nice property,51 Lac,5116549,Kochi,1242 sqft,Under Construction,25,Under Construction,Semi-Furnished,West,Main Road,Society 19,4.0,,1.0,Leasehold,3869 sqft,NA,925 sqft
Property 2395,A nice property,52 Lac,5292501,Surat,3721 sqft,Ready,Ground,Ready to Move,Unfurnished,South,Park,Society 5,2.0,1.0,3.0,Leasehold,826 sqft,NA,NA
Property 2396,A nice property,20 Lac,2056870,Chandigarh,2947 sqft,Resale,16,Ready to Move,Furnished,South,Park,Society 26,3.0,,1.0,Leasehold,2248 sqft,NA,2422 sqft
Property 2397,A nice property,69 Lac,6902406,Ghaziabad,4399 sqft,Under Construction,16,Ready to Move,Unfurnished,North,Park,Society 12,5.0,2.0,,Freehold,3686 sqft,NA,4510 sqft
Property 2398,A nice property,1.7 Cr,16883807,Bangalore,1786 sqft,Resale,Ground,Ready to Move,Semi-Furnished,South,Park,Society 14,3.0,2.0,2.0,Leasehold,2734 sqft,NA,NA
Property 2399,A nice property,45 Lac,4589839,Vadodara,1972 sqft,Under Construction,2,Ready to Move,Unfurnished,East,Park,Society 1,4.0,,2.0,Freehold,3233 sqft,NA,3554 sqft
Property 2400,A nice property,42 Lac,4283506,Chandigarh,3363 sqft,Ready,Ground,Ready to Move,Furnished,West,NA,Society 44,4.0,0.0,,Freehold,1583 sqft,NA,505 sqft
Property 2401,A nice property,72 Lac,7252498,Lucknow,4055 sqft,Resale,10,Under Construction,Semi-Furnished,North,Main Road,NA,5.0,1.0,0.0,Freehold,4691 sqft,NA,4837 sqft
Property 2402,A nice property,2.1 Cr,21131093,Mumbai,3915 sqft,Resale,Ground,Ready to Move,Furnished,East,NA,Society 27,2.0,1.0,2.0,Leasehold,4172 sqft,NA,4268 sqft
Property 2403,A nice property,29 Lac,2906521,Bhopal,1184 sqft,Ready,6,Under Construction,Semi-Furnished,West,Main Road,Society 44,,0.0,2.0,Freehold,3590 sqft,NA,4973 sqft
Property 2404,A nice property,50 Lac,5025866,Jaipur,1248 sqft,Ready,25,Ready to Move,Unfurnished,South,NA,Society 41,1.0,3.0,,Leasehold,3251 sqft,NA,NA
Property 2405,A nice property,83 Lac,8352766,Mumbai,1927 sqft,Ready,10,Ready to Move,Unfurnished,West,Main Road,Society 24,2.0,,,Freehold,4037 sqft,NA,NA
Property 2406,A nice property,28 Lac,2816958,Kolkata,3414 sqft,Under Construction,Ground,Under Construction,Unfurnished,East,Main Road,NA,1.0,0.0,2.0,Leasehold,1573 sqft,NA,NA
Property 2407,A nice property,31 Lac,3162060,Ghaziabad,2469 sqft,Under Construction,16,Under Construction,Unfurnished,South,NA,Society 8,2.0,1.0,,Freehold,2846 sqft,NA,NA
Property 2408,A nice property,1.9 Cr,19093758,Delhi,3168 sqft,Resale,18,Under Construction,Furnished,West,Park,Society 35,5.0,,1.0,Leasehold,1508 sqft,NA,1217 sqft
Property 2409,A nice property,1.7 Cr,17287504,Bangalore,3195 sqft,Under Construction,16,Under Construction,Unfurnished,North,Main Road,Society 14,4.0,0.0,0.0,Leasehold,1545 sqft,NA,2803 sqft
Property 2410,A nice property,38 Lac,3855304,Surat,2986 sqft,Ready,15,Under Construction,Unfurnished,South,NA,Society 27,2.0,0.0,2.0,Freehold,5981 sqft,NA,NA
Property 2411,A nice property,48 Lac,4806249,Nagpur,2791 sqft,Resale,12,Ready to Move,Furnished,North,Park,Society 2,4.0,1.0,1.0,Freehold,5440 sqft,NA,NA
Property 2412,A nice property,58 Lac,5883071,Delhi,3839 sqft,Under Construction,11,Under Construction,Semi-Furnished,South,NA,Society 25,1.0,2.0,0.0,Leasehold,1594 sqft,NA,1319 sqft
Property 2413,A nice property,54 Lac,5498467,Vadodara,2822 sqft,Ready,Ground,Ready to Move,Semi-Furnished,North,Main Road,Society 35,5.0,1.0,0.0,Freehold,967 sqft,NA,NA
Property 2414,A nice property,1.3 Cr,12622513,Bangalore,4244 sqft,Ready,20,Ready to Move,Unfurnished,South,Park,Society 25,1.0,1.0,3.0,Freehold,1517 sqft,NA,3339 sqft
Property 2415,A nice property,1.6 Cr,15542391,Delhi,3575 sqft,Under Construction,9,Under Construction,Furnished,East,Main Road,Society 31,,3.0,2.0,Freehold,3099 sqft,NA,NA
Property 2416,A nice property,51 Lac,5145516,Visakhapatnam,4867 sqft,Resale,24,Under Construction,Furnished,South,Park,Society 14,1.0,1.0,3.0,Freehold,4488 sqft,NA,4726 sqft
Property 2417,A nice property,1.2 Cr,12310724,Bangalore,4288 sqft,Under Construction,5,Ready to Move,Unfurnished,West,Park,Society 36,2.0,2.0,,Leasehold,2521 sqft,NA,NA
Property 2418,A nice property,56 Lac,5630298,Lucknow,3991 sqft,Under Construction,Ground,Under Construction,Unfurnished,East,NA,Society 15,3.0,3.0,1.0,Freehold,5354 sqft,NA,4823 sqft
Property 2419,A nice property,24 Lac,2463845,Surat,1970 sqft,Ready,Ground,Under Construction,Unfurnished,South,NA,NA,2.0,3.0,2.0,Leasehold,5950 sqft,NA,1316 sqft
Property 2420,A nice property,50 Lac,5020572,Chennai,2106 sqft,Resale,5,Under Construction,Semi-Furnished,West,Main Road,Society 15,4.0,,,Freehold,1351 sqft,NA,NA
Property 2421,A nice property,39 Lac,3988112,Pune,789 sqft,Under Construction,1,Ready to Move,Unfurnished,East,Main Road,Society 39,,1.0,2.0,Leasehold,5855 sqft,NA,2714 sqft
Property 2422,A nice property,49 Lac,4926845,Surat,1624 sqft,Resale,24,Ready to Move,Unfurnished,West,Park,Society 15,4.0,2.0,3.0,Freehold,2087 sqft,NA,1483 sqft
Property 2423,A nice property,71 Lac,7180589,Nagpur,2522 sqft,Resale,14,Under Construction,Unfurnished,North,Main Road,Society 15,5.0,0.0,3.0,Leasehold,5426 sqft,NA,2426 sqft
Property 2424,A nice property,21 Lac,2174651,Bhopal,2661 sqft,Ready,24,Under Construction,Semi-Furnished,West,Main Road,Society 6,1.0,0.0,2.0,Leasehold,4848 sqft,NA,516 sqft
Property 2425,A nice property,62 Lac,6289300,Chandigarh,1255 sqft,Ready,13,Ready to Move,Semi-Furnished,East,Main Road,Society 37,4.0,3.0,2.0,Leasehold,2627 sqft,NA,2054 sqft
Property 2426,A nice property,50 Lac,5026406,Bhopal,2325 sqft,Ready,9,Ready to Move,Furnished,South,Park,Society 48,4.0,0.0,3.0,Freehold,3267 sqft,NA,3114 sqft
Property 2427,A nice property,74 Lac,7401591,Bhopal,1967 sqft,Under Construction,Ground,Under Construction,Furnished,East,Park,Society 50,3.0,1.0,3.0,Freehold,4958 sqft,NA,3028 sqft
Property 2428,A nice property,1.1 Cr,11251399,Delhi,3852 sqft,Under Construction,15,Ready to Move,Furnished,East,Park,Society 39,5.0,1.0,,Freehold,2751 sqft,NA,2824 sqft
Property 2429,A nice property,78 Lac,7840428,Vadodara,1443 sqft,Resale,Ground,Under Construction,Semi-Furnished,South,Park,NA,3.0,1.0,2.0,Leasehold,3007 sqft,NA,4217 sqft
Property 2430,A nice property,1.1 Cr,11180070,Pune,1382 sqft,Under Construction,Ground,Under Construction,Furnished,East,Main Road,Society 31,4.0,0.0,,Freehold,5287 sqft,NA,NA
Property 2431,A nice property,55 Lac,5591993,Nagpur,1122 sqft,Ready,22,Ready to Move,Furnished,South,Park,Society 25,3.0,0.0,1.0,Freehold,767 sqft,NA,NA
Property 2432,A nice property,95 Lac,9533613,Hyderabad,4476 sqft,Under Construction,11,Under Construction,Unfurnished,North,Main Road,Society 15,3.0,0.0,,Leasehold,1511 sqft,NA,603 sqft
Property 2433,A nice property,60 Lac,6065959,Chennai,1040 sqft,Resale,14,Ready to Move,Unfurnished,South,Main Road,Society 3,1.0,2.0,3.0,Leasehold,1803 sqft,NA,2267 sqft
Property 2434,A nice property,65 Lac,6511616,Vadodara,815 sqft,Under Construction,Ground,Ready to Move,Unfurnished,East,Main Road,Society 4,3.0,1.0,2.0,Leasehold,4457 sqft,NA,1715 sqft
Property 2435,A nice property,68 Lac,6819152,Bhopal,3852 sqft,Under Construction,7,Ready to Move,Semi-Furnished,East,Park,Society 44,2.0,0.0,,Leasehold,4589 sqft,NA,2105 sqft
Property 2436,A nice property,37 Lac,3784763,Kochi,4892 sqft,Resale,17,Under Construction,Semi-Furnished,East,Main Road,NA,4.0,3.0,1.0,Freehold,1301 sqft,NA,NA
Property 2437,A nice property,1.1 Cr,11490934,Pune,1281 sqft,Resale,20,Ready to Move,Unfurnished,East,NA,NA,1.0,2.0,0.0,Leasehold,1809 sqft,NA,NA
Property 2438,A nice property,68 Lac,6806118,Ahmedabad,1451 sqft,Under Construction,15,Ready to Move,Unfurnished,North,Main Road,Society 11,3.0,2.0,0.0,Freehold,4324 sqft,NA,NA
Property 2439,A nice property,1.6 Cr,16343306,Mumbai,2750 sqft,Ready,12,Ready to Move,Furnished,North,Park,NA,3.0,3.0,3.0,Leasehold,4712 sqft,NA,700 sqft
Property 2440,A nice property,1.1 Cr,11228594,Mumbai,1872 sqft,Ready,1,Ready to Move,Unfurnished,West,Main Road,NA,5.0,0.0,3.0,Leasehold,1561 sqft,NA,1163 sqft
Property 2441,A nice property,70 Lac,7048605,Lucknow,1290 sqft,Ready,22,Ready to Move,Unfurnished,East,Main Road,Society 34,3.0,0.0,0.0,Freehold,3335 sqft,NA,4264 sqft
Property 2442,A nice property,45 Lac,4586901,Chandigarh,3793 sqft,Ready,22,Under Construction,Furnished,East,NA,NA,3.0,0.0,2.0,Freehold,3855 sqft,NA,3581 sqft
Property 2443,A nice property,60 Lac,6089562,Vadodara,3134 sqft,Under Construction,10,Under Construction,Unfurnished,East,Park,NA,3.0,0.0,,Freehold,4811 sqft,NA,1595 sqft
Property 2444,A nice property,42 Lac,4236003,Surat,2478 sqft,Under Construction,22,Under Construction,Unfurnished,East,Park,NA,1.0,,,Leasehold,3469 sqft,NA,2362 sqft
Property 2445,A nice property,38 Lac,3893742,Vadodara,2626 sqft,Resale,16,Ready to Move,Unfurnished,West,Park,Society 50,5.0,1.0,2.0,Freehold,2294 sqft,NA,4725 sqft
Property 2446,A nice property,58 Lac,5872761,Bhopal,2927 sqft,Resale,10,Under Construction,Semi-Furnished,East,Park,Society 26,5.0,2.0,,Freehold,5628 sqft,NA,4579 sqft
Property 2447,A nice property,32 Lac,3274772,Ahmedabad,4230 sqft,Under Construction,2,Ready to Move,Semi-Furnished,South,Park,Society 31,1.0,0.0,1.0,Leasehold,736 sqft,NA,NA
Property 2448,A nice property,67 Lac,6755925,Ahmedabad,1635 sqft,Ready,19,Ready to Move,Unfurnished,South,Park,Society 29,3.0,1.0,2.0,Freehold,5538 sqft,NA,2584 sqft
Property 2449,A nice property,69 Lac,6979267,Chandigarh,1675 sqft,Resale,16,Ready to Move,Semi-Furnished,North,Park,Society 47,,,1.0,Freehold,1487 sqft,NA,2458 sqft
Property 2450,A nice property,23 Lac,2349528,Nagpur,4915 sqft,Resale,14,Under Construction,Furnished,North,Park,Society 47,,3.0,0.0,Freehold,4393 sqft,NA,NA
Property 2451,A nice property,66 Lac,6699326,Pune,1997 sqft,Under Construction,1,Ready to Move,Semi-Furnished,South,Main Road,Society 17,2.0,1.0,1.0,Freehold,3008 sqft,NA,NA
Property 2452,A nice property,47 Lac,4731384,Jaipur,834 sqft,Under Construction,5,Ready to Move,Furnished,South,Park,Society 31,,0.0,1.0,Leasehold,2923 sqft,NA,NA
Property 2453,A nice property,32 Lac,3278475,Kolkata,887 sqft,Ready,10,Under Construction,Furnished,South,Park,Society 38,3.0,3.0,3.0,Freehold,4693 sqft,NA,1608 sqft
Property 2454,A nice property,53 Lac,5386621,Hyderabad,3523 sqft,Under Construction,17,Ready to Move,Unfurnished,West,Main Road,Society 40,3.0,2.0,0.0,Leasehold,5368 sqft,NA,1868 sqft
Property 2455,A nice property,1.8 Cr,17641812,Bangalore,3264 sqft,Resale,25,Ready to Move,Furnished,East,Park,Society 21,1.0,0.0,,Freehold,2767 sqft,NA,4921 sqft
Property 2456,A nice property,67 Lac,6752325,Surat,4500 sqft,Resale,3,Under Construction,Semi-Furnished,West,Main Road,NA,1.0,,2.0,Freehold,814 sqft,NA,NA
Property 2457,A nice property,52 Lac,5251460,Ludhiana,4427 sqft,Ready,5,Ready to Move,Unfurnished,North,Park,Society 7,2.0,2.0,,Leasehold,5010 sqft,NA,1139 sqft
Property 2458,A nice property,86 Lac,8613344,Mumbai,2831 sqft,Ready,Ground,Under Construction,Unfurnished,West,Main Road,Society 8,4.0,2.0,3.0,Freehold,716 sqft,NA,2984 sqft
Property 2459,A nice property,69 Lac,6970164,Ahmedabad,4244 sqft,Ready,19,Ready to Move,Semi-Furnished,West,NA,Society 27,3.0,3.0,,Freehold,2275 sqft,NA,NA
Property 2460,A nice property,30 Lac,3046474,Kolkata,1706 sqft,Under Construction,Ground,Ready to Move,Furnished,West,NA,Society 27,1.0,2.0,0.0,Leasehold,935 sqft,NA,4621 sqft
Property 2461,A nice property,54 Lac,5451417,Delhi,2050 sqft,Under Construction,2,Under Construction,Semi-Furnished,South,Park,Society 48,5.0,1.0,0.0,Freehold,5106 sqft,NA,NA
Property 2462,A nice property,63 Lac,6316690,Hyderabad,4340 sqft,Ready,12,Ready to Move,Unfurnished,South,Park,NA,1.0,3.0,1.0,Leasehold,5575 sqft,NA,4356 sqft
Property 2463,A nice property,58 Lac,5821590,Ludhiana,4163 sqft,Resale,22,Ready to Move,Furnished,East,Park,Society 43,3.0,2.0,,Leasehold,2010 sqft,NA,NA
Property 2464,A nice property,1.3 Cr,13089838,Bangalore,4888 sqft,Resale,14,Ready to Move,Furnished,South,Main Road,NA,2.0,,,Leasehold,2064 sqft,NA,NA
Property 2465,A nice property,42 Lac,4281616,Chandigarh,4972 sqft,Under Construction,4,Under Construction,Furnished,West,Park,Society 1,1.0,0.0,0.0,Leasehold,5338 sqft,NA,3448 sqft
Property 2466,A nice property,61 Lac,6169892,Ludhiana,3136 sqft,Resale,Ground,Under Construction,Unfurnished,South,NA,Society 32,3.0,3.0,2.0,Freehold,5903 sqft,NA,805 sqft
Property 2467,A nice property,71 Lac,7195314,Bangalore,3444 sqft,Under Construction,Ground,Ready to Move,Semi-Furnished,North,Main Road,Society 44,3.0,1.0,1.0,Leasehold,1066 sqft,NA,1131 sqft
Property 2468,A nice property,45 Lac,4587730,Ahmedabad,4545 sqft,Resale,6,Under Construction,Furnished,South,Main Road,Society 46,,3.0,1.0,Freehold,3996 sqft,NA,4927 sqft
Property 2469,A nice property,91 Lac,9142236,Bangalore,2460 sqft,Under Construction,22,Ready to Move,Unfurnished,West,Park,Society 16,5.0,1.0,0.0,Freehold,2841 sqft,NA,1237 sqft
Property 2470,A nice property,41 Lac,4106919,Bhopal,1333 sqft,Under Construction,Ground,Ready to Move,Furnished,South,Main Road,NA,4.0,3.0,,Freehold,1493 sqft,NA,NA
Property 2471,A nice property,76 Lac,7667144,Chandigarh,4219 sqft,Resale,Ground,Ready to Move,Semi-Furnished,North,NA,Society 7,1.0,3.0,3.0,Freehold,5656 sqft,NA,4538 sqft
Property 2472,A nice property,74 Lac,7472017,Ahmedabad,3122 sqft,Resale,25,Under Construction,Unfurnished,West,Park,NA,1.0,2.0,,Leasehold,5760 sqft,NA,3423 sqft
Property 2473,A nice property,39 Lac,3911578,Vadodara,3596 sqft,Under Construction,5,Ready to Move,Semi-Furnished,East,Main Road,Society 24,1.0,0.0,,Leasehold,3887 sqft,NA,3823 sqft
Property 2474,A nice property,34 Lac,3412112,Kolkata,3976 sqft,Resale,7,Ready to Move,Semi-Furnished,North,NA,Society 29,1.0,,1.0,Leasehold,3368 sqft,NA,961 sqft
Property 2475,A nice property,73 Lac,7353245,Bangalore,2728 sqft,Ready,3,Under Construction,Furnished,North,Main Road,Society 48,2.0,1.0,2.0,Leasehold,5253 sqft,NA,NA
Property 2476,A nice property,51 Lac,5189645,Pune,1875 sqft,Under Construction,21,Under Construction,Unfurnished,North,Park,Society 27,5.0,2.0,3.0,Freehold,3120 sqft,NA,NA
Property 2477,A nice property,26 Lac,2623019,Kochi,3086 sqft,Resale,6,Under Construction,Furnished,West,Park,NA,5.0,0.0,,Freehold,969 sqft,NA,3550 sqft
Property 2478,A nice property,73 Lac,7304501,Lucknow,686 sqft,Resale,14,Under Construction,Semi-Furnished,South,Park,Society 39,,,,Freehold,1966 sqft,NA,670 sqft
Property 2479,A nice property,68 Lac,6872835,Ahmedabad,600 sqft,Resale,17,Ready to Move,Semi-Furnished,North,Park,Society 32,,,0.0,Freehold,5328 sqft,NA,NA
Property 2480,A nice property,24 Lac,2412569,Ghaziabad,4887 sqft,Ready,11,Ready to Move,Semi-Furnished,East,Park,Society 33,4.0,,2.0,Freehold,2707 sqft,NA,3693 sqft
Property 2481,A nice property,30 Lac,3096974,Indore,1716 sqft,Under Construction,22,Under Construction,Furnished,East,Main Road,NA,3.0,1.0,,Leasehold,4505 sqft,NA,1535 sqft
Property 2482,A nice property,56 Lac,5664605,Ghaziabad,3417 sqft,Ready,15,Ready to Move,Semi-Furnished,South,Main Road,Society 14,,3.0,1.0,Freehold,4147 sqft,NA,3686 sqft
Property 2483,A nice property,74 Lac,7436110,Ludhiana,2949 sqft,Resale,15,Under Construction,Semi-Furnished,North,Park,Society 45,2.0,3.0,3.0,Leasehold,2762 sqft,NA,4361 sqft
Property 2484,A nice property,54 Lac,5494117,Indore,4443 sqft,Ready,14,Ready to Move,Furnished,West,Park,Society 42,3.0,2.0,,Freehold,3337 sqft,NA,700 sqft
Property 2485,A nice property,76 Lac,7651739,Ahmedabad,4983 sqft,Ready,18,Ready to Move,Furnished,South,NA,Society 38,1.0,2.0,3.0,Freehold,1738 sqft,NA,NA
Property 2486,A nice property,31 Lac,3121207,Lucknow,668 sqft,Under Construction,25,Under Construction,Semi-Furnished,East,Main Road,NA,,0.0,3.0,Leasehold,4107 sqft,NA,3661 sqft
Property 2487,A nice property,74 Lac,7435162,Pune,4629 sqft,Under Construction,25,Ready to Move,Semi-Furnished,South,Park,Society 11,1.0,2.0,1.0,Leasehold,5942 sqft,NA,NA
Property 2488,A nice property,60 Lac,6068151,Kochi,4508 sqft,Resale,10,Under Construction,Unfurnished,East,Park,Society 8,1.0,0.0,0.0,Leasehold,3313 sqft,NA,NA
Property 2489,A nice property,57 Lac,5775024,Ahmedabad,3054 sqft,Ready,19,Ready to Move,Semi-Furnished,South,Park,Society 42,3.0,2.0,2.0,Leasehold,5247 sqft,NA,3057 sqft
Property 2490,A nice property,36 Lac,3611841,Surat,674 sqft,Under Construction,5,Under Construction,Furnished,East,Park,Society 32,2.0,1.0,0.0,Leasehold,4408 sqft,NA,4389 sqft
Property 2491,A nice property,73 Lac,7304973,Lucknow,4126 sqft,Ready,19,Ready to Move,Semi-Furnished,South,NA,NA,5.0,2.0,1.0,Freehold,1760 sqft,NA,NA
Property 2492,A nice property,66 Lac,6632318,Jaipur,2999 sqft,Ready,Ground,Under Construction,Unfurnished,East,NA,Society 23,4.0,2.0,,Freehold,4998 sqft,NA,2712 sqft
Property 2493,A nice property,78 Lac,7829840,Bangalore,2494 sqft,Under Construction,13,Ready to Move,Unfurnished,North,Park,NA,,3.0,3.0,Freehold,816 sqft,NA,NA
Property 2494,A nice property,38 Lac,3838846,Vadodara,659 sqft,Under Construction,22,Ready to Move,Semi-Furnished,North,Main Road,Society 11,5.0,2.0,2.0,Freehold,2081 sqft,NA,1246 sqft
Property 2495,A nice property,40 Lac,4091519,Ghaziabad,3660 sqft,Under Construction,25,Under Construction,Unfurnished,North,NA,NA,2.0,0.0,3.0,Freehold,2649 sqft,NA,NA
Property 2496,A nice property,20 Lac,2062377,Chennai,2144 sqft,Resale,Ground,Under Construction,Furnished,North,Park,Society 45,4.0,3.0,,Leasehold,5206 sqft,NA,3499 sqft
Property 2497,A nice property,71 Lac,7134427,Surat,3972 sqft,Under Construction,2,Ready to Move,Unfurnished,West,NA,NA,1.0,2.0,2.0,Leasehold,3852 sqft,NA,3681 sqft
Property 2498,A nice property,65 Lac,6506707,Vadodara,4180 sqft,Ready,9,Under Construction,Unfurnished,West,Park,Society 16,2.0,,,Leasehold,3323 sqft,NA,888 sqft
Property 2499,A nice property,40 Lac,4041508,Visakhapatnam,3833 sqft,Under Construction,Ground,Under Construction,Unfurnished,West,Park,NA,2.0,1.0,,Freehold,4138 sqft,NA,NA
